NIM;Nama;Program Studi;Jalur Masuk;Asal Sekolah;Tahun_PMB;IPS Semester 1;Jumlah sks Semester Semester 1;IPK Semester 1;Jumlah sks Total Semester 1;IPS Semester 2;Jumlah sks Semester Semester 2;IPK Semester 2;Jumlah sks Total Semester 2;Target
1914101110001;651;20;8;184;0;0.0;20.35910878112713;3.443432379287743;0.0;3.92;15.0;3.92;15.0;1
1914101110002;1149;20;8;184;0;0.0;20.35910878112713;3.443432379287743;0.0;4.0;15.0;4.0;15.0;1
1914101110003;1898;20;8;184;0;0.0;20.35910878112713;3.443432379287743;0.0;4.0;15.0;4.0;15.0;1
1914101110004;2841;20;8;184;3;0.0;20.35910878112713;3.443432379287743;0.0;3.96;15.0;3.96;15.0;1
1914101110005;3395;20;8;184;0;0.0;20.35910878112713;3.443432379287743;0.0;4.0;15.0;4.0;15.0;1
1914101110006;4022;20;8;184;0;0.0;20.35910878112713;3.443432379287743;0.0;4.0;15.0;4.0;15.0;1
1914101110007;230;20;8;184;0;0.0;20.35910878112713;3.443432379287743;0.0;4.0;15.0;4.0;15.0;1
1914101110008;478;20;8;184;0;0.0;20.35910878112713;3.443432379287743;0.0;3.96;15.0;3.96;15.0;1
1914101110009;538;20;8;184;0;0.0;20.35910878112713;3.443432379287743;0.0;3.94;15.0;3.94;15.0;1
1914101110010;745;20;8;184;0;0.0;20.35910878112713;3.443432379287743;0.0;4.0;15.0;4.0;15.0;1
1914101110011;1596;20;8;184;0;0.0;20.35910878112713;3.443432379287743;0.0;4.0;15.0;4.0;15.0;1
1914101110012;2357;20;8;184;0;0.0;20.35910878112713;3.443432379287743;0.0;3.96;15.0;3.96;15.0;1
1914101110013;2970;20;8;184;0;0.0;20.35910878112713;3.443432379287743;0.0;4.0;15.0;4.0;15.0;1
1914201110001;39;11;2;184;1;3.61;22.0;3.61;22.0;3.54;22.0;3.58;44.0;1
1914201110002;50;11;8;184;1;3.2;22.0;3.2;22.0;2.97;22.0;3.09;44.0;1
1914201110003;95;11;8;184;1;3.1;22.0;3.1;22.0;3.06;22.0;3.08;44.0;1
1914201110004;112;11;8;184;1;3.32;22.0;3.32;22.0;3.64;22.0;3.48;44.0;1
1914201110005;134;11;4;184;1;3.26;22.0;3.26;22.0;3.21;22.0;3.24;44.0;1
1914201110006;194;11;3;184;1;3.23;22.0;3.23;22.0;3.15;22.0;3.19;44.0;1
1914201110007;324;11;8;184;1;3.3;22.0;3.3;22.0;3.01;22.0;3.15;44.0;1
1914201110008;325;11;10;184;1;3.64;22.0;3.64;22.0;3.73;22.0;3.68;44.0;1
1914201110009;369;11;4;184;1;3.22;22.0;3.22;22.0;3.16;22.0;3.19;44.0;1
1914201110010;565;11;4;184;1;3.77;22.0;3.77;22.0;3.92;22.0;3.84;44.0;1
1914201110011;608;11;8;184;1;3.15;22.0;3.15;22.0;3.25;22.0;3.2;44.0;1
1914201110012;706;11;2;184;1;3.18;22.0;3.18;22.0;3.06;22.0;3.12;44.0;1
1914201110013;712;11;8;184;1;3.4;22.0;3.4;22.0;3.57;22.0;3.48;44.0;1
1914201110014;801;11;8;184;1;3.79;22.0;3.79;22.0;3.95;22.0;3.87;44.0;1
1914201110015;914;11;5;184;1;3.5;22.0;3.5;22.0;3.53;22.0;3.51;44.0;1
1914201110016;951;11;4;184;1;3.14;22.0;3.14;22.0;3.84;22.0;3.49;44.0;1
1914201110017;1010;11;4;184;1;3.37;22.0;3.37;22.0;3.22;22.0;3.29;44.0;1
1914201110018;1093;11;4;184;1;3.77;22.0;3.77;22.0;3.49;22.0;3.63;44.0;1
1914201110019;1200;11;10;184;1;2.79;22.0;2.79;22.0;3.57;22.0;3.18;44.0;1
1914201110021;1212;11;4;184;1;3.31;22.0;3.31;22.0;3.27;22.0;3.29;44.0;1
1914201110022;1231;11;4;184;1;3.5;22.0;3.5;22.0;3.65;22.0;3.58;44.0;1
1914201110023;1415;11;2;184;1;3.39;22.0;3.39;22.0;3.18;22.0;3.29;44.0;1
1914201110024;1481;11;8;184;1;3.14;22.0;3.14;22.0;3.03;22.0;3.08;44.0;1
1914201110025;1482;11;2;184;1;3.25;22.0;3.25;22.0;3.63;22.0;3.44;44.0;1
1914201110026;1551;11;5;184;1;1.24;22.0;1.24;22.0;0.0;0.0;1.24;22.0;0
1914201110027;1700;11;10;184;1;3.72;22.0;3.72;22.0;3.89;22.0;3.8;44.0;1
1914201110028;1702;11;8;184;1;3.56;22.0;3.56;22.0;3.69;22.0;3.63;44.0;1
1914201110029;1712;11;10;184;1;3.31;22.0;3.31;22.0;3.34;22.0;3.33;44.0;1
1914201110030;1757;11;4;184;1;3.2;22.0;3.2;22.0;3.22;22.0;3.21;44.0;1
1914201110031;1799;11;8;184;1;3.56;22.0;3.56;22.0;3.63;22.0;3.59;44.0;1
1914201110032;2400;11;4;184;1;0.09;22.0;0.09;22.0;0.0;0.0;0.09;22.0;0
1914201110033;1929;11;4;184;1;3.2;22.0;3.2;22.0;3.06;22.0;3.13;44.0;1
1914201110034;2024;11;2;184;1;3.49;22.0;3.49;22.0;3.36;22.0;3.43;44.0;1
1914201110035;2168;11;2;184;1;3.37;22.0;3.37;22.0;3.08;22.0;3.23;44.0;1
1914201110036;2169;11;10;184;1;3.53;22.0;3.53;22.0;3.47;22.0;3.5;44.0;1
1914201110037;2242;11;2;184;1;3.27;22.0;3.27;22.0;3.38;22.0;3.33;44.0;1
1914201110038;2349;11;2;184;1;3.75;22.0;3.75;22.0;3.85;22.0;3.8;44.0;1
1914201110039;2485;11;5;184;1;3.23;22.0;3.23;22.0;3.28;22.0;3.25;44.0;1
1914201110040;2592;11;8;184;1;3.42;22.0;3.42;22.0;3.17;22.0;3.29;44.0;1
1914201110041;2727;11;4;184;1;3.15;22.0;3.15;22.0;3.55;22.0;3.35;44.0;1
1914201110042;2823;11;8;184;3;3.88;22.0;3.88;22.0;3.75;22.0;3.82;44.0;1
1914201110043;2877;11;8;184;1;3.04;22.0;3.04;22.0;2.95;22.0;2.99;44.0;1
1914201110044;2987;11;10;184;1;3.29;22.0;3.29;22.0;2.96;22.0;3.13;44.0;1
1914201110045;2913;11;10;184;1;3.74;22.0;3.74;22.0;3.03;22.0;3.38;44.0;1
1914201110046;2933;11;2;184;1;3.31;22.0;3.31;22.0;3.85;22.0;3.58;44.0;1
1914201110047;2995;11;2;184;1;2.86;22.0;2.86;22.0;3.01;22.0;2.94;44.0;1
1914201110048;3015;11;8;184;1;3.01;22.0;3.01;22.0;3.29;22.0;3.15;44.0;1
1914201110049;3029;11;8;184;1;3.26;22.0;3.26;22.0;3.8;22.0;3.53;44.0;1
1914201110050;3124;11;4;184;1;2.94;22.0;2.94;22.0;2.89;22.0;2.91;44.0;1
1914201110051;3175;11;4;184;1;3.42;22.0;3.42;22.0;3.92;22.0;3.67;44.0;1
1914201110052;3198;11;10;184;1;3.66;22.0;3.66;22.0;3.42;22.0;3.54;44.0;1
1914201110053;3216;11;8;184;1;3.27;22.0;3.27;22.0;3.65;22.0;3.46;44.0;1
1914201110054;3299;11;8;184;1;3.46;22.0;3.46;22.0;3.8;22.0;3.63;44.0;1
1914201110055;3365;11;4;184;1;3.85;22.0;3.85;22.0;3.84;22.0;3.85;44.0;1
1914201110056;3406;11;8;184;1;3.28;22.0;3.28;22.0;3.57;22.0;3.43;44.0;1
1914201110057;3507;11;10;184;1;3.41;22.0;3.41;22.0;3.65;22.0;3.53;44.0;1
1914201110058;3604;11;10;184;1;3.23;22.0;3.23;22.0;3.14;22.0;3.18;44.0;1
1914201110059;3609;11;8;184;1;2.95;22.0;2.95;22.0;3.01;22.0;2.98;44.0;1
1914201110060;3637;11;4;184;1;3.61;22.0;3.61;22.0;3.63;22.0;3.62;44.0;1
1914201110061;3704;11;10;184;1;3.07;22.0;3.07;22.0;3.11;22.0;3.09;44.0;1
1914201110062;3826;11;10;184;1;3.8;22.0;3.8;22.0;3.84;22.0;3.82;44.0;1
1914201110063;3935;11;8;184;1;3.39;22.0;3.39;22.0;3.56;22.0;3.47;44.0;1
1914201110064;4131;11;8;184;1;3.14;22.0;3.14;22.0;3.12;22.0;3.13;44.0;1
1914201110065;4155;11;8;184;1;3.62;22.0;3.62;22.0;3.83;22.0;3.73;44.0;1
1914201110066;4181;11;10;184;1;0.9;22.0;0.9;22.0;1.81;22.0;1.35;44.0;0
1914201110067;4309;11;4;184;1;3.6;22.0;3.6;22.0;3.23;22.0;3.41;44.0;1
1914201110068;1842;11;2;184;1;3.57;22.0;3.57;22.0;3.48;22.0;3.52;44.0;1
1914201110127;640;11;5;184;1;3.03;22.0;3.03;22.0;3.14;22.0;3.08;44.0;1
1914201110128;2654;11;10;184;1;3.17;22.0;3.17;22.0;3.37;22.0;3.27;44.0;1
1914201210084;22;11;4;184;1;3.04;24.0;3.38;109.0;3.05;23.0;3.05;132.0;1
1914201210085;103;11;4;184;1;3.23;24.0;3.5;109.0;3.53;23.0;3.38;132.0;1
1914201210086;109;11;2;184;1;3.1;24.0;3.11;109.0;3.26;23.0;3.18;132.0;1
1914201210087;211;11;8;184;1;2.85;24.0;3.2;109.0;3.13;23.0;2.99;132.0;1
1914201210088;270;11;8;184;1;2.91;24.0;3.14;109.0;3.23;23.0;3.06;132.0;1
1914201210089;422;11;8;184;1;2.94;24.0;3.31;109.0;3.05;23.0;3.0;132.0;1
1914201210090;746;11;4;184;1;2.88;24.0;3.14;109.0;3.09;23.0;2.99;132.0;1
1914201210091;903;11;3;184;1;2.77;24.0;3.04;109.0;3.0;23.0;2.88;132.0;1
1914201210092;993;11;8;184;1;2.83;24.0;3.17;109.0;3.07;23.0;2.95;132.0;1
1914201210093;1118;11;10;184;1;2.88;24.0;3.17;109.0;3.09;23.0;2.98;132.0;1
1914201210094;1174;11;4;184;1;3.06;24.0;3.36;109.0;3.31;23.0;3.18;132.0;1
1914201210095;1318;11;8;184;1;2.57;24.0;3.24;109.0;3.05;23.0;2.8;132.0;1
1914201210096;1343;11;8;184;1;3.15;24.0;3.42;109.0;3.31;23.0;3.23;132.0;1
1914201210097;1730;11;2;184;1;2.9;24.0;3.24;109.0;3.2;23.0;3.05;132.0;1
1914201210098;1793;11;8;184;1;2.8;24.0;3.04;109.0;3.06;23.0;2.93;132.0;1
1914201210099;2350;11;8;184;1;2.8;24.0;3.26;109.0;3.03;23.0;2.91;132.0;1
1914201210100;1939;11;8;184;1;3.03;24.0;3.01;109.0;3.4;23.0;3.21;132.0;1
1914201210101;2213;11;2;184;1;3.15;24.0;3.56;109.0;0.0;23.0;1.61;132.0;0
1914201210102;2251;11;8;184;1;3.3;24.0;3.57;109.0;3.83;23.0;3.56;132.0;1
1914201210103;2261;11;8;184;1;2.88;24.0;3.41;109.0;3.06;23.0;2.97;132.0;1
1914201210104;2299;11;5;184;1;2.62;24.0;3.41;109.0;3.19;23.0;2.9;132.0;1
1914201210105;2366;11;4;184;1;2.92;24.0;3.17;109.0;3.16;23.0;3.03;132.0;1
1914201210106;2674;11;4;184;1;2.85;24.0;3.04;109.0;3.05;23.0;2.95;132.0;1
1914201210107;2734;11;4;184;1;3.3;24.0;3.46;109.0;3.75;23.0;3.52;132.0;1
1914201210108;2757;11;10;184;1;2.88;24.0;3.51;109.0;3.46;23.0;3.16;132.0;1
1914201210109;2769;11;4;184;1;2.26;24.0;2.86;109.0;3.07;23.0;2.66;132.0;0
1914201210110;2786;11;8;184;1;2.83;24.0;2.93;109.0;3.32;23.0;3.07;132.0;1
1914201210111;2880;11;2;184;1;1.98;24.0;3.03;109.0;3.0;23.0;2.48;132.0;0
1914201210112;2983;11;8;184;1;2.8;24.0;3.2;109.0;3.0;23.0;2.9;132.0;1
1914201210113;3026;11;2;184;1;3.2;24.0;3.04;109.0;3.41;23.0;3.3;132.0;1
1914201210114;3094;11;5;184;1;2.91;24.0;3.5;109.0;3.55;23.0;3.22;132.0;1
1914201210115;3162;11;2;184;1;2.93;24.0;3.34;109.0;3.24;23.0;3.09;132.0;1
1914201210116;3261;11;8;184;1;2.8;24.0;3.37;109.0;3.0;23.0;2.9;132.0;1
1914201210117;3541;11;10;184;1;2.89;24.0;3.3;109.0;3.43;23.0;3.16;132.0;1
1914201210118;3560;11;4;184;1;2.8;24.0;3.12;109.0;3.07;23.0;2.93;132.0;1
1914201210119;3707;11;8;184;1;3.07;24.0;3.36;109.0;3.13;23.0;3.1;132.0;1
1914201210120;3749;11;4;184;1;3.33;24.0;3.31;109.0;3.62;23.0;3.47;132.0;1
1914201210121;3945;11;4;184;1;2.88;24.0;3.17;109.0;3.13;23.0;3.0;132.0;1
1914201210122;4048;11;2;184;1;2.88;24.0;3.29;109.0;3.15;23.0;3.01;132.0;1
1914201210123;4172;11;2;184;1;1.92;24.0;3.05;109.0;3.0;23.0;2.45;132.0;0
1914201210124;4252;11;8;184;1;2.83;24.0;3.03;109.0;3.05;23.0;2.94;132.0;1
1914201210125;1334;11;2;184;1;2.79;24.0;3.16;109.0;3.1;23.0;2.94;132.0;1
1914201210126;2865;11;10;184;1;2.8;24.0;3.05;109.0;3.13;23.0;2.96;132.0;1
1914201210130;2670;11;5;184;1;2.97;24.0;3.36;109.0;3.49;23.0;3.22;132.0;1
1914201210131;893;11;8;184;1;2.15;24.0;3.27;109.0;3.27;23.0;2.7;132.0;0
1914201210132;2401;11;4;184;1;1.95;24.0;2.78;109.0;3.0;23.0;2.46;132.0;0
1914201210133;3155;11;8;184;1;2.16;24.0;3.48;109.0;3.25;23.0;2.69;132.0;0
1914201210134;2876;11;8;184;1;1.76;24.0;3.13;109.0;3.33;23.0;2.53;132.0;0
1914201310069;434;11;4;184;1;3.85;22.0;3.85;22.0;3.92;22.0;3.88;44.0;1
1914201310070;471;11;10;184;1;3.53;22.0;3.53;22.0;3.78;22.0;3.66;44.0;1
1914201310072;916;11;2;184;1;3.75;22.0;3.75;22.0;3.92;22.0;3.83;44.0;1
1914201310073;1054;11;8;184;1;3.15;22.0;3.15;22.0;3.4;22.0;3.27;44.0;1
1914201310074;2454;11;10;184;1;3.57;22.0;3.57;22.0;3.76;22.0;3.67;44.0;1
1914201310075;1923;11;8;184;1;3.77;22.0;3.77;22.0;3.92;22.0;3.84;44.0;1
1914201310076;1960;11;8;184;1;3.51;22.0;3.51;22.0;3.75;22.0;3.63;44.0;1
1914201310077;2321;11;2;184;1;3.41;22.0;3.41;22.0;2.84;22.0;3.13;44.0;1
1914201310078;2537;11;10;184;1;3.19;22.0;3.19;22.0;3.05;22.0;3.12;44.0;1
1914201310080;3032;11;8;184;1;3.3;22.0;3.3;22.0;3.51;22.0;3.41;44.0;1
1914201310081;3041;11;4;184;1;3.51;22.0;3.51;22.0;3.44;22.0;3.48;44.0;1
1914201310082;3660;11;4;184;1;3.5;22.0;3.5;22.0;3.69;22.0;3.6;44.0;1
1914201310083;4249;11;8;184;1;3.69;22.0;3.69;22.0;3.73;22.0;3.71;44.0;1
1914201310129;1811;11;10;184;1;0.23;22.0;0.23;22.0;0.0;0.0;0.23;22.0;0
1914401110001;136;2;4;184;1;3.78;19.0;3.78;19.0;3.85;22.0;3.82;41.0;1
1914401110002;206;2;8;184;1;2.49;19.0;2.49;19.0;3.2;22.0;2.87;41.0;1
1914401110004;398;2;10;184;1;3.2;19.0;3.2;19.0;3.86;22.0;3.56;41.0;1
1914401110005;657;2;2;184;1;3.14;19.0;3.14;19.0;3.53;22.0;3.35;41.0;1
1914401110006;1068;2;4;184;1;3.69;19.0;3.69;19.0;3.96;22.0;3.84;41.0;1
1914401110007;1397;2;8;184;1;3.06;19.0;3.06;19.0;3.37;22.0;3.23;41.0;1
1914401110008;1739;2;8;184;1;3.65;19.0;3.65;19.0;3.87;22.0;3.77;41.0;1
1914401110009;2239;2;8;184;1;3.46;19.0;3.46;19.0;3.64;22.0;3.56;41.0;1
1914401110010;1888;2;8;184;1;3.38;19.0;3.38;19.0;3.77;22.0;3.59;41.0;1
1914401110011;2089;2;10;184;1;3.11;19.0;3.11;19.0;3.28;22.0;3.2;41.0;1
1914401110012;2206;2;10;184;1;2.81;19.0;2.81;19.0;3.23;22.0;3.04;41.0;1
1914401110013;2445;2;10;184;1;3.13;19.0;3.13;19.0;3.19;22.0;3.16;41.0;1
1914401110014;2535;2;5;184;1;3.14;19.0;3.14;19.0;3.68;22.0;3.43;41.0;1
1914401110016;2885;2;4;184;1;3.53;19.0;3.53;19.0;3.77;22.0;3.66;41.0;1
1914401110017;2944;2;4;184;1;3.18;19.0;3.18;19.0;3.33;22.0;3.26;41.0;1
1914401110018;2988;2;10;184;1;3.33;19.0;3.33;19.0;3.76;22.0;3.56;41.0;1
1914401110019;3258;2;8;184;1;3.25;19.0;3.25;19.0;3.7;22.0;3.49;41.0;1
1914401110020;3410;2;4;184;1;3.57;19.0;3.57;19.0;3.81;22.0;3.7;41.0;1
1914401110021;3420;2;8;184;1;3.57;19.0;3.57;19.0;3.68;22.0;3.63;41.0;1
1914401110022;3515;2;10;184;1;2.69;19.0;2.69;19.0;3.19;22.0;2.96;41.0;1
1914401110023;3612;2;8;184;1;3.18;19.0;3.18;19.0;3.75;22.0;3.49;41.0;1
1914901110001;46;6;8;184;0;3.82;18.0;3.82;18.0;3.82;18.0;3.82;36.0;1
1914901110002;65;6;8;184;0;3.57;18.0;3.57;18.0;3.88;18.0;3.73;36.0;1
1914901110003;75;6;8;184;0;3.75;18.0;3.75;18.0;3.92;18.0;3.83;36.0;1
1914901110004;86;6;8;184;0;3.75;18.0;3.75;18.0;3.93;18.0;3.84;36.0;1
1914901110005;180;6;8;184;0;3.88;18.0;3.88;18.0;3.82;18.0;3.85;36.0;1
1914901110006;347;6;8;184;0;3.88;18.0;3.88;18.0;3.87;18.0;3.88;36.0;1
1914901110007;349;6;8;184;0;3.75;18.0;3.75;18.0;3.82;18.0;3.78;36.0;1
1914901110008;368;6;8;184;0;3.75;18.0;3.75;18.0;3.85;18.0;3.8;36.0;1
1914901110009;405;6;8;184;0;3.63;18.0;3.63;18.0;3.85;18.0;3.74;36.0;1
1914901110010;467;6;15;20;5;3.75;18.0;3.75;18.0;3.82;18.0;3.78;36.0;1
1914901110011;497;6;8;184;0;3.41;18.0;3.41;18.0;3.68;18.0;3.55;36.0;1
1914901110012;583;6;8;184;0;3.82;18.0;3.82;18.0;3.78;18.0;3.8;36.0;1
1914901110013;602;6;8;184;0;3.82;18.0;3.82;18.0;3.78;18.0;3.8;36.0;1
1914901110014;629;6;8;184;0;3.63;18.0;3.63;18.0;3.7;18.0;3.67;36.0;1
1914901110015;642;6;8;184;0;4.0;18.0;4.0;18.0;3.87;18.0;3.93;36.0;1
1914901110016;696;6;8;184;0;3.82;18.0;3.82;18.0;3.85;18.0;3.83;36.0;1
1914901110017;780;6;8;184;0;3.75;18.0;3.75;18.0;3.88;18.0;3.82;36.0;1
1914901110019;851;6;8;184;0;3.75;18.0;3.75;18.0;3.78;18.0;3.77;36.0;1
1914901110020;875;6;8;184;0;3.75;18.0;3.75;18.0;3.85;18.0;3.8;36.0;1
1914901110021;964;6;8;184;0;3.75;18.0;3.75;18.0;4.0;18.0;3.88;36.0;1
1914901110022;986;6;8;184;0;3.68;18.0;3.68;18.0;3.82;18.0;3.75;36.0;1
1914901110023;1001;6;8;184;0;3.75;18.0;3.75;18.0;3.7;18.0;3.73;36.0;1
1914901110024;1032;6;8;184;0;3.75;18.0;3.75;18.0;3.75;18.0;3.75;36.0;1
1914901110025;1122;6;8;184;0;3.82;18.0;3.82;18.0;3.82;18.0;3.82;36.0;1
1914901110026;1453;6;8;184;0;3.75;18.0;3.75;18.0;3.78;18.0;3.77;36.0;1
1914901110027;1404;6;8;184;0;3.4;18.0;3.4;18.0;3.75;18.0;3.58;36.0;1
1914901110028;1465;6;8;184;0;3.93;18.0;3.93;18.0;3.9;18.0;3.92;36.0;1
1914901110029;1479;6;8;184;0;3.57;18.0;3.57;18.0;3.77;18.0;3.67;36.0;1
1914901110030;1496;6;8;184;0;3.75;18.0;3.75;18.0;3.88;18.0;3.82;36.0;1
1914901110031;1503;6;8;184;0;3.75;18.0;3.75;18.0;3.82;18.0;3.78;36.0;1
1914901110032;1677;6;8;184;0;3.7;18.0;3.7;18.0;3.78;18.0;3.74;36.0;1
1914901110033;1736;6;8;184;0;1.23;18.0;1.23;18.0;3.78;18.0;2.51;36.0;0
1914901110034;1753;6;8;184;0;3.75;18.0;3.75;18.0;3.85;18.0;3.8;36.0;1
1914901110035;1775;6;8;184;0;3.82;18.0;3.82;18.0;3.82;18.0;3.82;36.0;1
1914901110036;1942;6;8;184;4;3.7;18.0;3.7;18.0;3.78;18.0;3.74;36.0;1
1914901110037;1958;6;10;184;1;3.87;18.0;3.87;18.0;3.88;18.0;3.88;36.0;1
1914901110038;1991;6;8;184;0;3.75;18.0;3.75;18.0;3.82;18.0;3.78;36.0;1
1914901110039;2004;6;8;184;0;3.65;18.0;3.65;18.0;3.78;18.0;3.72;36.0;1
1914901110040;2048;6;8;184;0;3.75;18.0;3.75;18.0;3.88;18.0;3.82;36.0;1
1914901110041;2080;6;8;184;0;3.75;18.0;3.75;18.0;3.88;18.0;3.82;36.0;1
1914901110042;2084;6;8;184;0;3.75;18.0;3.75;18.0;3.82;18.0;3.78;36.0;1
1914901110043;2196;6;8;184;0;3.75;18.0;3.75;18.0;3.82;18.0;3.78;36.0;1
1914901110044;2244;6;8;184;0;4.0;18.0;4.0;18.0;3.87;18.0;3.93;36.0;1
1914901110045;2105;6;8;184;0;3.75;18.0;3.75;18.0;3.87;18.0;3.81;36.0;1
1914901110046;2444;6;13;184;4;3.82;18.0;3.82;18.0;3.83;18.0;3.83;36.0;1
1914901110047;2453;6;8;184;0;3.75;18.0;3.75;18.0;3.85;18.0;3.8;36.0;1
1914901110048;2468;6;8;184;0;3.32;18.0;3.32;18.0;3.78;18.0;3.55;36.0;1
1914901110049;2546;6;8;184;0;3.65;18.0;3.65;18.0;3.88;18.0;3.77;36.0;1
1914901110050;2596;6;8;184;0;3.75;18.0;3.75;18.0;3.85;18.0;3.8;36.0;1
1914901110051;2628;6;8;184;0;3.82;18.0;3.82;18.0;3.78;18.0;3.8;36.0;1
1914901110052;2848;6;8;184;0;4.0;18.0;4.0;18.0;3.85;18.0;3.93;36.0;1
1914901110053;2926;6;8;184;0;3.75;18.0;3.75;18.0;3.78;18.0;3.77;36.0;1
1914901110054;2931;6;2;184;1;3.75;18.0;3.75;18.0;3.95;18.0;3.85;36.0;1
1914901110055;2965;6;8;184;1;3.82;18.0;3.82;18.0;3.78;18.0;3.8;36.0;1
1914901110056;2968;6;8;184;0;3.75;18.0;3.75;18.0;3.85;18.0;3.8;36.0;1
1914901110057;2922;6;8;184;0;3.88;18.0;3.88;18.0;3.82;18.0;3.85;36.0;1
1914901110058;3190;6;8;184;0;3.75;18.0;3.75;18.0;3.78;18.0;3.71;36.0;1
1914901110059;3217;6;8;184;4;3.75;18.0;3.75;18.0;3.82;18.0;3.78;36.0;1
1914901110060;3227;6;8;184;0;3.65;18.0;3.65;18.0;2.38;18.0;3.01;36.0;1
1914901110061;3254;6;8;184;0;3.75;18.0;3.75;18.0;3.88;18.0;3.82;36.0;1
1914901110062;3362;6;8;184;0;1.33;18.0;1.33;18.0;3.82;18.0;2.58;36.0;0
1914901110063;3384;6;8;184;0;3.75;18.0;3.75;18.0;3.95;18.0;3.85;36.0;1
1914901110064;3399;6;8;184;0;3.77;18.0;3.77;18.0;3.78;18.0;3.78;36.0;1
1914901110065;3421;6;15;184;6;3.75;18.0;3.75;18.0;3.78;18.0;3.77;36.0;1
1914901110066;3422;6;8;184;0;3.75;18.0;3.75;18.0;3.85;18.0;3.8;36.0;1
1914901110067;3437;6;8;184;0;3.75;18.0;3.75;18.0;3.85;18.0;3.8;36.0;1
1914901110069;3476;6;8;184;0;3.88;18.0;3.88;18.0;3.88;18.0;3.88;36.0;1
1914901110070;3551;6;8;184;0;3.75;18.0;3.75;18.0;3.78;18.0;3.77;36.0;1
1914901110071;3571;6;8;184;4;3.75;18.0;3.75;18.0;3.82;18.0;3.78;36.0;1
1914901110072;3613;6;8;184;0;3.75;18.0;3.75;18.0;3.88;18.0;3.82;36.0;1
1914901110073;3639;6;8;184;0;3.75;18.0;3.75;18.0;3.82;18.0;3.78;36.0;1
1914901110074;3751;6;8;184;0;3.77;18.0;3.77;18.0;3.88;18.0;3.83;36.0;1
1914901110075;3770;6;8;184;0;3.88;18.0;3.88;18.0;3.82;18.0;3.85;36.0;1
1914901110076;3780;6;8;184;0;3.75;18.0;3.75;18.0;3.85;18.0;3.8;36.0;1
1914901110077;4116;6;8;184;0;3.82;18.0;3.82;18.0;3.82;18.0;3.82;36.0;1
1914901110078;4143;6;8;184;0;3.82;18.0;3.82;18.0;3.88;18.0;3.85;36.0;1
1914901110079;4235;6;8;184;0;3.75;18.0;3.75;18.0;3.85;18.0;3.8;36.0;1
1914901110080;4245;6;8;184;0;3.88;18.0;3.88;18.0;3.83;18.0;3.86;36.0;1
1914901110081;4257;6;8;184;0;3.75;18.0;3.75;18.0;3.92;18.0;3.83;36.0;1
1914901110082;4272;6;8;184;0;3.88;18.0;3.88;18.0;3.85;18.0;3.87;36.0;1
1914901110083;977;6;8;184;0;0.0;20.35910878112713;3.443432379287743;0.0;2.72;17.0;2.72;17.0;0
1914901110084;1409;6;8;184;0;0.0;20.35910878112713;3.443432379287743;0.0;2.78;17.0;3.63;17.0;1
1914901110085;1437;6;8;184;0;0.0;20.35910878112713;3.443432379287743;0.0;2.46;17.0;2.46;17.0;0
1914901110086;1649;6;8;184;1;0.0;20.35910878112713;3.443432379287743;0.0;2.83;17.0;2.83;17.0;1
1914901110087;1738;6;8;184;0;0.0;20.35910878112713;3.443432379287743;0.0;2.78;17.0;2.78;17.0;1
1914901110088;1964;6;8;184;0;0.0;20.35910878112713;3.443432379287743;0.0;2.72;17.0;2.72;17.0;0
1914901110089;2576;6;8;184;0;0.0;20.35910878112713;3.443432379287743;0.0;2.72;17.0;2.72;17.0;0
1914901110090;2855;6;8;184;0;0.0;20.35910878112713;3.443432379287743;0.0;2.83;17.0;2.83;17.0;1
1914901210091;88;6;8;184;0;0.0;20.35910878112713;3.443432379287743;0.0;3.52;17.0;3.52;17.0;1
1914901210092;219;6;8;184;0;0.0;20.35910878112713;3.443432379287743;0.0;3.7;17.0;3.7;17.0;1
1914901210093;219;6;8;184;0;0.0;20.35910878112713;3.443432379287743;0.0;3.65;17.0;3.65;17.0;1
1914901210094;301;6;8;184;0;0.0;20.35910878112713;3.443432379287743;0.0;3.47;17.0;3.47;17.0;1
1914901210095;318;6;8;184;3;0.0;20.35910878112713;3.443432379287743;0.0;3.59;17.0;3.59;17.0;1
1914901210096;350;6;8;184;0;0.0;20.35910878112713;3.443432379287743;0.0;3.65;17.0;3.65;17.0;1
1914901210097;418;6;8;184;0;0.0;20.35910878112713;3.443432379287743;0.0;3.72;17.0;3.72;17.0;1
1914901210098;429;6;8;184;0;0.0;20.35910878112713;3.443432379287743;0.0;3.77;17.0;3.77;17.0;1
1914901210099;461;6;8;184;0;0.0;20.35910878112713;3.443432379287743;0.0;3.77;17.0;3.77;17.0;1
1914901210100;556;6;13;140;5;0.0;20.35910878112713;3.443432379287743;0.0;3.72;17.0;3.72;17.0;1
1914901210101;816;6;8;184;0;0.0;20.35910878112713;3.443432379287743;0.0;3.72;17.0;3.72;17.0;1
1914901210102;823;6;8;184;0;0.0;20.35910878112713;3.443432379287743;0.0;3.65;17.0;3.65;17.0;1
1914901210103;866;6;8;184;0;0.0;20.35910878112713;3.443432379287743;0.0;3.84;17.0;3.84;17.0;1
1914901210104;947;6;8;184;0;0.0;20.35910878112713;3.443432379287743;0.0;3.72;17.0;3.72;17.0;1
1914901210105;1004;6;8;184;0;0.0;20.35910878112713;3.443432379287743;0.0;3.77;17.0;3.77;17.0;1
1914901210106;1006;6;8;184;0;0.0;20.35910878112713;3.443432379287743;0.0;3.77;17.0;3.77;17.0;1
1914901210107;1013;6;8;184;0;0.0;20.35910878112713;3.443432379287743;0.0;3.65;17.0;3.65;17.0;1
1914901210108;1018;6;8;184;0;0.0;20.35910878112713;3.443432379287743;0.0;3.7;17.0;3.7;17.0;1
1914901210109;1024;6;8;184;0;0.0;20.35910878112713;3.443432379287743;0.0;3.7;17.0;3.7;17.0;1
1914901210110;1115;6;8;184;0;0.0;20.35910878112713;3.443432379287743;0.0;3.59;17.0;3.59;17.0;1
1914901210111;1123;6;8;184;0;0.0;20.35910878112713;3.443432379287743;0.0;3.7;17.0;3.7;17.0;1
1914901210112;1273;6;8;184;0;0.0;20.35910878112713;3.443432379287743;0.0;3.52;17.0;3.52;17.0;1
1914901210113;1358;6;8;184;0;0.0;20.35910878112713;3.443432379287743;0.0;3.75;17.0;3.75;17.0;1
1914901210114;1386;6;8;184;0;0.0;20.35910878112713;3.443432379287743;0.0;3.52;17.0;3.52;17.0;1
1914901210115;1493;6;8;184;0;0.0;20.35910878112713;3.443432379287743;0.0;3.88;17.0;3.88;17.0;1
1914901210116;1535;6;8;184;0;0.0;20.35910878112713;3.443432379287743;0.0;3.75;17.0;3.75;17.0;1
1914901210117;1542;6;8;184;0;0.0;20.35910878112713;3.443432379287743;0.0;3.7;17.0;3.7;17.0;1
1914901210118;1844;6;8;184;0;0.0;20.35910878112713;3.443432379287743;0.0;3.68;17.0;3.68;17.0;1
1914901210119;1886;6;8;184;0;0.0;20.35910878112713;3.443432379287743;0.0;3.65;17.0;3.65;17.0;1
1914901210120;1908;6;8;15;5;0.0;20.35910878112713;3.443432379287743;0.0;3.58;17.0;3.58;17.0;1
1914901210121;1909;6;8;184;4;0.0;20.35910878112713;3.443432379287743;0.0;3.58;17.0;3.58;17.0;1
1914901210122;1945;6;8;184;0;0.0;20.35910878112713;3.443432379287743;0.0;3.88;17.0;3.88;17.0;1
1914901210123;2051;6;8;184;0;0.0;20.35910878112713;3.443432379287743;0.0;3.7;17.0;3.7;17.0;1
1914901210124;2063;6;8;184;0;0.0;20.35910878112713;3.443432379287743;0.0;3.65;17.0;3.65;17.0;1
1914901210125;2159;6;8;184;0;0.0;20.35910878112713;3.443432379287743;0.0;3.59;17.0;3.59;17.0;1
1914901210126;2176;6;8;184;0;0.0;20.35910878112713;3.443432379287743;0.0;3.77;17.0;3.77;17.0;1
1914901210127;2347;6;8;184;0;0.0;20.35910878112713;3.443432379287743;0.0;3.72;17.0;3.72;17.0;1
1914901210128;2394;6;8;184;0;0.0;20.35910878112713;3.443432379287743;0.0;3.72;17.0;3.72;17.0;1
1914901210129;2404;6;8;184;0;0.0;20.35910878112713;3.443432379287743;0.0;3.65;17.0;3.65;17.0;1
1914901210130;2483;6;8;184;0;0.0;20.35910878112713;3.443432379287743;0.0;3.72;17.0;3.72;17.0;1
1914901210131;2488;6;8;184;0;0.0;20.35910878112713;3.443432379287743;0.0;3.59;17.0;3.59;17.0;1
1914901210132;2556;6;8;184;0;0.0;20.35910878112713;3.443432379287743;0.0;3.7;17.0;3.7;17.0;1
1914901210133;2701;6;8;184;0;0.0;20.35910878112713;3.443432379287743;0.0;3.7;17.0;3.7;17.0;1
1914901210134;2833;6;8;184;0;0.0;20.35910878112713;3.443432379287743;0.0;3.52;17.0;3.52;17.0;1
1914901210135;2840;6;8;184;0;0.0;20.35910878112713;3.443432379287743;0.0;3.58;17.0;3.58;17.0;1
1914901210136;2977;6;0;184;6;0.0;20.35910878112713;3.443432379287743;0.0;3.59;17.0;3.59;17.0;1
1914901210137;3011;6;8;184;0;0.0;20.35910878112713;3.443432379287743;0.0;3.47;17.0;3.47;17.0;1
1914901210138;3053;6;8;184;0;0.0;20.35910878112713;3.443432379287743;0.0;3.65;17.0;3.65;17.0;1
1914901210139;3101;6;8;184;0;0.0;20.35910878112713;3.443432379287743;0.0;3.7;17.0;3.7;17.0;1
1914901210140;3178;6;8;184;0;0.0;20.35910878112713;3.443432379287743;0.0;3.59;17.0;3.59;17.0;1
1914901210141;3203;6;8;184;0;0.0;20.35910878112713;3.443432379287743;0.0;3.47;17.0;3.47;17.0;1
1914901210142;3327;6;8;184;0;0.0;20.35910878112713;3.443432379287743;0.0;3.58;17.0;3.58;17.0;1
1914901210143;3334;6;8;184;0;0.0;20.35910878112713;3.443432379287743;0.0;3.77;17.0;3.77;17.0;1
1914901210144;3349;6;8;184;0;0.0;20.35910878112713;3.443432379287743;0.0;3.77;17.0;3.77;17.0;1
1914901210145;3393;6;8;184;0;0.0;20.35910878112713;3.443432379287743;0.0;3.84;17.0;3.84;17.0;1
1914901210146;3417;6;8;184;0;0.0;20.35910878112713;3.443432379287743;0.0;3.48;17.0;3.48;17.0;1
1914901210147;3423;6;8;184;0;0.0;20.35910878112713;3.443432379287743;0.0;3.72;17.0;3.72;17.0;1
1914901210148;3431;6;8;184;0;0.0;20.35910878112713;3.443432379287743;0.0;3.72;17.0;3.72;17.0;1
1914901210149;3518;6;8;184;0;0.0;20.35910878112713;3.443432379287743;0.0;3.58;17.0;3.58;17.0;1
1914901210150;3534;6;8;184;0;0.0;20.35910878112713;3.443432379287743;0.0;3.52;17.0;3.52;17.0;1
1914901210151;3569;6;8;184;0;0.0;20.35910878112713;3.443432379287743;0.0;3.59;17.0;3.59;17.0;1
1914901210152;3620;6;8;184;0;0.0;20.35910878112713;3.443432379287743;0.0;3.58;17.0;3.58;17.0;1
1914901210153;3742;6;8;184;0;0.0;20.35910878112713;3.443432379287743;0.0;3.7;17.0;3.7;17.0;1
1914901210154;3849;6;8;184;0;0.0;20.35910878112713;3.443432379287743;0.0;3.65;17.0;3.65;17.0;1
1914901210156;3870;6;8;184;6;0.0;20.35910878112713;3.443432379287743;0.0;3.63;17.0;3.63;17.0;1
1914901210157;3878;6;8;184;0;0.0;20.35910878112713;3.443432379287743;0.0;3.63;17.0;3.63;17.0;1
1914901210158;3881;6;8;184;0;0.0;20.35910878112713;3.443432379287743;0.0;3.51;17.0;3.51;17.0;1
1914901210159;3966;6;8;184;0;0.0;20.35910878112713;3.443432379287743;0.0;3.63;17.0;3.63;17.0;1
1914901210161;4102;6;8;184;0;0.0;20.35910878112713;3.443432379287743;0.0;3.58;17.0;3.58;17.0;1
1914901210162;4115;6;8;184;0;0.0;20.35910878112713;3.443432379287743;0.0;3.72;17.0;3.72;17.0;1
1914901210163;4241;6;8;184;0;0.0;20.35910878112713;3.443432379287743;0.0;3.63;17.0;3.63;17.0;1
1915401110001;2693;1;4;184;1;3.24;20.0;3.24;20.0;3.55;19.0;3.39;39.0;1
1915401110002;57;1;8;184;1;3.62;20.0;3.62;20.0;3.91;19.0;3.76;39.0;1
1915401110003;72;1;4;184;1;3.46;20.0;3.46;20.0;3.62;19.0;3.54;39.0;1
1915401110004;326;1;4;184;1;3.05;20.0;3.05;20.0;3.21;19.0;3.13;39.0;1
1915401110005;386;1;10;184;1;2.86;20.0;2.86;20.0;3.19;19.0;3.02;39.0;1
1915401110006;387;1;4;184;1;2.96;20.0;2.96;20.0;2.07;19.0;2.53;39.0;0
1915401110007;838;1;2;184;1;3.25;20.0;3.25;20.0;3.31;19.0;3.28;39.0;1
1915401110008;941;1;2;184;1;2.95;20.0;2.95;20.0;3.31;19.0;3.12;39.0;1
1915401110009;1102;1;2;184;1;3.18;20.0;3.18;20.0;3.52;19.0;3.35;39.0;1
1915401110010;1247;1;10;184;1;3.09;20.0;3.09;20.0;3.26;19.0;3.17;39.0;1
1915401110011;1303;1;8;184;1;2.92;20.0;2.92;20.0;3.18;19.0;3.05;39.0;1
1915401110012;1567;1;10;184;1;2.95;20.0;2.95;20.0;3.15;19.0;3.05;39.0;1
1915401110014;1685;1;4;184;1;3.03;20.0;3.03;20.0;3.12;19.0;3.07;39.0;1
1915401110015;1704;1;8;184;1;3.4;20.0;3.4;20.0;3.64;19.0;3.52;39.0;1
1915401110016;1709;1;4;184;1;2.93;20.0;2.93;20.0;3.33;19.0;3.13;39.0;1
1915401110017;1959;1;4;184;1;3.06;20.0;3.06;20.0;3.23;19.0;3.14;39.0;1
1915401110018;1980;1;10;184;1;3.13;20.0;3.13;20.0;3.26;19.0;3.19;39.0;1
1915401110019;2776;1;4;184;1;2.92;20.0;2.92;20.0;3.04;19.0;2.98;39.0;1
1915401110020;2932;1;10;184;1;3.61;20.0;3.61;20.0;3.56;19.0;3.59;39.0;1
1915401110021;3469;1;8;184;1;3.28;20.0;3.28;20.0;3.41;19.0;3.34;39.0;1
1915401110022;3703;1;10;184;1;3.05;20.0;3.05;20.0;3.3;19.0;3.17;39.0;1
1915401110023;3756;1;8;184;1;3.01;20.0;3.01;20.0;3.48;19.0;3.24;39.0;1
1915401110024;3900;1;10;184;1;3.28;20.0;3.28;20.0;3.48;19.0;3.38;39.0;1
1915401110025;3972;1;4;184;1;3.43;20.0;3.43;20.0;3.63;19.0;3.53;39.0;1
1915401110026;4001;1;2;184;1;3.06;20.0;3.06;20.0;3.18;19.0;3.12;39.0;1
1915401110027;4234;1;8;184;1;3.94;20.0;3.94;20.0;3.86;19.0;3.9;39.0;1
1915401110028;4282;1;4;184;1;3.72;20.0;3.72;20.0;3.71;19.0;3.71;39.0;1
1922201110001;6;19;4;184;1;3.27;22.0;3.27;22.0;3.59;21.0;3.43;43.0;1
1922201110002;79;19;8;184;1;3.5;22.0;3.5;22.0;3.66;21.0;3.58;43.0;1
1922201110003;113;19;8;184;1;3.39;22.0;3.39;22.0;3.54;21.0;3.46;43.0;1
1922201110004;125;19;8;184;1;3.35;22.0;3.35;22.0;3.03;21.0;3.19;43.0;1
1922201110005;485;19;8;184;1;3.05;22.0;3.05;22.0;3.36;21.0;3.2;43.0;1
1922201110006;394;19;8;184;1;3.5;22.0;3.5;22.0;3.59;21.0;3.54;43.0;1
1922201110007;754;19;4;184;1;3.58;22.0;3.58;22.0;3.68;21.0;3.63;43.0;1
1922201110008;1120;19;2;184;1;3.5;22.0;3.5;22.0;3.59;21.0;3.54;43.0;1
1922201110009;1267;19;8;184;0;3.67;22.0;3.67;22.0;3.58;21.0;3.63;43.0;1
1922201110010;1458;19;10;184;1;3.2;22.0;3.2;22.0;3.45;21.0;3.32;43.0;1
1922201110011;1617;19;10;184;1;3.37;22.0;3.37;22.0;3.6;21.0;3.48;43.0;1
1922201110012;1644;19;10;184;1;3.54;22.0;3.54;22.0;3.66;21.0;3.6;43.0;1
1922201110013;1667;19;8;184;1;3.77;22.0;3.77;22.0;3.65;21.0;3.71;43.0;1
1922201110014;1849;19;2;184;1;3.53;22.0;3.53;22.0;3.7;21.0;3.61;43.0;1
1922201110015;2197;19;2;184;1;3.5;22.0;3.5;22.0;3.62;21.0;3.56;43.0;1
1922201110016;2240;19;8;184;1;3.68;22.0;3.68;22.0;3.63;21.0;3.66;43.0;1
1922201110017;3865;19;2;184;1;3.68;22.0;3.68;22.0;3.63;21.0;3.66;43.0;1
1922201110018;3970;19;8;184;1;3.4;22.0;3.4;22.0;3.66;21.0;3.52;43.0;1
1922201110020;4213;19;10;184;1;3.1;22.0;3.1;22.0;0.0;0.0;3.1;22.0;1
1922201110021;4291;19;8;184;1;3.46;22.0;3.46;22.0;3.49;21.0;3.47;43.0;1
1922201110022;26;19;8;184;1;3.21;22.0;3.21;22.0;0.0;0.0;3.21;22.0;1
1923201110001;590;7;4;184;1;3.87;19.0;3.87;19.0;3.72;24.0;3.79;43.0;1
1923201110002;1127;7;8;184;1;3.62;19.0;3.62;19.0;3.12;22.0;3.35;41.0;1
1923201110003;1261;7;5;184;1;3.21;19.0;3.21;19.0;2.7;24.0;2.93;43.0;1
1923201110004;1548;7;5;184;1;3.5;19.0;3.5;19.0;1.32;24.0;2.28;43.0;0
1923201110005;1798;7;10;184;1;3.83;19.0;3.83;19.0;3.63;22.0;3.72;41.0;1
1923201110006;2260;7;8;184;1;3.42;19.0;3.42;19.0;1.59;22.0;2.44;41.0;0
1923201110007;2060;7;5;184;1;3.78;19.0;3.78;19.0;3.5;22.0;3.63;41.0;1
1923201110008;2072;7;8;184;1;3.32;19.0;3.32;19.0;3.03;22.0;3.16;41.0;1
1923201110009;2131;7;4;184;1;3.74;19.0;3.74;19.0;3.55;24.0;3.63;43.0;1
1923201110010;2124;7;10;184;1;3.45;19.0;3.45;19.0;1.68;24.0;2.46;43.0;0
1923201110011;2377;7;8;184;1;3.61;19.0;3.61;19.0;3.61;24.0;3.61;43.0;1
1923201110013;2466;7;8;184;1;3.67;19.0;3.67;19.0;2.67;24.0;3.11;43.0;1
1923201110014;2729;7;8;184;1;3.75;19.0;3.75;19.0;3.66;24.0;3.7;43.0;1
1923201110015;3199;7;2;184;1;3.49;19.0;3.49;19.0;3.38;24.0;3.43;43.0;1
1923201110016;3568;7;5;184;1;3.59;19.0;3.59;19.0;3.58;24.0;3.58;43.0;1
1923201110017;3616;7;2;184;1;3.43;19.0;3.43;19.0;3.46;24.0;3.45;43.0;1
1923201110018;3667;7;8;184;1;1.13;19.0;1.13;19.0;0.0;0.0;1.13;19.0;0
1923201110019;3668;7;4;184;1;3.81;19.0;3.81;19.0;3.58;24.0;3.68;43.0;1
1923201110021;4106;7;2;184;1;3.49;19.0;3.49;19.0;3.38;24.0;3.43;43.0;1
1923201110022;4197;7;3;184;1;3.33;19.0;3.33;19.0;0.73;24.0;1.87;43.0;0
1923201120023;877;7;2;184;1;2.5;14.0;2.5;14.0;1.83;12.0;2.19;26.0;0
1923201120024;1559;7;8;184;1;2.22;22.0;2.22;22.0;0.87;20.0;1.58;42.0;0
1935201110001;415;17;10;184;1;3.91;20.0;3.91;20.0;3.91;20.0;3.91;40.0;1
1935201110002;604;17;5;184;1;3.34;20.0;3.34;20.0;3.11;20.0;3.22;40.0;1
1935201110003;611;17;5;184;1;3.66;20.0;3.66;20.0;3.74;20.0;3.7;40.0;1
1935201110004;680;17;4;184;1;3.53;20.0;3.53;20.0;3.75;20.0;3.64;40.0;1
1935201110005;765;17;8;184;1;3.64;20.0;3.64;20.0;3.79;20.0;3.72;40.0;1
1935201110006;809;17;8;184;1;3.41;20.0;3.41;20.0;3.3;20.0;3.35;40.0;1
1935201110007;1061;17;5;184;1;3.12;20.0;3.12;20.0;3.07;20.0;3.1;40.0;1
1935201110009;1263;17;4;184;1;3.81;20.0;3.81;20.0;3.78;20.0;3.8;40.0;1
1935201110010;1327;17;8;184;1;3.78;20.0;3.78;20.0;3.83;20.0;3.8;40.0;1
1935201110011;1650;17;4;184;1;3.56;20.0;3.56;20.0;3.5;20.0;3.53;40.0;1
1935201110012;1787;17;10;184;1;3.56;20.0;3.56;20.0;3.9;20.0;3.73;40.0;1
1935201110013;1968;17;8;184;1;3.76;20.0;3.76;20.0;3.5;20.0;3.63;40.0;1
1935201110014;2131;17;4;184;1;3.19;20.0;3.19;20.0;3.08;20.0;3.13;40.0;1
1935201110015;2313;17;4;184;1;2.95;20.0;2.95;20.0;2.41;20.0;2.68;40.0;0
1935201110016;2112;17;10;184;1;3.18;20.0;3.18;20.0;3.0;20.0;3.09;40.0;1
1935201110017;3087;17;3;184;1;2.68;20.0;2.68;20.0;2.8;20.0;2.74;40.0;0
1935201110018;3238;17;5;184;1;3.57;20.0;3.57;20.0;3.81;20.0;3.69;40.0;1
1935201110019;3598;17;8;184;1;2.88;20.0;2.88;20.0;2.88;20.0;2.88;40.0;1
1935201110020;2088;17;2;184;1;3.66;20.0;3.66;20.0;3.49;20.0;3.58;40.0;1
1948201110001;2882;8;8;184;1;2.99;20.0;2.99;20.0;3.42;21.0;3.21;41.0;1
1948201110002;15;8;4;184;1;3.06;20.0;3.06;20.0;3.83;21.0;3.45;41.0;1
1948201110003;37;8;3;184;1;3.21;20.0;3.21;20.0;3.83;23.0;3.54;43.0;1
1948201110004;77;8;8;184;1;3.64;20.0;3.64;20.0;3.82;23.0;3.73;43.0;1
1948201110005;99;8;8;184;1;3.76;20.0;3.76;20.0;3.97;23.0;3.87;43.0;1
1948201110006;122;8;8;184;1;3.53;20.0;3.53;20.0;3.78;21.0;3.66;41.0;1
1948201110007;129;8;4;184;1;2.6;20.0;2.6;20.0;3.3;21.0;2.96;41.0;1
1948201110008;165;8;8;184;1;2.89;20.0;2.89;20.0;3.51;21.0;3.21;41.0;1
1948201110009;184;8;2;184;1;2.8;20.0;2.8;20.0;3.91;21.0;3.37;41.0;1
1948201110010;208;8;8;184;1;3.1;20.0;3.1;20.0;3.56;21.0;3.33;41.0;1
1948201110011;232;8;10;184;1;2.58;20.0;2.58;20.0;3.5;21.0;3.05;41.0;1
1948201110012;243;8;4;184;1;3.3;20.0;3.3;20.0;3.82;23.0;3.57;43.0;1
1948201110013;247;8;8;184;1;3.2;20.0;3.2;20.0;0.0;0.0;3.2;20.0;1
1948201110014;269;8;8;184;1;3.54;20.0;3.54;20.0;3.8;21.0;3.67;41.0;1
1948201110015;321;8;8;184;1;3.55;20.0;3.55;20.0;3.61;21.0;3.58;41.0;1
1948201110016;332;8;8;184;1;3.52;20.0;3.52;20.0;3.92;23.0;3.73;43.0;1
1948201110017;370;8;8;184;1;3.12;20.0;3.12;20.0;3.75;21.0;3.44;41.0;1
1948201110018;372;8;8;184;1;3.83;20.0;3.83;20.0;3.83;23.0;3.83;43.0;1
1948201110019;384;8;4;184;1;3.69;20.0;3.69;20.0;3.82;23.0;3.76;43.0;1
1948201110020;411;8;8;184;1;3.15;20.0;3.15;20.0;3.16;21.0;3.16;41.0;1
1948201110021;419;8;4;184;1;3.53;20.0;3.53;20.0;3.97;21.0;3.75;41.0;1
1948201110022;464;8;8;184;1;3.19;20.0;3.19;20.0;3.9;21.0;3.55;41.0;1
1948201110023;508;8;8;184;1;3.33;20.0;3.33;20.0;3.82;23.0;3.59;43.0;1
1948201110024;596;8;8;184;1;3.33;20.0;3.33;20.0;3.91;21.0;3.63;41.0;1
1948201110025;643;8;8;184;1;2.68;20.0;2.68;20.0;3.8;21.0;3.25;41.0;1
1948201110026;670;8;10;184;1;2.82;20.0;2.82;20.0;3.67;21.0;3.25;41.0;1
1948201110027;681;8;2;184;1;3.35;20.0;3.35;20.0;3.67;23.0;3.52;43.0;1
1948201110028;694;8;4;184;1;3.2;20.0;3.2;20.0;3.78;23.0;3.51;43.0;1
1948201110029;720;8;8;184;1;1.21;20.0;1.21;20.0;0.0;0.0;1.21;20.0;0
1948201110030;722;8;2;184;1;3.82;20.0;3.82;20.0;3.93;23.0;3.88;43.0;1
1948201110031;751;8;4;184;1;2.96;20.0;2.96;20.0;3.83;21.0;3.4;41.0;1
1948201110032;756;8;8;184;1;2.88;20.0;2.88;20.0;3.97;21.0;3.44;41.0;1
1948201110033;793;8;4;184;1;2.61;20.0;2.61;20.0;3.84;21.0;3.24;41.0;1
1948201110034;839;8;10;184;1;3.1;20.0;3.1;20.0;3.9;23.0;3.53;43.0;1
1948201110035;867;8;8;184;1;2.95;20.0;2.95;20.0;3.61;21.0;3.29;41.0;1
1948201110036;925;8;10;184;1;3.21;20.0;3.21;20.0;3.77;21.0;3.5;41.0;1
1948201110037;932;8;8;184;1;3.47;20.0;3.47;20.0;3.91;21.0;3.7;41.0;1
1948201110038;982;8;2;184;1;3.76;20.0;3.76;20.0;3.91;21.0;3.84;41.0;1
1948201110039;997;8;8;184;1;2.93;20.0;2.93;20.0;3.74;21.0;3.34;41.0;1
1948201110040;998;8;10;184;1;3.38;20.0;3.38;20.0;3.88;21.0;3.64;41.0;1
1948201110041;1053;8;10;184;1;0.4;20.0;0.4;20.0;0.0;0.0;0.4;20.0;0
1948201110042;1055;8;10;184;1;2.81;20.0;2.81;20.0;3.49;21.0;3.16;41.0;1
1948201110043;1056;8;8;184;1;3.55;20.0;3.55;20.0;3.75;23.0;3.66;43.0;1
1948201110044;1094;8;8;184;1;3.47;20.0;3.47;20.0;3.74;23.0;3.62;43.0;1
1948201110045;1141;8;2;184;1;3.68;20.0;3.68;20.0;3.84;21.0;3.76;41.0;1
1948201110046;1150;8;8;184;1;2.92;20.0;2.92;20.0;3.59;21.0;3.26;41.0;1
1948201110047;1151;8;8;184;1;3.72;20.0;3.72;20.0;3.99;23.0;3.86;43.0;1
1948201110048;1248;8;4;184;1;2.72;20.0;2.72;20.0;3.74;21.0;3.24;41.0;1
1948201110049;1272;8;3;184;1;3.61;20.0;3.61;20.0;3.96;23.0;3.8;43.0;1
1948201110050;1346;8;8;184;1;2.8;20.0;2.8;20.0;3.83;21.0;3.33;41.0;1
1948201110051;1363;8;4;184;1;2.57;20.0;2.57;20.0;3.78;21.0;3.19;41.0;1
1948201110052;1401;8;8;184;1;2.38;20.0;2.38;20.0;3.41;19.0;2.88;39.0;1
1948201110053;1463;8;8;184;1;2.92;20.0;2.92;20.0;3.72;21.0;3.33;41.0;1
1948201110054;1475;8;8;184;1;3.52;20.0;3.52;20.0;3.94;21.0;3.74;41.0;1
1948201110055;1491;8;8;184;1;3.5;20.0;3.5;20.0;3.88;21.0;3.69;41.0;1
1948201110056;1516;8;4;184;1;0.87;20.0;0.87;20.0;0.0;0.0;0.87;20.0;0
1948201110057;1537;8;8;184;1;3.45;20.0;3.45;20.0;3.77;23.0;3.62;43.0;1
1948201110058;1545;8;4;184;1;3.62;20.0;3.62;20.0;3.6;23.0;3.6;43.0;1
1948201110059;1552;8;2;184;1;3.24;20.0;3.24;20.0;3.74;23.0;3.5;43.0;1
1948201110060;1562;8;5;184;1;3.01;20.0;3.01;20.0;3.76;21.0;3.39;41.0;1
1948201110061;1568;8;8;184;1;3.72;20.0;3.72;20.0;3.93;23.0;3.83;43.0;1
1948201110062;1569;8;8;184;1;2.61;20.0;2.61;20.0;0.0;0.0;2.61;20.0;0
1948201110063;1628;8;8;184;1;3.88;20.0;3.88;20.0;3.8;23.0;3.83;43.0;1
1948201110064;1648;8;8;184;1;3.8;20.0;3.8;20.0;3.95;23.0;3.88;43.0;1
1948201110065;1657;8;5;184;1;3.66;20.0;3.66;20.0;3.93;23.0;3.81;43.0;1
1948201110066;1670;8;10;184;1;3.22;20.0;3.22;20.0;3.83;21.0;3.53;41.0;1
1948201110067;1720;8;5;184;1;2.75;20.0;2.75;20.0;3.9;21.0;3.34;41.0;1
1948201110068;1748;8;2;184;1;3.57;20.0;3.57;20.0;3.84;21.0;3.7;41.0;1
1948201110069;1759;8;4;184;1;2.67;20.0;2.67;20.0;0.0;0.0;2.67;20.0;0
1948201110070;1767;8;8;184;1;3.48;20.0;3.48;20.0;3.89;21.0;3.69;41.0;1
1948201110071;1803;8;8;184;1;3.5;20.0;3.5;20.0;3.9;23.0;3.71;43.0;1
1948201110072;2230;8;2;184;1;2.97;20.0;2.97;20.0;2.99;21.0;2.98;41.0;1
1948201110073;1806;8;2;184;1;2.75;20.0;2.75;20.0;3.7;21.0;3.23;41.0;1
1948201110074;1816;8;8;184;1;2.07;20.0;2.07;20.0;3.21;19.0;2.63;39.0;0
1948201110075;2298;8;2;184;1;3.35;20.0;3.35;20.0;3.77;23.0;3.57;43.0;1
1948201110076;2419;8;5;184;1;3.12;20.0;3.12;20.0;3.52;23.0;3.33;43.0;1
1948201110077;1883;8;2;184;1;3.4;20.0;3.4;20.0;3.92;23.0;3.68;43.0;1
1948201110078;1920;8;2;184;1;3.9;20.0;3.9;20.0;3.87;23.0;3.88;43.0;1
1948201110079;1946;8;2;184;1;3.62;20.0;3.62;20.0;3.79;21.0;3.7;41.0;1
1948201110080;1949;8;8;184;1;3.43;20.0;3.43;20.0;3.91;23.0;3.69;43.0;1
1948201110081;1953;8;2;184;1;3.3;20.0;3.3;20.0;3.7;23.0;3.51;43.0;1
1948201110082;1974;8;8;184;1;2.89;20.0;2.89;20.0;3.87;21.0;3.39;41.0;1
1948201110083;2026;8;8;184;1;3.02;20.0;3.02;20.0;3.92;21.0;3.48;41.0;1
1948201110084;2027;8;4;184;1;3.8;20.0;3.8;20.0;3.96;21.0;3.88;41.0;1
1948201110085;2113;8;4;184;1;2.85;20.0;2.85;20.0;3.75;21.0;3.31;41.0;1
1948201110086;2122;8;2;184;1;3.48;20.0;3.48;20.0;3.82;23.0;3.66;43.0;1
1948201110087;2150;8;8;184;1;3.46;20.0;3.46;20.0;3.88;23.0;3.68;43.0;1
1948201110088;2224;8;2;184;1;2.86;20.0;2.86;20.0;3.47;19.0;3.16;39.0;1
1948201110089;2233;8;8;184;1;3.5;20.0;3.5;20.0;3.96;23.0;3.75;43.0;1
1948201110090;2248;8;8;184;1;3.65;20.0;3.65;20.0;3.93;23.0;3.8;43.0;1
1948201110091;1822;8;8;184;1;2.77;20.0;2.77;20.0;3.7;21.0;3.25;41.0;1
1948201110092;2367;8;8;184;1;2.69;20.0;2.69;20.0;3.38;21.0;3.04;41.0;1
1948201110093;2380;8;4;184;1;3.33;20.0;3.33;20.0;3.84;23.0;3.6;43.0;1
1948201110094;2370;8;4;184;1;3.2;20.0;3.2;20.0;3.84;23.0;3.54;43.0;1
1948201110095;2499;8;2;184;1;2.34;20.0;2.34;20.0;2.87;19.0;2.6;39.0;0
1948201110096;2536;8;2;184;1;3.47;20.0;3.47;20.0;3.93;23.0;3.72;43.0;1
1948201110097;2558;8;2;184;1;3.31;20.0;3.31;20.0;3.73;23.0;3.53;43.0;1
1948201110098;2600;8;8;184;1;3.25;20.0;3.25;20.0;3.94;21.0;3.6;41.0;1
1948201110099;2606;8;2;184;1;3.41;20.0;3.41;20.0;3.9;21.0;3.66;41.0;1
1948201110100;2660;8;8;184;1;2.93;20.0;2.93;20.0;3.8;21.0;3.38;41.0;1
1948201110101;2677;8;8;184;1;3.24;20.0;3.24;20.0;3.85;23.0;3.57;43.0;1
1948201110102;2716;8;8;184;1;3.45;20.0;3.45;20.0;3.88;23.0;3.68;43.0;1
1948201110103;2744;8;8;184;1;3.87;20.0;3.87;20.0;3.96;21.0;3.91;41.0;1
1948201110104;2749;8;8;184;1;3.06;20.0;3.06;20.0;3.64;23.0;3.37;43.0;1
1948201110105;2799;8;2;184;1;3.12;20.0;3.12;20.0;3.63;21.0;3.38;41.0;1
1948201110106;2825;8;8;184;1;3.06;20.0;3.06;20.0;3.68;23.0;3.39;43.0;1
1948201110107;2802;8;2;184;1;3.91;20.0;3.91;20.0;3.85;23.0;3.88;43.0;1
1948201110108;2846;8;2;184;1;3.25;20.0;3.25;20.0;3.8;23.0;3.54;43.0;1
1948201110109;2864;8;8;184;1;3.94;20.0;3.94;20.0;3.97;23.0;3.96;43.0;1
1948201110110;2866;8;4;184;1;3.16;20.0;3.16;20.0;3.67;21.0;3.42;41.0;1
1948201110111;2894;8;5;184;1;3.78;20.0;3.78;20.0;3.81;21.0;3.8;41.0;1
1948201110112;2951;8;8;184;1;2.73;20.0;2.73;20.0;3.8;21.0;3.27;41.0;1
1948201110113;3005;8;2;184;1;2.6;20.0;2.6;20.0;3.89;21.0;3.26;41.0;1
1948201110114;3035;8;2;184;1;2.53;20.0;2.53;20.0;3.71;21.0;3.14;41.0;1
1948201110115;3040;8;8;184;1;3.07;20.0;3.07;20.0;3.91;21.0;3.5;41.0;1
1948201110116;3059;8;8;184;1;3.59;20.0;3.59;20.0;3.76;21.0;3.67;41.0;1
1948201110117;3084;8;2;184;1;3.31;20.0;3.31;20.0;3.7;21.0;3.51;41.0;1
1948201110118;3144;8;2;184;1;3.59;20.0;3.59;20.0;3.91;21.0;3.75;41.0;1
1948201110119;3146;8;8;184;1;3.04;20.0;3.04;20.0;3.86;23.0;3.48;43.0;1
1948201110120;3147;8;8;184;1;3.52;20.0;3.52;20.0;3.75;23.0;3.64;43.0;1
1948201110121;3153;8;8;184;1;3.2;20.0;3.2;20.0;3.9;23.0;3.57;43.0;1
1948201110122;3183;8;8;184;1;3.81;20.0;3.81;20.0;3.92;23.0;3.87;43.0;1
1948201110123;3208;8;2;184;1;2.48;20.0;2.48;20.0;3.37;19.0;2.91;39.0;1
1948201110124;3246;8;4;184;1;3.54;20.0;3.54;20.0;3.96;23.0;3.77;43.0;1
1948201110125;3280;8;2;184;1;3.16;20.0;3.16;20.0;3.69;21.0;3.43;41.0;1
1948201110126;3297;8;8;184;1;3.35;20.0;3.35;20.0;3.87;21.0;3.61;41.0;1
1948201110127;3323;8;2;184;1;3.42;20.0;3.42;20.0;3.86;21.0;3.65;41.0;1
1948201110128;3355;8;2;184;1;3.11;20.0;3.11;20.0;3.76;21.0;3.44;41.0;1
1948201110129;3356;8;2;184;1;3.06;20.0;3.06;20.0;3.84;21.0;3.46;41.0;1
1948201110130;3369;8;5;184;1;2.66;20.0;2.66;20.0;3.8;21.0;3.25;41.0;1
1948201110131;3370;8;5;184;1;2.96;20.0;2.96;20.0;3.58;21.0;3.28;41.0;1
1948201110132;3402;8;3;184;1;2.97;20.0;2.97;20.0;3.65;21.0;3.31;41.0;1
1948201110133;3407;8;8;184;1;3.46;20.0;3.46;20.0;3.95;23.0;3.72;43.0;1
1948201110134;3415;8;4;184;1;2.77;20.0;2.77;20.0;0.0;0.0;2.77;20.0;1
1948201110135;3430;8;2;184;1;2.95;20.0;2.95;20.0;3.47;21.0;3.21;41.0;1
1948201110136;3462;8;8;184;1;3.02;20.0;3.02;20.0;3.76;21.0;3.4;41.0;1
1948201110137;3464;8;8;184;1;3.04;20.0;3.04;20.0;3.76;21.0;3.41;41.0;1
1948201110138;3483;8;8;184;1;3.61;20.0;3.61;20.0;3.77;23.0;3.7;43.0;1
1948201110139;3496;8;4;184;1;3.55;20.0;3.55;20.0;3.88;23.0;3.73;43.0;1
1948201110140;3505;8;8;184;1;2.66;20.0;2.66;20.0;3.35;21.0;3.01;41.0;1
1948201110141;3514;8;2;184;1;3.7;20.0;3.7;20.0;3.79;21.0;3.74;41.0;1
1948201110142;3565;8;8;184;1;2.82;20.0;2.82;20.0;3.8;21.0;3.32;41.0;1
1948201110143;3591;8;8;184;1;3.39;20.0;3.39;20.0;3.97;21.0;3.69;41.0;1
1948201110144;3629;8;2;184;1;2.5;20.0;2.5;20.0;3.32;21.0;2.92;41.0;1
1948201110145;3647;8;2;184;1;2.75;20.0;2.75;20.0;3.7;21.0;3.23;41.0;1
1948201110146;3745;8;8;184;1;3.58;20.0;3.58;20.0;3.89;21.0;3.74;41.0;1
1948201110147;3785;8;8;184;1;2.92;20.0;2.92;20.0;3.68;21.0;3.31;41.0;1
1948201110148;3837;8;2;184;1;2.76;20.0;2.76;20.0;3.52;21.0;3.15;41.0;1
1948201110149;3872;8;3;184;1;0.94;20.0;0.94;20.0;0.0;0.0;0.94;20.0;0
1948201110150;3888;8;2;184;1;3.38;20.0;3.38;20.0;3.69;21.0;3.54;41.0;1
1948201110151;3936;8;8;184;1;3.41;20.0;3.41;20.0;3.91;23.0;3.68;43.0;1
1948201110152;3938;8;2;184;1;3.73;20.0;3.73;20.0;3.97;23.0;3.86;43.0;1
1948201110153;4005;8;8;184;1;3.2;20.0;3.2;20.0;3.71;23.0;3.47;43.0;1
1948201110154;4023;8;2;184;1;2.97;20.0;2.97;20.0;3.73;21.0;3.36;41.0;1
1948201110155;4063;8;2;184;1;2.88;20.0;2.88;20.0;3.81;21.0;3.36;41.0;1
1948201110156;4068;8;2;184;1;3.54;20.0;3.54;20.0;3.96;23.0;3.77;43.0;1
1948201110157;4148;8;8;184;1;3.31;20.0;3.31;20.0;3.95;23.0;3.65;43.0;1
1948201110158;4165;8;8;184;0;2.59;20.0;2.59;20.0;3.6;21.0;3.1;41.0;1
1948201110159;4175;8;5;184;1;3.07;20.0;3.07;20.0;3.92;23.0;3.52;43.0;1
1948201110160;4219;8;8;184;1;2.49;20.0;2.49;20.0;3.56;19.0;3.01;39.0;1
1948201110161;4220;8;8;184;1;3.12;20.0;3.12;20.0;3.51;23.0;3.33;43.0;1
1948201110162;4269;8;8;184;1;2.87;20.0;2.87;20.0;3.78;21.0;3.33;41.0;1
1948201110163;4273;8;8;184;1;3.01;20.0;3.01;20.0;3.31;23.0;3.17;43.0;1
1948201110164;4286;8;2;184;1;2.37;20.0;2.37;20.0;3.06;20.0;2.72;40.0;0
1948401110001;156;0;5;184;1;3.37;20.0;3.37;20.0;3.79;22.0;3.59;42.0;1
1948401110002;234;0;2;184;1;2.82;20.0;2.82;20.0;3.29;22.0;3.06;42.0;1
1948401110003;307;0;4;184;1;3.78;20.0;3.78;20.0;3.84;22.0;3.81;42.0;1
1948401110004;327;0;4;184;1;3.7;20.0;3.7;20.0;3.42;22.0;3.55;42.0;1
1948401110006;850;0;2;184;1;3.82;20.0;3.82;20.0;3.9;22.0;3.86;42.0;1
1948401110008;910;0;2;184;1;3.12;20.0;3.12;20.0;3.75;22.0;3.45;42.0;1
1948401110009;1132;0;8;184;1;3.49;20.0;3.49;20.0;3.93;22.0;3.72;42.0;1
1948401110010;1172;0;2;184;1;3.36;20.0;3.36;20.0;3.89;22.0;3.64;42.0;1
1948401110011;1239;0;8;184;1;3.59;20.0;3.59;20.0;3.87;22.0;3.73;42.0;1
1948401110012;1292;0;2;184;1;3.26;20.0;3.26;20.0;3.44;22.0;3.35;42.0;1
1948401110013;1351;0;2;184;1;3.76;20.0;3.76;20.0;3.69;22.0;3.72;42.0;1
1948401110014;1500;0;8;184;1;3.54;20.0;3.54;20.0;3.95;22.0;3.75;42.0;1
1948401110015;1501;0;8;184;1;2.94;20.0;2.94;20.0;3.21;22.0;3.08;42.0;1
1948401110016;1601;0;2;184;1;3.52;20.0;3.52;20.0;3.51;22.0;3.51;42.0;1
1948401110017;1611;0;4;184;1;2.96;20.0;2.96;20.0;3.05;22.0;3.0;42.0;1
1948401110018;1617;0;10;184;1;3.34;20.0;3.34;20.0;3.73;22.0;3.54;42.0;1
1948401110019;1699;0;4;184;1;3.78;20.0;3.78;20.0;3.8;22.0;3.79;42.0;1
1948401110020;1703;0;4;184;1;3.57;20.0;3.57;20.0;3.86;22.0;3.72;42.0;1
1948401110021;1771;0;2;184;1;3.71;20.0;3.71;20.0;3.71;22.0;3.71;42.0;1
1948401110022;1814;0;8;184;1;3.17;20.0;3.17;20.0;3.67;22.0;3.43;42.0;1
1948401110023;1882;0;2;184;1;3.77;20.0;3.77;20.0;3.99;22.0;3.88;42.0;1
1948401110025;1911;0;8;184;1;3.62;20.0;3.62;20.0;3.67;22.0;3.65;42.0;1
1948401110026;1978;0;8;184;1;3.97;20.0;3.97;20.0;3.99;22.0;3.98;42.0;1
1948401110027;2170;0;2;184;1;3.02;20.0;3.02;20.0;3.69;22.0;3.37;42.0;1
1948401110028;2208;0;4;184;1;3.16;20.0;3.16;20.0;3.89;22.0;3.54;42.0;1
1948401110029;2344;0;4;184;1;3.08;20.0;3.08;20.0;3.82;22.0;3.47;42.0;1
1948401110030;2398;0;2;184;1;3.86;20.0;3.86;20.0;3.93;22.0;3.9;42.0;1
1948401110031;2449;0;2;184;1;2.63;20.0;2.63;20.0;3.33;22.0;3.0;42.0;1
1948401110032;2507;0;2;184;1;3.91;20.0;3.91;20.0;3.95;22.0;3.93;42.0;1
1948401110033;2722;0;8;184;1;3.37;20.0;3.37;20.0;3.83;22.0;3.61;42.0;1
1948401110034;2873;0;2;184;1;3.77;20.0;3.77;20.0;3.77;22.0;3.77;42.0;1
1948401110035;2899;0;8;184;1;3.93;20.0;3.93;20.0;4.0;22.0;3.96;42.0;1
1948401110036;2971;0;8;184;1;3.59;20.0;3.59;20.0;3.65;22.0;3.62;42.0;1
1948401110037;3000;0;8;184;1;3.37;20.0;3.37;20.0;3.76;22.0;3.57;42.0;1
1948401110038;3055;0;8;184;1;3.38;20.0;3.38;20.0;3.16;22.0;3.27;42.0;1
1948401110039;3063;0;10;184;1;3.02;20.0;3.02;20.0;3.63;22.0;3.34;42.0;1
1948401110040;3066;0;5;184;1;3.08;20.0;3.08;20.0;3.33;22.0;3.21;42.0;1
1948401110041;3099;0;2;184;1;3.93;20.0;3.93;20.0;3.95;22.0;3.94;42.0;1
1948401110042;3215;0;4;184;1;3.38;20.0;3.38;20.0;3.54;22.0;3.46;42.0;1
1948401110043;3215;0;4;184;1;3.76;20.0;3.76;20.0;3.71;22.0;3.73;42.0;1
1948401110044;3229;0;8;184;1;3.58;20.0;3.58;20.0;3.79;22.0;3.69;42.0;1
1948401110045;3313;0;2;184;1;3.69;20.0;3.69;20.0;3.86;22.0;3.78;42.0;1
1948401110046;3390;0;8;184;1;3.39;20.0;3.39;20.0;3.69;22.0;3.55;42.0;1
1948401110048;3459;0;8;184;1;3.45;20.0;3.45;20.0;3.52;22.0;3.49;42.0;1
1948401110049;3480;0;2;184;1;3.16;20.0;3.16;20.0;2.9;22.0;3.03;42.0;1
1948401110050;3669;0;5;184;1;3.91;20.0;3.91;20.0;3.93;22.0;3.92;42.0;1
1948401110051;3695;0;2;184;1;3.74;20.0;3.74;20.0;3.52;22.0;3.63;42.0;1
1948401110052;3712;0;2;184;1;3.73;20.0;3.73;20.0;3.87;22.0;3.8;42.0;1
1948401110053;3738;0;2;184;1;3.68;20.0;3.68;20.0;3.67;22.0;3.67;42.0;1
1948401110054;3798;0;8;184;1;3.08;20.0;3.08;20.0;3.16;22.0;3.12;42.0;1
1948401110055;3829;0;2;184;1;3.61;20.0;3.61;20.0;3.66;22.0;3.64;42.0;1
1948401110056;3867;0;4;184;1;3.68;20.0;3.68;20.0;3.7;22.0;3.69;42.0;1
1948401110057;4105;0;8;184;1;3.09;20.0;3.09;20.0;3.29;22.0;3.2;42.0;1
1948401110058;4108;0;8;184;1;3.59;20.0;3.59;20.0;3.95;22.0;3.78;42.0;1
1948401110059;4228;0;8;184;1;3.74;20.0;3.74;20.0;3.46;22.0;3.59;42.0;1
1948401110060;4293;0;2;184;1;3.94;20.0;3.94;20.0;3.95;22.0;3.94;42.0;1
1955201110001;100;9;8;184;1;3.69;19.0;3.69;19.0;3.63;23.0;3.66;42.0;1
1955201110002;152;9;2;184;1;1.79;19.0;1.79;19.0;0.0;0.0;1.79;19.0;0
1955201110003;239;9;4;184;1;3.84;19.0;3.84;19.0;3.68;23.0;3.75;42.0;1
1955201110004;400;9;5;184;1;3.94;19.0;3.94;19.0;3.68;23.0;3.8;42.0;1
1955201110005;805;9;8;184;1;3.86;19.0;3.86;19.0;0.0;0.0;3.86;19.0;1
1955201110006;1116;9;10;184;1;3.82;19.0;3.82;19.0;3.47;23.0;3.63;42.0;1
1955201110007;1221;9;8;184;1;3.77;19.0;3.77;19.0;3.3;23.0;3.51;42.0;1
1955201110008;1255;9;8;184;1;3.89;19.0;3.89;19.0;3.74;23.0;3.81;42.0;1
1955201110009;1302;9;8;184;1;3.91;19.0;3.91;19.0;3.69;23.0;3.79;42.0;1
1955201110010;1438;9;2;184;1;4.0;19.0;4.0;19.0;3.78;23.0;3.88;42.0;1
1955201110011;1532;9;8;184;1;3.89;19.0;3.89;19.0;3.6;23.0;3.73;42.0;1
1955201110012;2351;9;2;184;1;3.78;19.0;3.78;19.0;3.37;23.0;3.55;42.0;1
1955201110013;2390;9;8;184;1;3.95;19.0;3.95;19.0;3.86;23.0;3.9;42.0;1
1955201110014;2540;9;8;184;1;3.78;19.0;3.78;19.0;0.0;0.0;3.78;19.0;1
1955201110015;2790;9;2;184;1;3.89;19.0;3.89;19.0;3.64;23.0;3.75;42.0;1
1955201110016;2866;9;4;184;1;3.78;19.0;3.78;19.0;3.44;23.0;3.6;42.0;1
1955201110017;3083;9;5;184;1;3.91;19.0;3.91;19.0;3.82;23.0;3.86;42.0;1
1955201110018;3375;9;8;184;1;3.84;19.0;3.84;19.0;3.68;23.0;3.75;42.0;1
1955201110019;3730;9;5;184;1;3.82;19.0;3.82;19.0;3.8;23.0;3.8;42.0;1
1955201110020;3927;9;8;184;1;3.95;19.0;3.95;19.0;3.85;23.0;3.9;42.0;1
1955201110021;29;9;2;184;1;3.53;19.0;3.53;19.0;1.89;23.0;2.63;42.0;0
1961206110001;10;16;5;184;1;3.85;22.0;3.85;22.0;4.0;23.0;3.93;45.0;1
1961206110002;787;16;10;184;1;3.88;22.0;3.88;22.0;4.0;23.0;3.94;45.0;1
1961206110003;1533;16;8;184;1;3.92;22.0;3.92;22.0;4.0;23.0;3.96;45.0;1
1961206110004;1825;16;8;184;1;3.92;22.0;3.92;22.0;3.96;23.0;3.94;45.0;1
1961206110005;2210;16;8;184;1;4.0;22.0;4.0;22.0;4.0;23.0;4.0;45.0;1
1961206110006;2229;16;8;184;1;3.85;22.0;3.85;22.0;3.91;23.0;3.88;45.0;1
1961206110007;1152;16;8;184;1;3.95;22.0;3.95;22.0;4.0;23.0;3.97;45.0;1
1973201110001;170;18;8;184;0;3.11;20.0;3.11;20.0;3.35;20.0;3.23;40.0;1
1973201110002;229;18;8;184;0;3.56;20.0;3.56;20.0;3.75;20.0;3.65;40.0;1
1973201110003;258;18;10;184;1;2.45;20.0;2.45;20.0;2.46;20.0;2.46;40.0;0
1973201110004;423;18;8;184;0;3.26;20.0;3.26;20.0;3.47;20.0;3.36;40.0;1
1973201110005;447;18;3;184;1;3.45;20.0;3.45;20.0;3.64;20.0;3.55;40.0;1
1973201110006;493;18;4;184;1;3.84;20.0;3.84;20.0;3.63;20.0;3.73;40.0;1
1973201110007;495;18;10;184;1;3.03;20.0;3.03;20.0;3.31;20.0;3.17;40.0;1
1973201110008;569;18;8;184;0;3.47;20.0;3.47;20.0;3.45;20.0;3.46;40.0;1
1973201110009;613;18;8;184;1;3.48;20.0;3.48;20.0;3.48;20.0;3.48;40.0;1
1973201110010;1224;18;4;184;1;3.66;20.0;3.66;20.0;3.57;20.0;3.61;40.0;1
1973201110011;1279;18;4;184;1;3.91;20.0;3.91;20.0;3.72;20.0;3.82;40.0;1
1973201110012;1323;18;2;184;1;3.55;20.0;3.55;20.0;3.48;20.0;3.51;40.0;1
1973201110013;1326;18;8;184;0;3.51;20.0;3.51;20.0;3.78;20.0;3.64;40.0;1
1973201110014;1361;18;2;184;1;3.45;20.0;3.45;20.0;3.56;20.0;3.5;40.0;1
1973201110015;1487;18;8;184;0;3.56;20.0;3.56;20.0;3.75;20.0;3.65;40.0;1
1973201110016;1531;18;4;184;1;3.52;20.0;3.52;20.0;3.4;20.0;3.46;40.0;1
1973201110017;1641;18;2;184;1;3.15;20.0;3.15;20.0;3.57;20.0;3.36;40.0;1
1973201110018;1751;18;8;184;0;3.4;20.0;3.4;20.0;3.52;20.0;3.46;40.0;1
1973201110019;1958;18;10;184;1;3.48;20.0;3.48;20.0;3.44;20.0;3.46;40.0;1
1973201110020;1986;18;8;184;0;3.25;20.0;3.25;20.0;3.63;20.0;3.44;40.0;1
1973201110021;2017;18;5;184;1;3.45;20.0;3.45;20.0;3.54;20.0;3.5;40.0;1
1973201110022;2121;18;10;184;1;3.38;20.0;3.38;20.0;3.32;20.0;3.35;40.0;1
1973201110023;2335;18;4;184;1;3.63;20.0;3.63;20.0;3.47;20.0;3.55;40.0;1
1973201110024;2502;18;8;184;0;3.32;20.0;3.32;20.0;3.28;20.0;3.3;40.0;1
1973201110025;2625;18;2;184;1;3.46;20.0;3.46;20.0;3.48;20.0;3.47;40.0;1
1973201110026;2724;18;2;184;1;3.32;20.0;3.32;20.0;3.42;20.0;3.37;40.0;1
1973201110027;2803;18;8;184;0;3.32;20.0;3.32;20.0;3.34;20.0;3.33;40.0;1
1973201110028;2991;18;2;184;1;3.32;20.0;3.32;20.0;3.4;20.0;3.36;40.0;1
1973201110029;3071;18;4;184;1;3.35;20.0;3.35;20.0;3.51;20.0;3.43;40.0;1
1973201110030;3429;18;2;184;1;3.6;20.0;3.6;20.0;3.54;20.0;3.57;40.0;1
1973201110031;3553;18;8;184;0;3.1;20.0;3.1;20.0;3.32;20.0;3.21;40.0;1
1973201110032;3680;18;8;184;0;3.01;20.0;3.01;20.0;0.0;0.0;3.01;20.0;1
1973201110033;3822;18;8;184;0;3.87;20.0;3.87;20.0;3.45;20.0;3.66;40.0;1
1973201110034;3899;18;10;184;1;3.31;20.0;3.31;20.0;3.05;20.0;3.18;40.0;1
1973201110035;4064;18;8;184;2;3.25;20.0;3.25;20.0;2.88;20.0;3.07;40.0;1
1973201110036;4145;18;8;184;1;3.71;20.0;3.71;20.0;3.48;20.0;3.59;40.0;1
1973201110037;264;18;2;184;1;3.26;20.0;3.26;20.0;2.53;20.0;2.89;40.0;1
1973201110040;2529;18;8;184;1;3.76;20.0;3.76;20.0;3.68;20.0;3.72;40.0;1
1984202110001;40;15;10;184;1;3.83;19.0;3.83;19.0;3.83;19.0;3.83;38.0;1
1984202110002;744;15;10;184;1;3.89;19.0;3.89;19.0;3.82;19.0;3.85;38.0;1
1984202110003;829;15;4;184;1;3.87;19.0;3.87;19.0;3.17;19.0;3.52;38.0;1
1984202110006;3722;15;10;184;1;3.38;19.0;3.38;19.0;3.6;19.0;3.49;38.0;1
1984202110007;4308;15;10;184;1;3.79;19.0;3.79;19.0;3.77;19.0;3.78;38.0;1
1986233110001;361;14;8;184;1;3.62;21.0;3.62;21.0;3.97;23.0;3.8;44.0;1
1986233110002;2883;14;10;184;1;3.62;21.0;3.62;21.0;3.92;23.0;3.78;44.0;1
1986233110003;3272;14;10;184;1;4.0;21.0;4.0;21.0;3.9;23.0;3.95;44.0;1
1986233110004;4078;14;8;184;1;4.0;21.0;4.0;21.0;3.95;23.0;3.97;44.0;1
1986233110005;565;14;4;184;1;4.0;21.0;4.0;21.0;3.95;23.0;3.97;44.0;1
1986233110006;560;14;2;184;1;4.0;21.0;4.0;21.0;3.3;23.0;3.64;44.0;1
1986233110007;1294;14;8;184;1;2.93;21.0;2.93;21.0;0.0;23.0;1.4;44.0;0
1986233110008;1726;14;2;184;1;3.94;21.0;3.94;21.0;3.78;23.0;3.86;44.0;1
1986233110010;2845;14;2;184;1;4.0;21.0;4.0;21.0;3.95;23.0;3.97;44.0;1
1986233110011;2931;14;2;184;1;4.0;21.0;4.0;21.0;3.95;23.0;3.97;44.0;1
1986233110012;3265;14;2;184;1;1.43;21.0;1.43;21.0;0.0;0.0;1.43;21.0;0
1986233110013;3618;14;8;184;1;4.0;21.0;4.0;21.0;3.95;23.0;3.97;44.0;1
1986233110014;1406;14;8;184;1;4.0;21.0;4.0;21.0;3.95;23.0;3.97;44.0;1
1986233110015;3151;14;10;184;1;4.0;21.0;4.0;21.0;3.92;23.0;3.96;44.0;1
1986233110016;3273;14;2;184;1;3.97;21.0;3.97;21.0;3.92;23.0;3.95;44.0;1
1986233110017;3520;14;2;184;1;4.0;21.0;4.0;21.0;3.92;23.0;3.96;44.0;1
1986233110018;3540;14;2;184;1;4.0;21.0;4.0;21.0;3.95;23.0;3.97;44.0;1
1986233110019;4246;14;2;184;1;4.0;21.0;4.0;21.0;3.95;23.0;3.97;44.0;1
1986233110020;3746;14;2;184;1;4.0;21.0;4.0;21.0;3.95;23.0;3.97;44.0;1
1986233110021;2527;14;2;184;1;0.76;21.0;0.76;21.0;0.0;0.0;0.76;21.0;0
1986233110022;755;14;2;184;1;4.0;21.0;4.0;21.0;3.95;23.0;3.97;44.0;1
1986233110023;858;14;2;184;1;2.05;21.0;2.05;21.0;3.95;23.0;3.04;44.0;1
1988201110001;450;12;5;184;1;3.23;19.0;3.23;19.0;1.77;22.0;2.45;41.0;0
1988201110002;1297;12;10;184;1;3.64;19.0;3.64;19.0;3.73;22.0;3.69;41.0;1
1988201110003;1432;12;10;184;1;3.56;19.0;3.56;19.0;3.8;22.0;3.69;41.0;1
1988201110004;1585;12;10;184;1;3.41;19.0;3.41;19.0;0.0;0.0;3.41;19.0;1
1988201110005;1819;12;8;184;1;3.38;19.0;3.38;19.0;3.45;22.0;3.42;41.0;1
1988201110007;2146;12;10;184;1;3.39;19.0;3.39;19.0;2.92;22.0;3.14;41.0;1
1988201110008;2550;12;2;184;1;3.72;19.0;3.72;19.0;3.73;22.0;3.72;41.0;1
1988201110010;3192;12;4;184;1;3.68;19.0;3.68;19.0;3.85;22.0;3.77;41.0;1
1988201110011;3463;12;8;184;1;3.54;19.0;3.54;19.0;3.72;22.0;3.63;41.0;1
1988201110012;3504;12;10;184;1;3.27;19.0;3.27;19.0;3.36;22.0;3.32;41.0;1
1988201110013;3968;12;2;184;1;3.74;19.0;3.74;19.0;3.67;22.0;3.7;41.0;1
1988203110001;102;13;8;184;1;3.85;20.0;3.85;20.0;3.05;20.0;3.45;40.0;1
1988203110002;366;13;8;184;1;3.94;20.0;3.94;20.0;3.91;20.0;3.93;40.0;1
1988203110003;379;13;8;184;1;0.94;20.0;0.94;20.0;0.0;0.0;0.94;20.0;0
1988203110004;609;13;10;184;1;3.94;20.0;3.94;20.0;3.94;20.0;3.94;40.0;1
1988203110005;654;13;10;184;1;3.76;20.0;3.76;20.0;3.5;20.0;3.63;40.0;1
1988203110006;828;13;2;184;1;3.61;20.0;3.61;20.0;3.62;20.0;3.62;40.0;1
1988203110007;935;13;10;184;1;3.64;20.0;3.64;20.0;3.59;20.0;3.62;40.0;1
1988203110008;1952;13;10;184;1;3.55;20.0;3.55;20.0;3.58;20.0;3.57;40.0;1
1988203110010;2752;13;2;184;1;3.45;20.0;3.45;20.0;3.12;20.0;3.29;40.0;1
1988203110011;3109;13;5;184;1;3.85;20.0;3.85;20.0;3.78;20.0;3.82;40.0;1
1988203110012;3634;13;10;184;1;3.79;20.0;3.79;20.0;3.77;20.0;3.78;40.0;1
1988203110013;3993;13;2;184;1;3.91;20.0;3.91;20.0;3.88;20.0;3.9;40.0;1
1988203110014;4196;13;2;184;1;1.17;20.0;1.17;20.0;0.0;0.0;1.17;20.0;0
1988203110015;248;13;4;184;1;3.64;20.0;3.64;20.0;3.8;18.0;3.72;38.0;1
2014101110001;1011;20;8;184;0;0.0;20.35910878112713;3.443432379287743;0.0;3.96;15.0;3.96;15.0;1
2014101110002;1034;20;8;184;0;0.0;20.35910878112713;3.443432379287743;0.0;4.0;15.0;4.0;15.0;1
2014101110003;1123;20;8;184;0;0.0;20.35910878112713;3.443432379287743;0.0;3.96;15.0;3.96;15.0;1
2014101110004;1453;20;8;184;0;0.0;20.35910878112713;3.443432379287743;0.0;3.92;15.0;3.92;15.0;1
2014101110005;2555;20;8;184;0;0.0;20.35910878112713;3.443432379287743;0.0;4.0;15.0;4.0;15.0;1
2014101110006;3632;20;8;184;0;0.0;20.35910878112713;3.443432379287743;0.0;3.96;15.0;3.96;15.0;1
2014101110007;4306;20;8;184;0;0.0;20.35910878112713;3.443432379287743;0.0;3.96;15.0;3.96;15.0;1
2014101110008;811;20;8;184;0;0.0;20.35910878112713;3.443432379287743;0.0;4.0;15.0;4.0;15.0;1
2014101110009;848;20;8;184;0;0.0;20.35910878112713;3.443432379287743;0.0;4.0;15.0;4.0;15.0;1
2014101110010;1028;20;8;184;0;0.0;20.35910878112713;3.443432379287743;0.0;3.96;15.0;3.96;15.0;1
2014101110011;1235;20;8;184;0;0.0;20.35910878112713;3.443432379287743;0.0;4.0;15.0;4.0;15.0;1
2014101110012;3050;20;8;184;0;0.0;20.35910878112713;3.443432379287743;0.0;4.0;15.0;4.0;15.0;1
2014101110014;3895;20;8;184;0;0.0;20.35910878112713;3.443432379287743;0.0;4.0;15.0;4.0;15.0;1
2014101110015;4210;20;8;184;0;0.0;20.35910878112713;3.443432379287743;0.0;4.0;15.0;4.0;15.0;1
2014201110002;351;11;8;184;2;3.18;22.0;3.18;22.0;3.24;22.0;3.21;44.0;1
2014201110003;513;11;8;184;2;3.42;22.0;3.42;22.0;3.38;22.0;3.4;44.0;1
2014201110004;743;11;8;184;2;3.48;22.0;3.48;22.0;3.37;22.0;3.43;44.0;1
2014201110005;934;11;13;184;2;2.99;22.0;2.99;22.0;3.02;22.0;3.0;44.0;1
2014201110007;1490;11;10;184;2;3.45;22.0;3.45;22.0;3.36;22.0;3.4;44.0;1
2014201110008;2000;11;8;184;2;3.22;22.0;3.22;22.0;3.3;22.0;3.26;44.0;1
2014201110009;2047;11;13;184;2;3.23;22.0;3.23;22.0;3.33;22.0;3.28;44.0;1
2014201110011;2888;11;8;184;2;3.39;22.0;3.39;22.0;3.49;22.0;3.44;44.0;1
2014201110012;3010;11;8;184;2;3.31;22.0;3.31;22.0;3.42;22.0;3.37;44.0;1
2014201110013;3129;11;13;184;2;3.36;22.0;3.36;22.0;3.41;22.0;3.39;44.0;1
2014201110014;3439;11;8;184;2;3.55;22.0;3.55;22.0;3.4;22.0;3.48;44.0;1
2014201110015;3574;11;8;184;2;3.51;22.0;3.51;22.0;3.41;22.0;3.46;44.0;1
2014201110016;3675;11;10;184;2;2.99;22.0;2.99;22.0;3.44;22.0;3.21;44.0;1
2014201110017;3835;11;8;184;2;2.81;22.0;2.81;22.0;3.13;22.0;2.97;44.0;1
2014201110018;4087;11;13;184;2;3.27;22.0;3.27;22.0;3.29;22.0;3.28;44.0;1
2014201110019;4303;11;15;184;2;3.47;22.0;3.47;22.0;3.48;22.0;3.48;44.0;1
2014201110020;262;11;13;184;2;3.36;22.0;3.36;22.0;3.57;22.0;3.47;44.0;1
2014201110021;550;11;8;184;2;3.36;22.0;3.36;22.0;3.37;22.0;3.37;44.0;1
2014201110022;819;11;10;184;2;3.32;22.0;3.32;22.0;3.32;22.0;3.32;44.0;1
2014201110023;876;11;13;184;2;3.29;22.0;3.29;22.0;3.65;22.0;3.47;44.0;1
2014201110024;1183;11;12;184;2;3.14;22.0;3.14;22.0;3.3;22.0;3.22;44.0;1
2014201110025;1285;11;12;184;2;3.55;22.0;3.55;22.0;3.43;22.0;3.49;44.0;1
2014201110027;1376;11;13;184;2;3.29;22.0;3.29;22.0;3.45;22.0;3.37;44.0;1
2014201110028;2001;11;13;184;2;3.78;22.0;3.78;22.0;3.63;22.0;3.71;44.0;1
2014201110029;2025;11;2;184;2;3.57;22.0;3.57;22.0;3.6;22.0;3.59;44.0;1
2014201110030;2490;11;13;184;2;3.07;22.0;3.07;22.0;3.24;22.0;3.16;44.0;1
2014201110031;2736;11;10;184;2;3.44;22.0;3.44;22.0;3.28;22.0;3.36;44.0;1
2014201110032;2985;11;13;184;2;3.62;22.0;3.62;22.0;3.52;22.0;3.57;44.0;1
2014201110033;3054;11;15;184;2;3.85;22.0;3.85;22.0;3.88;22.0;3.86;44.0;1
2014201110034;3337;11;4;184;2;2.91;22.0;2.91;22.0;3.22;22.0;3.06;44.0;1
2014201110036;3587;11;15;184;2;3.95;22.0;3.95;22.0;3.88;22.0;3.91;44.0;1
2014201110037;3635;11;15;184;2;3.15;22.0;3.15;22.0;3.29;22.0;3.22;44.0;1
2014201110039;1;11;8;184;0;3.77;22.0;3.77;22.0;3.55;22.0;3.66;44.0;1
2014201110040;4077;11;8;184;2;3.25;22.0;3.25;22.0;3.41;22.0;3.33;44.0;1
2014201110041;4217;11;8;184;2;3.73;22.0;3.73;22.0;3.84;22.0;3.78;44.0;1
2014201110042;4250;11;15;184;2;3.02;22.0;3.02;22.0;3.21;22.0;3.12;44.0;1
2014201110056;108;11;13;184;2;3.06;22.0;3.06;22.0;3.48;22.0;3.27;44.0;1
2014201110057;598;11;8;184;2;3.1;22.0;3.1;22.0;3.67;22.0;3.39;44.0;1
2014201110058;2234;11;10;184;2;3.7;22.0;3.7;22.0;3.63;22.0;3.66;44.0;1
2014201110059;2653;11;14;184;2;3.31;22.0;3.31;22.0;3.57;22.0;3.44;44.0;1
2014201110060;2658;11;12;184;2;3.05;22.0;3.05;22.0;3.21;22.0;3.13;44.0;1
2014201110061;3311;11;10;184;2;3.46;22.0;3.46;22.0;3.26;22.0;3.36;44.0;1
2014201110062;2125;11;8;184;2;3.74;22.0;3.74;22.0;3.63;22.0;3.68;44.0;1
2014201110063;2235;11;13;184;2;3.66;22.0;3.66;22.0;3.57;22.0;3.62;44.0;1
2014201110064;3529;11;10;184;2;3.5;22.0;3.5;22.0;3.46;22.0;3.48;44.0;1
2014201110065;284;11;10;184;2;3.6;22.0;3.6;22.0;3.52;22.0;3.56;44.0;1
2014201110066;439;11;8;184;2;3.5;22.0;3.5;22.0;3.56;22.0;3.53;44.0;1
2014201110067;1144;11;8;184;2;3.71;22.0;3.71;22.0;3.63;22.0;3.67;44.0;1
2014201110068;1934;11;13;184;2;3.71;22.0;3.71;22.0;3.7;22.0;3.7;44.0;1
2014201110069;2770;11;15;184;2;3.09;22.0;3.09;22.0;3.3;22.0;3.19;44.0;1
2014201110070;2810;11;15;184;2;3.21;22.0;3.21;22.0;3.21;22.0;3.21;44.0;1
2014201110071;3276;11;13;184;2;3.0;22.0;3.0;22.0;3.12;22.0;3.06;44.0;1
2014201110072;3547;11;8;184;2;3.54;22.0;3.54;22.0;3.6;22.0;3.57;44.0;1
2014201110073;3644;11;15;184;2;3.19;22.0;3.19;22.0;3.3;22.0;3.25;44.0;1
2014201110074;3860;11;15;184;2;3.2;22.0;3.2;22.0;3.29;22.0;3.25;44.0;1
2014201110076;4302;11;13;184;2;3.23;22.0;3.23;22.0;3.33;22.0;3.28;44.0;1
2014201110077;597;11;10;184;2;3.18;22.0;3.18;22.0;3.33;22.0;3.25;44.0;1
2014201110079;2360;11;10;184;2;3.95;22.0;3.95;22.0;3.92;22.0;3.93;44.0;1
2014201110080;2664;11;13;184;2;4.0;22.0;4.0;22.0;3.88;22.0;3.94;44.0;1
2014201110082;1271;11;15;184;2;2.47;22.0;2.47;22.0;0.0;0.0;2.47;22.0;0
2014201110083;1527;11;15;184;2;3.85;22.0;3.85;22.0;3.8;22.0;3.82;44.0;1
2014201110084;2281;11;15;184;2;3.3;22.0;3.3;22.0;3.08;22.0;3.19;44.0;1
2014201110085;2373;11;15;184;2;3.97;22.0;3.97;22.0;3.88;22.0;3.93;44.0;1
2014201110086;4274;11;15;184;2;2.96;22.0;2.96;22.0;3.4;22.0;3.18;44.0;1
2014201110087;437;11;8;184;1;3.26;22.0;3.26;22.0;3.27;22.0;3.27;44.0;1
2014201110088;710;11;12;184;2;3.4;22.0;3.4;22.0;0.0;0.0;3.4;22.0;1
2014201110089;1871;11;15;184;2;3.11;22.0;3.11;22.0;3.44;22.0;3.27;44.0;1
2014201110090;2710;11;15;184;2;3.61;22.0;3.61;22.0;3.57;22.0;3.59;44.0;1
2014201110091;2775;11;15;184;2;3.78;22.0;3.78;22.0;3.88;22.0;3.83;44.0;1
2014201110092;3159;11;10;184;2;3.37;22.0;3.37;22.0;0.0;0.0;3.37;22.0;1
2014201110093;3338;11;8;184;2;3.63;22.0;3.63;22.0;3.41;22.0;3.52;44.0;1
2014201110094;4071;11;15;184;2;3.62;22.0;3.62;22.0;3.65;22.0;3.64;44.0;1
2014201110095;4118;11;12;184;2;3.89;22.0;3.89;22.0;3.84;22.0;3.86;44.0;1
2014201110129;1063;11;13;184;2;3.21;22.0;3.21;22.0;2.53;22.0;2.87;44.0;1
2014201110130;1183;11;12;184;2;3.09;22.0;3.09;22.0;3.25;22.0;3.17;44.0;1
2014201110131;1381;11;15;184;2;3.65;22.0;3.65;22.0;3.55;22.0;3.6;44.0;1
2014201110133;2741;11;15;184;2;3.56;22.0;3.56;22.0;3.52;22.0;3.54;44.0;1
2014201110134;3073;11;12;184;2;3.95;22.0;3.95;22.0;3.88;22.0;3.91;44.0;1
2014201110137;4072;11;13;184;2;3.17;22.0;3.17;22.0;0.0;0.0;3.17;22.0;1
2014201120055;2190;11;15;184;2;2.93;24.0;2.93;24.0;1.7;8.0;2.63;156.0;0
2014201210047;460;11;13;184;2;3.01;24.0;3.01;24.0;3.07;23.0;3.04;132.0;1
2014201210048;865;11;8;184;2;3.33;24.0;3.33;24.0;3.63;23.0;3.47;132.0;1
2014201210049;1102;11;2;184;1;3.01;24.0;3.01;24.0;3.05;23.0;3.03;132.0;1
2014201210051;2784;11;15;184;2;3.18;24.0;3.18;24.0;3.52;23.0;3.35;132.0;1
2014201210052;2973;11;13;184;2;3.18;24.0;3.18;24.0;3.41;23.0;3.29;132.0;1
2014201210053;3602;11;8;184;2;3.24;24.0;3.24;24.0;3.74;23.0;3.49;132.0;1
2014201210054;3844;11;8;184;2;3.03;24.0;3.03;24.0;3.0;23.0;3.02;132.0;1
2014201210096;959;11;15;184;2;3.51;24.0;3.51;24.0;3.5;23.0;3.5;132.0;1
2014201210097;2040;11;8;184;2;2.98;24.0;2.98;24.0;3.52;23.0;3.24;132.0;1
2014201210098;2297;11;15;184;2;3.13;24.0;3.13;24.0;4.0;23.0;3.55;132.0;1
2014201210099;3603;11;8;184;2;3.69;24.0;3.69;24.0;3.69;23.0;3.69;132.0;1
2014201210100;3853;11;8;184;2;3.1;24.0;3.1;24.0;3.23;23.0;3.17;132.0;1
2014201210101;62;11;15;184;2;3.08;24.0;3.08;24.0;3.05;23.0;3.06;132.0;1
2014201210102;89;11;12;184;2;3.03;24.0;3.03;24.0;3.17;23.0;3.1;132.0;1
2014201210103;1069;11;15;184;2;3.02;24.0;3.02;24.0;3.29;23.0;3.15;132.0;1
2014201210104;1121;11;10;184;2;2.98;24.0;2.98;24.0;3.73;23.0;3.35;132.0;1
2014201210105;1631;11;8;184;2;3.16;24.0;3.16;24.0;3.77;23.0;3.46;132.0;1
2014201210106;1744;11;15;184;2;3.13;24.0;3.13;24.0;3.44;23.0;3.28;132.0;1
2014201210107;2156;11;13;184;2;3.03;24.0;3.03;24.0;3.24;23.0;3.13;132.0;1
2014201210108;2396;11;15;184;2;3.18;24.0;3.18;24.0;3.22;23.0;3.2;132.0;1
2014201210109;2158;11;8;184;2;2.95;24.0;2.95;24.0;3.0;23.0;2.97;132.0;1
2014201210110;2595;11;13;184;2;3.23;24.0;3.23;24.0;3.55;23.0;3.39;132.0;1
2014201210111;2746;11;15;184;2;0.08;24.0;0.08;24.0;0.0;0.0;0.08;109.0;0
2014201210112;2828;11;15;184;2;3.01;24.0;3.01;24.0;3.31;23.0;3.16;132.0;1
2014201210113;3006;11;8;184;2;2.98;24.0;2.98;24.0;3.27;23.0;3.12;132.0;1
2014201210114;3072;11;15;184;2;3.25;24.0;3.25;24.0;3.68;23.0;3.46;132.0;1
2014201210115;3442;11;15;184;2;2.95;24.0;2.95;24.0;3.76;23.0;3.34;132.0;1
2014201210116;3532;11;10;184;2;3.33;24.0;3.33;24.0;3.9;23.0;3.61;132.0;1
2014201210117;3726;11;15;184;2;3.07;24.0;3.07;24.0;3.61;23.0;3.33;132.0;1
2014201210118;3735;11;13;184;2;3.16;24.0;3.16;24.0;3.62;23.0;3.38;132.0;1
2014201210119;4206;11;13;184;2;3.06;24.0;3.06;24.0;3.74;23.0;3.39;132.0;1
2014201210128;2706;11;8;184;2;3.01;24.0;3.01;24.0;3.41;23.0;3.2;132.0;1
2014201210135;9;11;15;184;2;3.18;24.0;3.18;24.0;3.74;23.0;3.46;132.0;1
2014201210136;373;11;10;184;2;2.98;24.0;2.98;24.0;3.0;23.0;2.99;132.0;1
2014201310043;41;11;15;184;2;3.45;22.0;3.45;22.0;3.19;22.0;3.32;44.0;1
2014201310044;391;11;10;184;2;3.52;22.0;3.52;22.0;3.49;22.0;3.5;44.0;1
2014201310045;1369;11;8;184;2;3.81;22.0;3.81;22.0;3.7;22.0;3.75;44.0;1
2014201310046;2972;11;13;184;2;3.93;22.0;3.93;22.0;3.78;22.0;3.86;44.0;1
2014201310121;121;11;10;184;2;3.6;22.0;3.6;22.0;3.62;22.0;3.61;44.0;1
2014201310122;313;11;8;184;2;3.27;22.0;3.27;22.0;3.29;22.0;3.28;44.0;1
2014201310124;285;11;13;184;2;3.93;22.0;3.93;22.0;3.81;22.0;3.87;44.0;1
2014201310125;1278;11;10;184;2;3.35;22.0;3.35;22.0;3.0;22.0;3.18;44.0;1
2014201310126;1848;11;10;184;2;3.52;22.0;3.52;22.0;0.0;0.0;3.52;22.0;1
2014201310127;3279;11;8;184;1;3.34;22.0;3.34;22.0;3.34;22.0;3.34;44.0;1
2014401110001;237;2;13;184;2;3.65;20.0;3.65;20.0;3.75;20.0;3.7;40.0;1
2014401110003;862;2;15;184;2;3.29;20.0;3.29;20.0;1.15;20.0;2.22;40.0;0
2014401110004;1036;2;13;184;2;3.52;20.0;3.52;20.0;3.58;20.0;3.55;40.0;1
2014401110005;1088;2;12;184;2;3.35;20.0;3.35;20.0;3.31;20.0;3.33;40.0;1
2014401110006;1114;2;12;184;2;3.81;20.0;3.81;20.0;3.88;20.0;3.85;40.0;1
2014401110007;1383;2;12;184;2;3.61;20.0;3.61;20.0;3.38;20.0;3.5;40.0;1
2014401110008;1420;2;8;184;2;3.62;20.0;3.62;20.0;3.6;20.0;3.61;40.0;1
2014401110009;2310;2;8;184;2;3.19;20.0;3.19;20.0;2.4;20.0;2.8;40.0;1
2014401110010;2426;2;8;184;2;3.78;20.0;3.78;20.0;3.9;20.0;3.84;40.0;1
2014401110011;2827;2;10;184;2;3.74;20.0;3.74;20.0;3.85;20.0;3.8;40.0;1
2014401110012;2646;2;8;184;2;3.72;20.0;3.72;20.0;3.67;20.0;3.69;40.0;1
2014401110014;3266;2;15;184;2;3.59;20.0;3.59;20.0;3.5;20.0;3.54;40.0;1
2014401110015;3478;2;15;184;2;3.49;20.0;3.49;20.0;3.33;20.0;3.41;40.0;1
2014401110017;201;2;12;184;2;3.52;20.0;3.52;20.0;0.0;0.0;3.52;20.0;1
2014401110018;2016;2;14;184;2;3.58;20.0;3.58;20.0;3.52;20.0;3.55;40.0;1
2014401110019;2632;2;15;184;2;3.67;20.0;3.67;20.0;3.88;20.0;3.78;40.0;1
2014401110020;3543;2;8;184;2;3.66;20.0;3.66;20.0;3.74;20.0;3.7;40.0;1
2014401110021;782;2;8;184;2;3.12;20.0;3.12;20.0;3.12;20.0;3.12;40.0;1
2014401110022;2399;2;8;184;2;3.42;20.0;3.42;20.0;3.34;20.0;3.38;40.0;1
2014401110023;3171;2;8;184;2;3.71;20.0;3.71;20.0;3.56;20.0;3.63;40.0;1
2014401110024;3240;2;8;184;2;3.71;20.0;3.71;20.0;3.88;20.0;3.8;40.0;1
2014401110025;1301;2;5;184;2;3.51;20.0;3.51;20.0;3.85;20.0;3.68;40.0;1
2014401110026;3163;2;14;184;2;3.25;20.0;3.25;20.0;3.49;20.0;3.37;40.0;1
2014401110027;3828;2;14;184;2;3.65;20.0;3.65;20.0;3.7;20.0;3.68;40.0;1
2014401110028;2612;2;4;184;1;3.09;20.0;3.09;20.0;3.05;20.0;3.07;40.0;1
2014401110029;4111;2;13;184;2;3.55;20.0;3.55;20.0;3.39;20.0;3.47;40.0;1
2014401120016;861;2;10;184;2;3.67;24.0;3.67;24.0;3.68;21.0;3.67;45.0;1
2014901110001;5;6;8;184;0;3.82;17.0;3.82;17.0;3.79;19.0;3.81;36.0;1
2014901110002;12;6;8;184;0;3.68;17.0;3.68;17.0;3.8;19.0;3.74;36.0;1
2014901110003;14;6;8;184;4;3.72;17.0;3.72;17.0;3.81;19.0;3.77;36.0;1
2014901110004;84;6;8;184;0;3.7;17.0;3.7;17.0;3.73;19.0;3.78;36.0;1
2014901110005;90;6;8;184;0;3.68;17.0;3.68;17.0;3.79;19.0;3.74;36.0;1
2014901110006;238;6;8;184;0;3.65;17.0;3.65;17.0;3.84;19.0;3.75;36.0;1
2014901110007;316;6;8;184;0;3.7;17.0;3.7;17.0;3.79;19.0;3.75;36.0;1
2014901110008;408;6;8;184;0;3.77;17.0;3.77;17.0;3.76;19.0;3.77;36.0;1
2014901110009;451;6;8;184;0;3.56;17.0;3.56;17.0;4.0;19.0;3.79;36.0;1
2014901110010;463;6;8;184;0;3.61;17.0;3.61;17.0;3.78;19.0;3.7;36.0;1
2014901110011;465;6;8;184;0;3.74;17.0;3.74;17.0;3.81;19.0;3.78;36.0;1
2014901110012;563;6;8;184;0;3.63;17.0;3.63;17.0;3.84;19.0;3.74;36.0;1
2014901110013;624;6;8;184;0;3.65;17.0;3.65;17.0;3.81;19.0;3.73;36.0;1
2014901110014;641;6;8;184;0;3.7;17.0;3.7;17.0;3.76;19.0;3.73;36.0;1
2014901110015;679;6;8;184;0;3.77;17.0;3.77;17.0;3.78;19.0;3.79;36.0;1
2014901110016;688;6;8;184;0;3.59;17.0;3.59;17.0;3.67;19.0;3.69;36.0;1
2014901110017;747;6;8;184;0;3.7;17.0;3.7;17.0;3.73;19.0;3.72;36.0;1
2014901110018;800;6;8;184;0;3.66;17.0;3.66;17.0;3.81;19.0;3.74;36.0;1
2014901110019;807;6;8;184;0;2.86;17.0;2.86;17.0;3.63;23.0;3.31;40.0;1
2014901110020;900;6;8;184;0;3.79;17.0;3.79;17.0;3.81;19.0;3.8;36.0;1
2014901110021;940;6;8;184;0;3.81;17.0;3.81;17.0;3.79;19.0;3.8;36.0;1
2014901110022;960;6;8;184;0;2.91;17.0;2.91;17.0;3.85;22.0;3.44;39.0;1
2014901110023;971;6;8;184;0;3.82;17.0;3.82;17.0;3.84;19.0;3.83;36.0;1
2014901110024;1026;6;8;184;0;3.65;17.0;3.65;17.0;3.81;19.0;3.73;36.0;1
2014901110026;1076;6;8;184;0;3.86;17.0;3.86;17.0;3.81;19.0;3.83;36.0;1
2014901110027;1130;6;8;184;0;3.54;17.0;3.54;17.0;3.81;19.0;3.68;36.0;1
2014901110028;1140;6;8;184;0;3.49;17.0;3.49;17.0;3.81;19.0;3.66;36.0;1
2014901110029;1170;6;8;184;0;3.88;17.0;3.88;17.0;3.78;19.0;3.83;36.0;1
2014901110030;1183;6;12;184;2;3.61;17.0;3.61;17.0;3.72;19.0;3.67;36.0;1
2014901110031;1222;6;8;184;0;3.58;17.0;3.58;17.0;3.67;19.0;3.63;36.0;1
2014901110032;1316;6;8;184;0;3.7;17.0;3.7;17.0;3.76;19.0;3.73;36.0;1
2014901110033;1317;6;8;184;0;3.54;17.0;3.54;17.0;3.91;19.0;3.73;36.0;1
2014901110034;1449;6;8;184;0;3.75;17.0;3.75;17.0;3.95;19.0;3.86;36.0;1
2014901110035;1455;6;8;184;0;3.63;17.0;3.63;17.0;3.85;19.0;3.74;36.0;1
2014901110036;1485;6;8;184;0;3.79;17.0;3.79;17.0;3.84;19.0;3.82;36.0;1
2014901110037;1579;6;8;184;0;3.91;17.0;3.91;17.0;3.78;19.0;3.84;36.0;1
2014901110038;1632;6;8;184;0;3.63;17.0;3.63;17.0;3.79;19.0;3.72;36.0;1
2014901110039;1649;6;8;184;1;3.86;17.0;3.86;17.0;3.92;19.0;3.89;36.0;1
2014901110040;1688;6;8;184;0;3.55;17.0;3.55;17.0;3.75;19.0;3.65;36.0;1
2014901110041;1746;6;8;184;0;3.49;17.0;3.49;17.0;3.83;19.0;3.67;36.0;1
2014901110042;1792;6;8;184;0;3.82;17.0;3.82;17.0;3.79;19.0;3.81;36.0;1
2014901110043;1880;6;8;184;0;3.86;17.0;3.86;17.0;3.81;19.0;3.83;36.0;1
2014901110044;2031;6;8;184;0;3.79;17.0;3.79;17.0;3.79;19.0;3.79;36.0;1
2014901110045;2050;6;8;184;0;3.72;17.0;3.72;17.0;3.95;19.0;3.84;36.0;1
2014901110046;2059;6;8;184;0;3.79;17.0;3.79;17.0;3.84;19.0;3.82;36.0;1
2014901110047;2216;6;8;184;0;3.79;17.0;3.79;17.0;3.91;19.0;3.85;36.0;1
2014901110048;2238;6;8;184;0;3.65;17.0;3.65;17.0;3.7;19.0;3.68;36.0;1
2014901110049;2314;6;8;184;0;3.79;17.0;3.79;17.0;4.0;19.0;3.9;36.0;1
2014901110050;2337;6;8;184;0;3.79;17.0;3.79;17.0;3.96;23.0;3.89;40.0;1
2014901110051;2108;6;8;184;0;1.91;17.0;1.91;17.0;3.4;3.0;2.13;20.0;0
2014901110052;2403;6;8;184;0;3.05;17.0;3.05;17.0;3.86;22.0;3.51;39.0;1
2014901110053;2421;6;8;184;6;3.06;17.0;3.06;17.0;3.8;22.0;3.48;39.0;1
2014901110054;2438;6;8;184;0;3.12;17.0;3.12;17.0;3.85;22.0;3.53;39.0;1
2014901110055;2482;6;8;184;0;3.59;17.0;3.59;17.0;3.67;19.0;3.64;36.0;1
2014901110056;2495;6;8;184;0;3.54;17.0;3.54;17.0;3.91;19.0;3.73;36.0;1
2014901110057;2526;6;8;184;0;3.86;17.0;3.86;17.0;3.95;19.0;3.91;36.0;1
2014901110058;2609;6;8;184;0;3.65;17.0;3.65;17.0;3.95;19.0;3.81;36.0;1
2014901110059;2634;6;8;184;0;2.59;17.0;2.59;17.0;3.74;23.0;3.25;40.0;1
2014901110060;2697;6;8;184;0;3.74;17.0;3.74;17.0;3.81;19.0;3.78;36.0;1
2014901110061;2702;6;8;184;0;3.77;17.0;3.77;17.0;3.73;19.0;3.75;36.0;1
2014901110062;2763;6;8;184;0;3.7;17.0;3.7;17.0;3.84;19.0;3.78;36.0;1
2014901110063;2779;6;8;184;0;3.81;17.0;3.81;17.0;3.91;19.0;3.86;36.0;1
2014901110064;2843;6;8;184;0;3.74;17.0;3.74;17.0;3.73;19.0;3.73;36.0;1
2014901110065;2867;6;8;184;0;3.74;17.0;3.74;17.0;3.92;19.0;3.83;36.0;1
2014901110066;3002;6;8;184;0;3.05;17.0;3.05;17.0;3.82;22.0;3.48;39.0;1
2014901110067;3016;6;8;178;5;3.15;17.0;3.15;17.0;3.82;22.0;3.53;39.0;1
2014901110068;3031;6;8;184;0;3.74;17.0;3.74;17.0;3.76;19.0;3.75;36.0;1
2014901110069;3034;6;15;184;4;3.72;17.0;3.72;17.0;3.68;19.0;3.7;36.0;1
2014901110070;3115;6;14;184;6;3.56;17.0;3.56;17.0;3.83;19.0;3.7;36.0;1
2014901110071;3213;6;8;184;0;3.63;17.0;3.63;17.0;3.78;19.0;3.71;36.0;1
2014901110072;3225;6;8;184;0;2.79;17.0;2.79;17.0;4.0;3.0;2.97;20.0;1
2014901110073;3292;6;8;184;0;3.56;17.0;3.56;17.0;3.56;19.0;3.56;36.0;1
2014901110074;3344;6;8;184;0;3.81;17.0;3.81;17.0;3.78;19.0;3.79;36.0;1
2014901110075;3427;6;8;184;0;3.74;17.0;3.74;17.0;3.84;19.0;3.79;36.0;1
2014901110076;3452;6;8;184;0;3.06;17.0;3.06;17.0;3.86;22.0;3.52;39.0;1
2014901110077;3463;6;8;184;1;3.66;17.0;3.66;17.0;3.68;19.0;3.68;36.0;1
2014901110078;3577;6;8;184;0;3.63;17.0;3.63;17.0;3.73;19.0;3.68;36.0;1
2014901110079;3625;6;8;184;0;3.72;17.0;3.72;17.0;3.95;23.0;3.85;40.0;1
2014901110080;3652;6;8;184;0;3.91;17.0;3.91;17.0;3.91;19.0;3.91;36.0;1
2014901110081;3708;6;8;184;0;3.91;17.0;3.91;17.0;3.79;19.0;3.85;36.0;1
2014901110082;3710;6;8;184;0;3.77;17.0;3.77;17.0;3.95;19.0;3.87;36.0;1
2014901110083;3717;6;8;184;0;3.68;17.0;3.68;17.0;3.64;19.0;3.66;36.0;1
2014901110084;3718;6;8;184;0;3.82;17.0;3.82;17.0;3.72;19.0;3.77;36.0;1
2014901110085;3741;6;8;184;0;3.81;17.0;3.81;17.0;3.75;19.0;3.78;36.0;1
2014901110086;3821;6;13;458;5;3.12;17.0;3.12;17.0;3.9;22.0;3.56;39.0;1
2014901110087;3928;6;8;184;0;2.61;17.0;2.61;17.0;3.81;24.0;3.31;41.0;1
2014901110088;3959;6;8;184;0;3.86;17.0;3.86;17.0;3.84;19.0;3.85;36.0;1
2014901110089;3995;6;8;184;0;3.84;17.0;3.84;17.0;3.81;19.0;3.83;36.0;1
2014901110090;4012;6;8;184;0;3.75;17.0;3.75;17.0;3.78;19.0;3.77;36.0;1
2014901110091;4114;6;8;184;0;3.81;17.0;3.81;17.0;3.84;19.0;3.83;36.0;1
2014901110092;4136;6;8;184;0;3.79;17.0;3.79;17.0;3.92;19.0;3.86;36.0;1
2014901110093;4140;6;8;184;0;3.74;17.0;3.74;17.0;3.84;19.0;3.79;36.0;1
2014901110094;4142;6;8;184;0;3.7;17.0;3.7;17.0;3.76;19.0;3.73;36.0;1
2014901110095;4251;6;8;184;0;3.68;17.0;3.68;17.0;3.95;23.0;3.84;40.0;1
2014901110096;4300;6;8;184;0;3.77;17.0;3.77;17.0;3.84;19.0;3.81;36.0;1
2014901210097;22;6;4;184;1;0.0;20.35910878112713;3.443432379287743;0.0;3.7;17.0;3.7;17.0;1
2014901210098;66;6;8;184;0;0.0;20.35910878112713;3.443432379287743;0.0;3.7;17.0;3.7;17.0;1
2014901210099;103;6;4;184;1;0.0;20.35910878112713;3.443432379287743;0.0;3.7;17.0;3.7;17.0;1
2014901210100;109;6;2;184;1;0.0;20.35910878112713;3.443432379287743;0.0;3.82;17.0;3.82;17.0;1
2014901210101;211;6;8;184;1;0.0;20.35910878112713;3.443432379287743;0.0;3.7;17.0;3.7;17.0;1
2014901210102;270;6;8;184;1;0.0;20.35910878112713;3.443432379287743;0.0;3.63;17.0;3.63;17.0;1
2014901210103;422;6;8;184;1;0.0;20.35910878112713;3.443432379287743;0.0;3.82;17.0;3.82;17.0;1
2014901210104;893;6;8;184;1;0.0;20.35910878112713;3.443432379287743;0.0;3.82;17.0;3.82;17.0;1
2014901210105;903;6;3;184;1;0.0;20.35910878112713;3.443432379287743;0.0;3.65;17.0;3.65;17.0;1
2014901210106;1064;6;8;184;0;0.0;20.35910878112713;3.443432379287743;0.0;3.77;17.0;3.77;17.0;1
2014901210107;1118;6;10;184;1;0.0;20.35910878112713;3.443432379287743;0.0;3.54;17.0;3.54;17.0;1
2014901210108;1333;6;8;184;0;0.0;20.35910878112713;3.443432379287743;0.0;3.63;17.0;3.63;17.0;1
2014901210109;1343;6;8;184;1;0.0;20.35910878112713;3.443432379287743;0.0;3.7;17.0;3.7;17.0;1
2014901210110;1345;6;8;184;0;0.0;20.35910878112713;3.443432379287743;0.0;3.24;17.0;3.24;17.0;1
2014901210111;1400;6;8;184;0;0.0;20.35910878112713;3.443432379287743;0.0;3.65;17.0;3.65;17.0;1
2014901210112;1464;6;8;184;0;0.0;20.35910878112713;3.443432379287743;0.0;3.63;17.0;3.63;17.0;1
2014901210113;1474;6;8;184;0;0.0;20.35910878112713;3.443432379287743;0.0;3.7;17.0;3.7;17.0;1
2014901210114;1683;6;8;184;0;0.0;20.35910878112713;3.443432379287743;0.0;3.7;17.0;3.7;17.0;1
2014901210115;1793;6;8;184;1;0.0;20.35910878112713;3.443432379287743;0.0;3.58;17.0;3.58;17.0;1
2014901210116;1938;6;8;184;0;0.0;20.35910878112713;3.443432379287743;0.0;3.77;17.0;3.77;17.0;1
2014901210117;1734;6;8;184;0;0.0;20.35910878112713;3.443432379287743;0.0;4.0;17.0;4.0;17.0;1
2014901210118;1939;6;8;184;1;0.0;20.35910878112713;3.443432379287743;0.0;3.7;17.0;3.7;17.0;1
2014901210119;1981;6;8;184;0;0.0;20.35910878112713;3.443432379287743;0.0;3.75;17.0;3.75;17.0;1
2014901210120;2271;6;8;184;0;0.0;20.35910878112713;3.443432379287743;0.0;3.52;17.0;3.52;17.0;1
2014901210121;2284;6;8;184;0;0.0;20.35910878112713;3.443432379287743;0.0;3.51;17.0;3.51;17.0;1
2014901210122;2299;6;5;184;1;0.0;20.35910878112713;3.443432379287743;0.0;3.77;17.0;3.77;17.0;1
2014901210123;2350;6;8;184;1;0.0;20.35910878112713;3.443432379287743;0.0;3.65;17.0;3.65;17.0;1
2014901210124;2670;6;5;184;1;0.0;20.35910878112713;3.443432379287743;0.0;3.7;17.0;3.7;17.0;1
2014901210125;2674;6;4;184;1;0.0;20.35910878112713;3.443432379287743;0.0;3.65;17.0;3.65;17.0;1
2014901210126;2734;6;4;184;1;0.0;20.35910878112713;3.443432379287743;0.0;3.7;17.0;3.7;17.0;1
2014901210127;2757;6;10;184;1;0.0;20.35910878112713;3.443432379287743;0.0;3.7;17.0;3.7;17.0;1
2014901210128;2786;6;8;184;1;0.0;20.35910878112713;3.443432379287743;0.0;3.7;17.0;3.7;17.0;1
2014901210129;2876;6;8;184;1;0.0;20.35910878112713;3.443432379287743;0.0;3.7;17.0;3.7;17.0;1
2014901210130;2880;6;2;184;1;0.0;20.35910878112713;3.443432379287743;0.0;3.66;17.0;3.66;17.0;1
2014901210131;2983;6;8;184;1;0.0;20.35910878112713;3.443432379287743;0.0;3.65;17.0;3.65;17.0;1
2014901210132;3026;6;2;184;1;0.0;20.35910878112713;3.443432379287743;0.0;3.7;17.0;3.7;17.0;1
2014901210133;3094;6;5;184;1;0.0;20.35910878112713;3.443432379287743;0.0;3.82;17.0;3.82;17.0;1
2014901210134;3155;6;8;184;1;0.0;20.35910878112713;3.443432379287743;0.0;3.77;17.0;3.77;17.0;1
2014901210135;3162;6;2;184;1;0.0;20.35910878112713;3.443432379287743;0.0;3.77;17.0;3.77;17.0;1
2014901210136;3201;6;8;184;0;0.0;20.35910878112713;3.443432379287743;0.0;3.63;17.0;3.63;17.0;1
2014901210137;3359;6;8;184;0;0.0;20.35910878112713;3.443432379287743;0.0;3.7;17.0;3.7;17.0;1
2014901210138;3541;6;10;184;1;0.0;20.35910878112713;3.443432379287743;0.0;3.82;17.0;3.82;17.0;1
2014901210139;3560;6;4;184;1;0.0;20.35910878112713;3.443432379287743;0.0;3.82;17.0;3.82;17.0;1
2014901210140;3749;6;4;184;1;0.0;20.35910878112713;3.443432379287743;0.0;3.63;17.0;3.63;17.0;1
2014901210141;3767;6;8;184;0;0.0;20.35910878112713;3.443432379287743;0.0;3.63;17.0;3.63;17.0;1
2014901210142;3943;6;8;184;0;0.0;20.35910878112713;3.443432379287743;0.0;3.4;17.0;3.4;17.0;1
2014901210143;4048;6;2;184;1;0.0;20.35910878112713;3.443432379287743;0.0;3.7;17.0;3.7;17.0;1
2014901210144;4172;6;2;184;1;0.0;20.35910878112713;3.443432379287743;0.0;3.95;17.0;3.95;17.0;1
2014901210145;4252;6;8;184;1;0.0;20.35910878112713;3.443432379287743;0.0;3.52;17.0;3.52;17.0;1
2014901210146;746;6;4;184;1;0.0;20.35910878112713;3.443432379287743;0.0;3.65;17.0;3.65;17.0;1
2015401110001;353;1;8;184;2;2.93;20.0;2.93;20.0;3.01;19.0;2.97;39.0;1
2015401110002;666;1;14;184;2;2.95;20.0;2.95;20.0;3.15;19.0;3.05;39.0;1
2015401110003;815;1;8;184;1;3.66;20.0;3.66;20.0;3.86;19.0;3.76;39.0;1
2015401110004;881;1;8;184;2;3.53;20.0;3.53;20.0;3.44;19.0;3.48;39.0;1
2015401110005;943;1;8;184;2;3.5;20.0;3.5;20.0;3.83;19.0;3.66;39.0;1
2015401110006;1038;1;10;184;2;3.01;20.0;3.01;20.0;3.34;19.0;3.17;39.0;1
2015401110007;1428;1;8;184;2;3.64;20.0;3.64;20.0;3.79;19.0;3.72;39.0;1
2015401110008;1610;1;13;184;2;3.02;20.0;3.02;20.0;3.58;19.0;3.29;39.0;1
2015401110009;1747;1;12;184;2;3.22;20.0;3.22;20.0;1.45;19.0;2.36;39.0;0
2015401110010;1957;1;8;184;2;3.22;20.0;3.22;20.0;3.34;19.0;3.28;39.0;1
2015401110011;2039;1;8;184;2;3.09;20.0;3.09;20.0;3.48;19.0;3.28;39.0;1
2015401110012;2770;1;15;184;2;3.36;20.0;3.36;20.0;3.23;19.0;3.3;39.0;1
2015401110013;2850;1;13;184;2;3.3;20.0;3.3;20.0;3.56;19.0;3.43;39.0;1
2015401110014;2984;1;13;184;2;3.09;20.0;3.09;20.0;3.37;19.0;3.23;39.0;1
2015401110015;3112;1;15;184;2;3.42;20.0;3.42;20.0;3.44;19.0;3.43;39.0;1
2015401110016;3282;1;10;184;2;3.3;20.0;3.3;20.0;3.41;19.0;3.35;39.0;1
2015401110017;3433;1;10;184;2;0.2;20.0;0.2;20.0;0.0;0.0;0.2;20.0;0
2015401110018;532;1;13;184;2;3.32;20.0;3.32;20.0;3.75;19.0;3.53;39.0;1
2015401110019;944;1;13;184;2;0.24;20.0;0.24;20.0;0.0;0.0;0.24;20.0;0
2015401110020;955;1;2;184;2;3.59;20.0;3.59;20.0;3.48;19.0;3.54;39.0;1
2015401110021;1690;1;8;184;2;3.53;20.0;3.53;20.0;3.34;19.0;3.43;39.0;1
2015401110022;1906;1;12;184;2;3.08;20.0;3.08;20.0;3.36;19.0;3.22;39.0;1
2015401110024;2682;1;8;184;2;3.67;20.0;3.67;20.0;3.78;19.0;3.72;39.0;1
2015401110025;3309;1;8;184;2;3.64;20.0;3.64;20.0;3.91;19.0;3.77;39.0;1
2015401110026;3663;1;13;184;2;3.63;20.0;3.63;20.0;3.66;19.0;3.64;39.0;1
2015401110027;3852;1;10;184;2;3.19;20.0;3.19;20.0;3.53;19.0;3.36;39.0;1
2015401110028;3903;1;13;184;2;3.52;20.0;3.52;20.0;3.66;19.0;3.59;39.0;1
2015401110029;4096;1;4;184;2;2.99;20.0;2.99;20.0;3.2;19.0;3.09;39.0;1
2022201110001;564;19;8;184;2;3.42;22.0;3.42;22.0;3.68;21.0;3.55;43.0;1
2022201110003;1219;19;10;184;2;3.25;22.0;3.25;22.0;3.46;21.0;3.35;43.0;1
2022201110004;1407;19;8;184;2;3.46;22.0;3.46;22.0;3.49;21.0;3.48;43.0;1
2022201110005;1866;19;13;184;2;3.3;22.0;3.3;22.0;3.64;21.0;3.47;43.0;1
2022201110006;764;19;13;184;2;3.09;22.0;3.09;22.0;3.21;21.0;3.15;43.0;1
2022201110007;864;19;12;184;2;3.34;22.0;3.34;22.0;3.17;21.0;3.26;43.0;1
2022201110008;1110;19;14;184;2;3.5;22.0;3.5;22.0;3.39;21.0;3.45;43.0;1
2022201110009;1280;19;8;184;2;3.21;22.0;3.21;22.0;3.59;21.0;3.4;43.0;1
2022201110010;1846;19;8;184;2;3.36;22.0;3.36;22.0;3.53;21.0;3.45;43.0;1
2022201110012;2185;19;8;184;2;3.1;22.0;3.1;22.0;1.46;21.0;2.3;43.0;0
2022201110013;2249;19;10;184;2;3.02;22.0;3.02;22.0;3.61;21.0;3.31;43.0;1
2022201110014;2280;19;15;184;2;3.05;22.0;3.05;22.0;1.57;21.0;2.32;43.0;0
2022201110015;2364;19;15;184;2;3.38;22.0;3.38;22.0;3.59;21.0;3.48;43.0;1
2022201110016;2318;19;13;184;2;3.2;22.0;3.2;22.0;3.08;21.0;3.14;43.0;1
2022201110018;221;19;8;184;2;3.13;22.0;3.13;22.0;2.81;21.0;2.97;43.0;1
2022201110019;737;19;13;184;2;3.21;22.0;3.21;22.0;1.03;21.0;2.15;43.0;0
2022201110021;1476;19;10;184;2;3.0;22.0;3.0;22.0;2.48;21.0;2.75;43.0;1
2022201110022;2012;19;8;184;2;3.1;22.0;3.1;22.0;3.32;21.0;3.21;43.0;1
2022201110023;2443;19;8;184;2;3.01;22.0;3.01;22.0;3.0;21.0;3.0;43.0;1
2022201110024;1837;19;8;184;2;2.94;22.0;2.94;22.0;0.0;21.0;1.5;43.0;0
2023201110001;33;7;8;184;2;3.87;19.0;3.87;19.0;3.91;20.0;3.89;39.0;1
2023201110002;1136;7;13;184;2;3.83;19.0;3.83;19.0;3.79;20.0;3.81;39.0;1
2023201110003;1864;7;13;184;2;3.83;19.0;3.83;19.0;0.0;0.0;3.83;19.0;1
2023201110004;97;7;8;184;2;3.59;19.0;3.59;19.0;0.0;0.0;3.59;19.0;1
2023201110007;2154;7;12;184;2;3.37;19.0;3.37;19.0;3.82;20.0;3.6;39.0;1
2023201110008;2257;7;12;184;2;3.78;19.0;3.78;19.0;3.76;20.0;3.77;39.0;1
2023201110010;2603;7;8;184;2;3.86;19.0;3.86;19.0;3.88;20.0;3.87;39.0;1
2023201110011;3536;7;12;184;2;0.47;17.0;0.47;17.0;0.0;0.0;0.47;17.0;0
2023201110012;3345;7;15;184;2;1.14;19.0;1.14;19.0;0.0;0.0;1.14;19.0;0
2023201110013;634;7;15;184;2;1.2;19.0;1.2;19.0;0.0;0.0;1.2;19.0;0
2035201110001;1243;17;8;184;2;3.59;20.0;3.59;20.0;1.86;20.0;2.73;40.0;0
2035201110002;2177;17;13;184;2;3.03;20.0;3.03;20.0;1.62;20.0;2.33;40.0;0
2035201110004;3877;17;12;184;2;3.79;20.0;3.79;20.0;3.73;20.0;3.76;40.0;1
2035201110005;19;17;15;184;2;3.68;20.0;3.68;20.0;3.69;20.0;3.69;40.0;1
2035201110007;1079;17;8;184;2;2.92;20.0;2.92;20.0;0.0;0.0;2.92;20.0;1
2035201110008;1840;17;12;184;2;3.4;20.0;3.4;20.0;2.02;20.0;2.71;40.0;0
2035201110009;2142;17;13;184;2;3.69;20.0;3.69;20.0;3.94;20.0;3.82;40.0;1
2035201110010;2215;17;13;184;2;3.26;20.0;3.26;20.0;0.52;20.0;1.89;40.0;0
2035201110011;2387;17;8;184;2;3.65;20.0;3.65;20.0;3.33;20.0;3.49;40.0;1
2035201110012;3627;17;14;184;2;3.31;20.0;3.31;20.0;2.84;20.0;3.08;40.0;1
2035201110014;4168;17;13;184;2;2.89;20.0;2.89;20.0;1.24;20.0;2.07;40.0;0
2035201110015;856;17;13;184;2;1.9;20.0;1.9;20.0;0.0;0.0;1.9;20.0;0
2035201110016;489;17;8;184;2;1.34;20.0;1.34;20.0;0.52;20.0;0.93;40.0;0
2035201110017;824;17;15;184;2;1.51;20.0;1.51;20.0;0.52;20.0;1.02;40.0;0
2035201110018;1336;17;14;184;2;1.61;20.0;1.61;20.0;0.52;20.0;1.07;40.0;0
2035201110019;1831;17;15;184;2;3.66;20.0;3.66;20.0;3.63;20.0;3.65;40.0;1
2048201110001;25;8;8;184;2;3.57;20.0;3.57;20.0;3.36;21.0;3.46;41.0;1
2048201110002;140;8;8;184;2;3.71;20.0;3.71;20.0;3.45;21.0;3.58;41.0;1
2048201110003;181;8;8;184;2;3.29;20.0;3.29;20.0;3.27;21.0;3.28;41.0;1
2048201110004;399;8;8;184;2;3.55;20.0;3.55;20.0;3.32;21.0;3.43;41.0;1
2048201110005;621;8;13;184;2;3.72;20.0;3.72;20.0;3.6;21.0;3.66;41.0;1
2048201110007;684;8;13;184;2;3.26;20.0;3.26;20.0;2.55;21.0;2.9;41.0;1
2048201110008;857;8;10;184;2;3.79;20.0;3.79;20.0;3.57;21.0;3.68;41.0;1
2048201110009;1096;8;8;184;2;3.71;20.0;3.71;20.0;3.25;21.0;3.48;41.0;1
2048201110010;1208;8;14;184;2;3.61;20.0;3.61;20.0;3.41;21.0;3.51;41.0;1
2048201110011;1664;8;10;184;2;3.35;20.0;3.35;20.0;3.53;21.0;3.44;41.0;1
2048201110012;1766;8;13;184;2;3.71;20.0;3.71;20.0;3.36;21.0;3.53;41.0;1
2048201110013;1877;8;2;184;1;3.54;20.0;3.54;20.0;3.5;21.0;3.52;41.0;1
2048201110014;1954;8;8;184;2;3.61;20.0;3.61;20.0;3.44;21.0;3.52;41.0;1
2048201110015;2099;8;14;184;2;3.39;20.0;3.39;20.0;3.28;21.0;3.33;41.0;1
2048201110016;2119;8;8;184;2;3.59;20.0;3.59;20.0;3.41;21.0;3.5;41.0;1
2048201110017;2375;8;12;184;2;3.46;20.0;3.46;20.0;2.81;21.0;3.13;41.0;1
2048201110019;2567;8;4;184;2;3.68;20.0;3.68;20.0;3.42;21.0;3.55;41.0;1
2048201110020;2738;8;8;184;2;3.48;20.0;3.48;20.0;0.0;0.0;3.48;20.0;1
2048201110021;2774;8;8;184;2;3.47;20.0;3.47;20.0;0.0;0.0;3.47;20.0;1
2048201110023;3126;8;8;184;2;3.54;20.0;3.54;20.0;3.33;21.0;3.43;41.0;1
2048201110024;3167;8;13;184;2;3.79;20.0;3.79;20.0;3.79;21.0;3.79;41.0;1
2048201110025;3287;8;15;184;2;3.61;20.0;3.61;20.0;3.51;21.0;3.56;41.0;1
2048201110026;3408;8;12;184;2;3.53;20.0;3.53;20.0;3.47;21.0;3.5;41.0;1
2048201110027;3641;8;5;184;2;3.6;20.0;3.6;20.0;3.19;21.0;3.39;41.0;1
2048201110028;3768;8;8;184;2;3.68;20.0;3.68;20.0;3.5;21.0;3.59;41.0;1
2048201110030;3820;8;13;184;2;3.82;20.0;3.82;20.0;3.73;21.0;3.77;41.0;1
2048201110031;3929;8;8;184;2;3.61;20.0;3.61;20.0;3.42;21.0;3.51;41.0;1
2048201110032;4120;8;13;184;2;3.7;20.0;3.7;20.0;3.48;21.0;3.59;41.0;1
2048201110033;4209;8;8;184;2;3.94;20.0;3.94;20.0;3.7;21.0;3.81;41.0;1
2048201110034;64;8;8;184;2;3.61;20.0;3.61;20.0;3.8;21.0;3.71;41.0;1
2048201110035;167;8;13;184;2;3.23;20.0;3.23;20.0;0.48;21.0;1.82;41.0;0
2048201110036;189;8;14;184;2;3.86;20.0;3.86;20.0;3.85;21.0;3.86;41.0;1
2048201110038;661;8;2;184;2;3.35;20.0;3.35;20.0;2.72;21.0;3.03;41.0;1
2048201110039;689;8;8;184;2;3.33;20.0;3.33;20.0;3.39;21.0;3.36;41.0;1
2048201110040;659;8;8;184;2;3.5;20.0;3.5;20.0;1.59;21.0;2.52;41.0;0
2048201110041;939;8;10;184;2;3.47;20.0;3.47;20.0;3.41;21.0;3.44;41.0;1
2048201110042;1100;8;14;184;2;3.19;20.0;3.19;20.0;1.38;21.0;2.26;41.0;0
2048201110043;1497;8;13;184;2;3.82;20.0;3.82;20.0;3.8;21.0;3.81;41.0;1
2048201110044;1505;8;8;184;2;3.74;20.0;3.74;20.0;0.38;21.0;2.02;41.0;0
2048201110045;1662;8;13;184;2;3.85;20.0;3.85;20.0;3.84;21.0;3.84;41.0;1
2048201110047;1863;8;13;184;2;3.7;20.0;3.7;20.0;3.75;21.0;3.72;41.0;1
2048201110048;1893;8;13;184;2;2.62;20.0;2.62;20.0;2.07;21.0;2.34;41.0;0
2048201110049;2007;8;13;184;2;3.33;20.0;3.33;20.0;3.41;21.0;3.37;41.0;1
2048201110050;2094;8;8;184;2;3.7;20.0;3.7;20.0;3.64;21.0;3.67;41.0;1
2048201110051;2277;8;13;184;2;3.15;20.0;3.15;20.0;2.87;21.0;3.0;41.0;1
2048201110052;2420;8;12;184;2;3.84;20.0;3.84;20.0;3.8;21.0;3.81;41.0;1
2048201110053;2500;8;15;184;2;3.51;20.0;3.51;20.0;3.51;21.0;3.51;41.0;1
2048201110055;2739;8;13;184;2;3.41;20.0;3.41;20.0;3.2;21.0;3.3;41.0;1
2048201110056;2871;8;13;184;2;3.18;20.0;3.18;20.0;0.0;0.0;3.18;20.0;1
2048201110057;2994;8;8;184;2;3.3;20.0;3.3;20.0;3.12;21.0;3.21;41.0;1
2048201110058;3127;8;8;184;2;3.17;20.0;3.17;20.0;2.79;21.0;2.98;41.0;1
2048201110059;3205;8;14;184;2;3.8;20.0;3.8;20.0;3.7;21.0;3.75;41.0;1
2048201110062;3679;8;12;184;2;3.59;20.0;3.59;20.0;3.4;21.0;3.5;41.0;1
2048201110063;3769;8;13;184;2;3.71;20.0;3.71;20.0;3.63;21.0;3.67;41.0;1
2048201110064;3800;8;15;184;2;3.36;20.0;3.36;20.0;3.11;21.0;3.23;41.0;1
2048201110065;3825;8;15;184;2;3.33;20.0;3.33;20.0;3.45;21.0;3.39;41.0;1
2048201110066;3969;8;13;184;2;3.43;20.0;3.43;20.0;3.39;21.0;3.41;41.0;1
2048201110067;131;8;8;184;2;3.41;20.0;3.41;20.0;3.4;21.0;3.4;41.0;1
2048201110068;172;8;15;184;2;3.54;20.0;3.54;20.0;3.4;21.0;3.47;41.0;1
2048201110069;311;8;13;184;2;3.55;20.0;3.55;20.0;3.6;21.0;3.57;41.0;1
2048201110070;622;8;13;184;2;3.22;20.0;3.22;20.0;3.27;21.0;3.25;41.0;1
2048201110071;667;8;8;184;1;3.63;20.0;3.63;20.0;3.47;21.0;3.54;41.0;1
2048201110072;713;8;13;184;2;3.64;20.0;3.64;20.0;3.03;21.0;3.33;41.0;1
2048201110073;836;8;12;184;2;3.5;20.0;3.5;20.0;3.53;21.0;3.51;41.0;1
2048201110074;1025;8;12;184;2;3.41;20.0;3.41;20.0;2.94;21.0;3.17;41.0;1
2048201110079;1913;8;13;184;2;3.43;20.0;3.43;20.0;3.23;21.0;3.33;41.0;1
2048201110080;2022;8;13;184;2;3.67;20.0;3.67;20.0;3.51;21.0;3.59;41.0;1
2048201110082;2202;8;13;184;2;3.52;20.0;3.52;20.0;3.5;21.0;3.51;41.0;1
2048201110083;2328;8;13;184;2;3.64;20.0;3.64;20.0;1.08;21.0;2.32;41.0;0
2048201110084;2286;8;8;184;2;3.73;20.0;3.73;20.0;3.69;21.0;3.71;41.0;1
2048201110085;2588;8;13;184;2;3.72;20.0;3.72;20.0;3.63;21.0;3.67;41.0;1
2048201110086;2750;8;8;184;2;3.35;20.0;3.35;20.0;3.0;21.0;3.17;41.0;1
2048201110087;2905;8;8;184;2;3.85;20.0;3.85;20.0;3.9;21.0;3.87;41.0;1
2048201110088;3027;8;8;184;2;3.49;20.0;3.49;20.0;3.15;21.0;3.31;41.0;1
2048201110089;3166;8;10;184;2;3.63;20.0;3.63;20.0;3.53;21.0;3.58;41.0;1
2048201110090;3286;8;8;184;2;3.68;20.0;3.68;20.0;3.64;21.0;3.66;41.0;1
2048201110091;3406;8;8;184;1;3.8;20.0;3.8;20.0;3.69;21.0;3.74;41.0;1
2048201110092;3516;8;13;184;2;3.81;20.0;3.81;20.0;3.71;21.0;3.76;41.0;1
2048201110093;3716;8;15;184;2;3.73;20.0;3.73;20.0;3.66;21.0;3.69;41.0;1
2048201110094;3789;8;8;184;2;3.62;20.0;3.62;20.0;3.48;21.0;3.55;41.0;1
2048201110095;3810;8;8;184;2;3.85;20.0;3.85;20.0;0.19;21.0;1.98;41.0;0
2048201110096;3845;8;10;184;2;3.85;20.0;3.85;20.0;3.79;21.0;3.82;41.0;1
2048201110097;4099;8;10;184;2;3.61;20.0;3.61;20.0;3.28;21.0;3.44;41.0;1
2048201110098;4124;8;10;184;2;3.73;20.0;3.73;20.0;3.56;21.0;3.64;41.0;1
2048201110099;4183;8;10;184;2;3.7;20.0;3.7;20.0;3.35;21.0;3.52;41.0;1
2048201110100;49;8;8;184;2;3.22;20.0;3.22;20.0;3.29;21.0;3.25;41.0;1
2048201110101;315;8;14;184;2;3.67;20.0;3.67;20.0;3.69;21.0;3.68;41.0;1
2048201110102;539;8;10;184;2;3.32;20.0;3.32;20.0;3.19;21.0;3.25;41.0;1
2048201110103;917;8;10;184;2;3.62;20.0;3.62;20.0;3.69;21.0;3.65;41.0;1
2048201110104;1647;8;8;184;2;3.72;20.0;3.72;20.0;3.66;21.0;3.69;41.0;1
2048201110105;1877;8;2;184;1;3.61;20.0;3.61;20.0;3.58;21.0;3.59;41.0;1
2048201110106;1892;8;14;184;2;3.29;20.0;3.29;20.0;3.44;21.0;3.37;41.0;1
2048201110107;2327;8;10;184;2;3.57;20.0;3.57;20.0;3.02;21.0;3.29;41.0;1
2048201110110;2948;8;8;184;2;3.75;20.0;3.75;20.0;3.7;21.0;3.72;41.0;1
2048201110111;3262;8;13;184;2;3.67;20.0;3.67;20.0;3.67;21.0;3.67;41.0;1
2048201110112;3440;8;10;184;2;3.64;20.0;3.64;20.0;3.55;21.0;3.59;41.0;1
2048201110113;3592;8;10;184;2;3.67;20.0;3.67;20.0;3.44;21.0;3.55;41.0;1
2048201110114;4018;8;13;184;2;3.65;20.0;3.65;20.0;3.32;21.0;3.48;41.0;1
2048201110115;389;8;8;184;2;3.73;20.0;3.73;20.0;3.91;21.0;3.82;41.0;1
2048201110116;626;8;8;184;2;3.54;20.0;3.54;20.0;3.03;21.0;3.28;41.0;1
2048201110117;734;8;15;184;2;3.64;20.0;3.64;20.0;0.0;0.0;3.64;20.0;1
2048201110118;1171;8;8;184;2;3.76;20.0;3.76;20.0;3.82;21.0;3.79;41.0;1
2048201110119;1649;8;8;184;1;3.5;20.0;3.5;20.0;3.72;21.0;3.61;41.0;1
2048201110120;1972;8;12;184;2;3.82;20.0;3.82;20.0;3.71;21.0;3.76;41.0;1
2048201110121;2181;8;13;184;2;3.41;20.0;3.41;20.0;2.88;21.0;3.14;41.0;1
2048201110122;2341;8;13;184;2;3.6;20.0;3.6;20.0;2.99;21.0;3.28;41.0;1
2048201110123;2411;8;10;184;2;3.42;20.0;3.42;20.0;3.46;21.0;3.44;41.0;1
2048201110124;2768;8;8;184;2;3.19;20.0;3.19;20.0;3.13;21.0;3.16;41.0;1
2048201110125;3112;8;15;184;2;3.53;20.0;3.53;20.0;3.4;21.0;3.46;41.0;1
2048201110127;3470;8;10;184;2;2.39;20.0;2.39;20.0;2.4;21.0;2.4;41.0;0
2048201110128;3840;8;8;184;2;3.82;20.0;3.82;20.0;3.79;21.0;3.8;41.0;1
2048201110130;812;8;15;184;2;3.54;20.0;3.54;20.0;3.46;21.0;3.5;41.0;1
2048201110131;1489;8;10;184;2;3.54;20.0;3.54;20.0;3.32;21.0;3.43;41.0;1
2048201110132;1681;8;12;184;2;3.65;20.0;3.65;20.0;3.35;21.0;3.5;41.0;1
2048201110133;1808;8;12;184;2;3.87;20.0;3.87;20.0;3.71;21.0;3.79;41.0;1
2048201110134;2223;8;15;184;2;3.54;20.0;3.54;20.0;3.46;21.0;3.5;41.0;1
2048201110135;2346;8;8;184;2;3.57;20.0;3.57;20.0;3.36;21.0;3.46;41.0;1
2048201110136;2479;8;10;184;2;3.73;20.0;3.73;20.0;3.38;21.0;3.55;41.0;1
2048201110139;3181;8;15;184;2;3.41;20.0;3.41;20.0;3.41;21.0;3.41;41.0;1
2048201110140;3428;8;13;184;2;3.35;20.0;3.35;20.0;3.23;21.0;3.29;41.0;1
2048201110141;3588;8;8;184;0;3.55;20.0;3.55;20.0;3.36;21.0;3.45;41.0;1
2048201110142;3947;8;15;184;2;3.9;20.0;3.9;20.0;3.76;21.0;3.83;41.0;1
2048201110143;32;8;8;184;2;3.13;20.0;3.13;20.0;2.71;21.0;2.92;41.0;1
2048201110144;73;8;8;184;2;3.45;20.0;3.45;20.0;3.31;21.0;3.38;41.0;1
2048201110145;305;8;15;184;2;3.66;20.0;3.66;20.0;3.78;21.0;3.72;41.0;1
2048201110146;586;8;15;184;2;3.77;20.0;3.77;20.0;3.9;21.0;3.84;41.0;1
2048201110147;1277;8;15;184;2;3.64;20.0;3.64;20.0;3.51;21.0;3.57;41.0;1
2048201110149;380;8;13;184;2;3.64;20.0;3.64;20.0;3.4;21.0;3.51;41.0;1
2048201110151;1425;8;10;184;2;3.43;20.0;3.43;20.0;3.68;21.0;3.56;41.0;1
2048201110152;2219;8;10;184;2;2.58;20.0;2.58;20.0;1.84;21.0;2.2;41.0;0
2048201110154;424;8;15;184;2;3.82;20.0;3.82;20.0;3.87;21.0;3.84;41.0;1
2048201110155;515;8;8;184;2;3.85;20.0;3.85;20.0;3.83;21.0;3.84;41.0;1
2048201110157;1366;8;13;184;2;3.52;20.0;3.52;20.0;3.32;21.0;3.42;41.0;1
2048201110158;1462;8;15;184;2;2.85;20.0;2.85;20.0;1.76;21.0;2.29;41.0;0
2048201110159;2008;8;13;184;2;3.33;20.0;3.33;20.0;3.05;21.0;3.19;41.0;1
2048201110160;2957;8;14;184;2;3.7;20.0;3.7;20.0;3.55;21.0;3.62;41.0;1
2048201110161;3776;8;13;184;2;3.54;20.0;3.54;20.0;3.53;21.0;3.54;41.0;1
2048201110162;2571;8;8;184;1;3.7;20.0;3.7;20.0;3.61;21.0;3.66;41.0;1
2048201110163;2959;8;13;184;2;3.73;20.0;3.73;20.0;3.61;21.0;3.67;41.0;1
2048201110164;3815;8;10;184;2;3.82;20.0;3.82;20.0;3.83;21.0;3.82;41.0;1
2048201110165;2819;8;14;184;2;3.52;20.0;3.52;20.0;3.28;21.0;3.4;41.0;1
2048201110166;3004;8;15;184;2;3.18;20.0;3.18;20.0;2.95;21.0;3.06;41.0;1
2048201110167;4064;8;8;184;2;3.31;20.0;3.31;20.0;3.11;21.0;3.21;41.0;1
2048201110168;3103;8;8;184;2;2.34;20.0;2.34;20.0;2.45;21.0;2.4;41.0;0
2048401110001;488;0;8;184;2;3.53;20.0;3.53;20.0;3.42;22.0;3.47;42.0;1
2048401110002;588;0;8;184;2;3.73;20.0;3.73;20.0;3.63;22.0;3.68;42.0;1
2048401110003;683;0;8;184;2;3.78;20.0;3.78;20.0;3.75;22.0;3.76;42.0;1
2048401110006;1385;0;13;184;2;2.83;20.0;2.83;20.0;0.36;22.0;1.54;42.0;0
2048401110007;1434;0;8;184;2;3.64;20.0;3.64;20.0;3.86;22.0;3.76;42.0;1
2048401110008;1594;0;13;184;2;3.48;20.0;3.48;20.0;3.45;22.0;3.47;42.0;1
2048401110009;1832;0;13;184;2;3.83;20.0;3.83;20.0;3.3;22.0;3.55;42.0;1
2048401110010;2496;0;8;184;2;3.82;20.0;3.82;20.0;3.76;22.0;3.79;42.0;1
2048401110011;2545;0;14;184;2;3.49;20.0;3.49;20.0;3.28;22.0;3.38;42.0;1
2048401110013;2887;0;15;184;2;3.61;20.0;3.61;20.0;3.38;22.0;3.49;42.0;1
2048401110014;2949;0;10;184;2;3.59;20.0;3.59;20.0;3.75;22.0;3.68;42.0;1
2048401110015;3202;0;8;184;2;3.36;20.0;3.36;20.0;3.36;22.0;3.36;42.0;1
2048401110016;3221;0;10;184;2;2.45;20.0;2.45;20.0;0.27;22.0;1.31;42.0;0
2048401110017;3705;0;10;184;2;3.74;20.0;3.74;20.0;3.91;22.0;3.83;42.0;1
2048401110018;529;0;8;184;2;3.72;20.0;3.72;20.0;3.82;22.0;3.77;42.0;1
2048401110019;542;0;15;184;2;3.68;20.0;3.68;20.0;3.56;22.0;3.62;42.0;1
2048401110021;832;0;15;184;2;3.69;20.0;3.69;20.0;3.76;22.0;3.72;42.0;1
2048401110023;898;0;13;184;2;3.42;20.0;3.42;20.0;3.25;22.0;3.33;42.0;1
2048401110024;1445;0;13;184;2;3.82;20.0;3.82;20.0;3.86;22.0;3.84;42.0;1
2048401110025;1560;0;8;184;2;3.47;20.0;3.47;20.0;3.45;22.0;3.46;42.0;1
2048401110026;1589;0;13;184;2;3.61;20.0;3.61;20.0;3.63;22.0;3.62;42.0;1
2048401110027;1649;0;8;184;1;3.39;20.0;3.39;20.0;3.38;22.0;3.39;42.0;1
2048401110029;1873;0;13;184;2;3.77;20.0;3.77;20.0;3.93;22.0;3.85;42.0;1
2048401110030;1894;0;15;184;2;3.76;20.0;3.76;20.0;3.52;22.0;3.63;42.0;1
2048401110031;2068;0;12;184;2;3.08;20.0;3.08;20.0;0.0;0.0;3.08;20.0;1
2048401110032;2402;0;8;184;2;3.57;20.0;3.57;20.0;3.45;22.0;3.51;42.0;1
2048401110033;1841;0;8;184;0;3.63;20.0;3.63;20.0;3.65;22.0;3.64;42.0;1
2048401110034;1843;0;8;184;0;3.13;20.0;3.13;20.0;2.75;22.0;2.93;42.0;1
2048401110035;2578;0;15;184;2;3.76;20.0;3.76;20.0;3.72;22.0;3.74;42.0;1
2048401110036;2975;0;15;184;2;3.68;20.0;3.68;20.0;3.66;22.0;3.67;42.0;1
2048401110038;3154;0;15;184;2;3.69;20.0;3.69;20.0;1.5;22.0;2.54;42.0;0
2048401110039;3245;0;15;184;2;3.57;20.0;3.57;20.0;3.48;22.0;3.52;42.0;1
2048401110040;3628;0;8;184;2;3.83;20.0;3.83;20.0;3.86;22.0;3.85;42.0;1
2048401110041;3757;0;13;184;2;3.72;20.0;3.72;20.0;3.87;22.0;3.8;42.0;1
2048401110042;3836;0;10;184;2;3.3;20.0;3.3;20.0;3.2;22.0;3.25;42.0;1
2048401110043;658;0;15;184;2;3.72;20.0;3.72;20.0;3.5;22.0;3.6;42.0;1
2055201110001;171;9;8;184;2;3.75;19.0;3.75;19.0;3.7;23.0;3.72;42.0;1
2055201110002;535;9;12;184;2;3.66;19.0;3.66;19.0;3.63;23.0;3.65;42.0;1
2055201110003;610;9;12;184;2;3.05;19.0;3.05;19.0;2.4;23.0;2.7;42.0;0
2055201110004;1858;9;8;184;2;3.39;19.0;3.39;19.0;3.07;23.0;3.21;42.0;1
2055201110005;2408;9;8;184;2;3.91;19.0;3.91;19.0;3.71;23.0;3.8;42.0;1
2055201110006;3333;9;8;184;2;3.54;19.0;3.54;19.0;3.49;23.0;3.51;42.0;1
2055201110007;217;9;14;184;2;3.91;19.0;3.91;19.0;3.7;23.0;3.79;42.0;1
2055201110008;504;9;8;184;2;2.55;19.0;2.55;19.0;1.17;19.0;1.86;38.0;0
2055201110009;607;9;12;184;2;3.77;19.0;3.77;19.0;3.63;23.0;3.7;42.0;1
2055201110010;733;9;5;184;2;3.63;19.0;3.63;19.0;3.63;23.0;3.63;42.0;1
2055201110012;1419;9;15;184;2;3.08;19.0;3.08;19.0;2.28;23.0;2.64;42.0;0
2055201110013;1518;9;8;184;2;3.37;19.0;3.37;19.0;1.31;23.0;2.25;42.0;0
2055201110014;1520;9;8;184;2;3.49;19.0;3.49;19.0;3.5;23.0;3.5;42.0;1
2055201110015;1786;9;8;184;2;3.26;19.0;3.26;19.0;2.82;23.0;3.02;42.0;1
2055201110017;2204;9;8;184;2;3.73;19.0;3.73;19.0;3.32;23.0;3.5;42.0;1
2055201110018;2247;9;15;184;2;1.65;19.0;1.65;19.0;0.0;0.0;1.65;19.0;0
2055201110019;2409;9;15;184;2;3.16;19.0;3.16;19.0;1.11;19.0;2.13;38.0;0
2055201110020;2492;9;14;184;2;3.69;19.0;3.69;19.0;3.78;23.0;3.74;42.0;1
2055201110021;2920;9;8;184;2;3.81;19.0;3.81;19.0;3.66;23.0;3.73;42.0;1
2055201110022;3336;9;15;184;2;3.64;19.0;3.64;19.0;3.32;23.0;3.47;42.0;1
2055201110024;3491;9;15;184;2;3.58;19.0;3.58;19.0;3.19;23.0;3.37;42.0;1
2055201110025;3492;9;14;184;2;3.62;19.0;3.62;19.0;3.32;23.0;3.46;42.0;1
2055201110027;4029;9;10;184;2;3.94;19.0;3.94;19.0;3.75;23.0;3.84;42.0;1
2055201110028;4042;9;10;184;2;3.73;19.0;3.73;19.0;3.87;23.0;3.8;42.0;1
2055201110029;94;9;13;184;2;3.52;19.0;3.52;19.0;3.45;23.0;3.48;42.0;1
2055201110030;2378;9;8;184;2;3.69;19.0;3.69;19.0;3.78;23.0;3.74;42.0;1
2055201110031;3772;9;13;184;2;3.56;19.0;3.56;19.0;3.53;23.0;3.55;42.0;1
2055201110032;584;9;8;184;2;3.01;19.0;3.01;19.0;1.63;23.0;2.25;42.0;0
2055201110033;3683;9;13;184;2;3.84;19.0;3.84;19.0;3.71;23.0;3.77;42.0;1
2055201110034;110;9;13;184;2;3.79;19.0;3.79;19.0;3.69;21.0;3.74;40.0;1
2055201110035;159;9;13;184;2;2.52;19.0;2.52;19.0;0.0;0.0;2.52;19.0;0
2055201110036;2161;9;8;184;2;3.58;19.0;3.58;19.0;3.41;21.0;3.49;40.0;1
2055201110037;2325;9;15;184;2;3.22;19.0;3.22;19.0;3.58;21.0;3.41;40.0;1
2055201110038;3716;9;15;184;2;3.48;19.0;3.48;19.0;2.78;21.0;3.11;40.0;1
2055201110039;105;9;8;184;2;3.78;19.0;3.78;19.0;3.63;21.0;3.7;40.0;1
2055201110040;2076;9;15;184;2;3.41;19.0;3.41;19.0;3.56;21.0;3.49;40.0;1
2061206110001;3277;16;8;184;2;3.96;22.0;3.96;22.0;3.95;23.0;3.95;45.0;1
2061206110002;855;16;13;184;2;3.88;22.0;3.88;22.0;3.88;23.0;3.88;45.0;1
2061206110003;1103;16;12;184;2;4.0;22.0;4.0;22.0;3.63;23.0;3.81;45.0;1
2061206110004;1847;16;12;184;2;0.0;22.0;3.443432379287743;22.0;0.32;23.0;0.16;45.0;0
2061206110005;2562;16;8;184;2;3.49;22.0;3.49;22.0;3.91;23.0;3.7;45.0;1
2061206110006;4080;16;8;184;2;3.97;22.0;3.97;22.0;3.95;23.0;3.96;45.0;1
2073201110002;433;18;8;184;2;3.75;20.0;3.75;20.0;3.82;20.0;3.78;40.0;1
2073201110003;835;18;14;184;2;3.79;20.0;3.79;20.0;3.8;20.0;3.79;40.0;1
2073201110004;1143;18;10;184;2;3.91;20.0;3.91;20.0;4.0;20.0;3.95;40.0;1
2073201110006;1710;18;8;184;2;3.78;20.0;3.78;20.0;3.72;20.0;3.75;40.0;1
2073201110007;1900;18;4;184;2;3.82;20.0;3.82;20.0;3.89;20.0;3.85;40.0;1
2073201110008;2512;18;8;184;2;3.26;20.0;3.26;20.0;3.22;20.0;3.24;40.0;1
2073201110009;2761;18;8;184;2;3.81;20.0;3.81;20.0;3.71;20.0;3.76;40.0;1
2073201110010;3140;18;4;184;2;3.85;20.0;3.85;20.0;3.82;20.0;3.83;40.0;1
2073201110011;3283;18;8;184;2;3.87;20.0;3.87;20.0;3.46;20.0;3.66;40.0;1
2073201110013;3698;18;10;184;2;3.66;20.0;3.66;20.0;3.72;20.0;3.69;40.0;1
2073201110014;3752;18;8;184;2;3.63;20.0;3.63;20.0;3.79;20.0;3.7;40.0;1
2073201110015;4037;18;13;184;2;3.85;20.0;3.85;20.0;3.86;20.0;3.85;40.0;1
2073201110016;4103;18;8;184;2;3.79;20.0;3.79;20.0;3.38;20.0;3.59;40.0;1
2073201110017;58;18;13;184;2;3.82;20.0;3.82;20.0;3.82;20.0;3.82;40.0;1
2073201110018;78;18;10;184;2;3.85;20.0;3.85;20.0;3.58;20.0;3.71;40.0;1
2073201110020;290;18;8;184;2;3.66;20.0;3.66;20.0;3.38;20.0;3.51;40.0;1
2073201110021;352;18;13;184;2;3.84;20.0;3.84;20.0;3.67;20.0;3.75;40.0;1
2073201110022;512;18;8;184;2;3.94;20.0;3.94;20.0;3.94;20.0;3.94;40.0;1
2073201110023;547;18;8;184;2;3.96;20.0;3.96;20.0;3.71;20.0;3.83;40.0;1
2073201110025;1142;18;14;184;2;3.79;20.0;3.79;20.0;3.62;20.0;3.7;40.0;1
2073201110026;1153;18;12;184;2;3.82;20.0;3.82;20.0;3.29;20.0;3.55;40.0;1
2073201110027;1156;18;5;184;2;3.63;20.0;3.63;20.0;3.61;20.0;3.62;40.0;1
2073201110028;1207;18;8;184;2;3.69;20.0;3.69;20.0;3.76;20.0;3.72;40.0;1
2073201110029;1256;18;13;184;2;3.72;20.0;3.72;20.0;3.79;20.0;3.75;40.0;1
2073201110030;1309;18;8;184;2;3.73;20.0;3.73;20.0;3.62;20.0;3.67;40.0;1
2073201110031;1367;18;12;184;2;3.87;20.0;3.87;20.0;3.77;20.0;3.82;40.0;1
2073201110032;1417;18;8;184;2;3.85;20.0;3.85;20.0;3.92;20.0;3.88;40.0;1
2073201110033;1498;18;10;184;2;3.71;20.0;3.71;20.0;3.86;20.0;3.78;40.0;1
2073201110034;1546;18;10;184;2;3.79;20.0;3.79;20.0;3.8;20.0;3.79;40.0;1
2073201110035;1950;18;8;184;2;3.7;20.0;3.7;20.0;3.79;20.0;3.74;40.0;1
2073201110036;2375;18;12;184;2;0.49;20.0;0.49;20.0;0.0;0.0;0.49;20.0;0
2073201110037;2433;18;8;184;2;3.91;20.0;3.91;20.0;3.79;20.0;3.85;40.0;1
2073201110038;2652;18;4;184;2;3.54;20.0;3.54;20.0;3.67;20.0;3.6;40.0;1
2073201110039;2680;18;14;184;2;3.64;20.0;3.64;20.0;3.47;20.0;3.56;40.0;1
2073201110041;2950;18;15;184;2;3.51;20.0;3.51;20.0;3.2;20.0;3.35;40.0;1
2073201110042;3275;18;13;184;2;3.72;20.0;3.72;20.0;3.71;20.0;3.71;40.0;1
2073201110043;3519;18;15;184;2;3.58;20.0;3.58;20.0;3.54;20.0;3.56;40.0;1
2073201110044;3610;18;10;184;2;3.6;20.0;3.6;20.0;3.58;20.0;3.59;40.0;1
2073201110045;3646;18;15;184;2;3.85;20.0;3.85;20.0;3.82;20.0;3.83;40.0;1
2073201110046;3804;18;13;184;2;3.79;20.0;3.79;20.0;3.72;20.0;3.76;40.0;1
2073201110047;3992;18;13;184;2;3.15;20.0;3.15;20.0;3.42;20.0;3.28;40.0;1
2073201110048;4085;18;8;184;2;3.6;20.0;3.6;20.0;3.63;20.0;3.61;40.0;1
2073201110049;4130;18;13;184;2;3.82;20.0;3.82;20.0;3.79;20.0;3.8;40.0;1
2073201110050;442;18;8;184;2;3.78;20.0;3.78;20.0;3.74;20.0;3.76;40.0;1
2073201110052;3771;18;14;184;2;3.94;20.0;3.94;20.0;3.88;20.0;3.91;40.0;1
2073201110053;1722;18;13;184;2;3.87;20.0;3.87;20.0;3.68;20.0;3.77;40.0;1
2073201110054;1896;18;8;184;2;0.94;20.0;0.94;20.0;0.0;0.0;0.94;20.0;0
2084202110001;1984;15;8;184;2;4.0;19.0;4.0;19.0;3.97;19.0;3.98;38.0;1
2084202110002;2035;15;14;184;2;3.15;19.0;3.15;19.0;3.63;19.0;3.39;38.0;1
2084202110003;2921;15;13;184;2;3.65;19.0;3.65;19.0;3.91;19.0;3.78;38.0;1
2084202110004;288;15;8;184;2;3.27;19.0;3.27;19.0;3.07;19.0;3.17;38.0;1
2084202110005;346;15;13;184;2;3.74;19.0;3.74;19.0;3.91;19.0;3.82;38.0;1
2084202110006;505;15;12;184;2;3.52;19.0;3.52;19.0;3.43;19.0;3.47;38.0;1
2084202110007;669;15;8;184;2;3.81;19.0;3.81;19.0;3.74;19.0;3.77;38.0;1
2084202110008;709;15;13;184;2;3.86;19.0;3.86;19.0;3.91;19.0;3.88;38.0;1
2084202110009;1052;15;8;184;2;3.53;19.0;3.53;19.0;3.32;19.0;3.42;38.0;1
2084202110010;1180;15;8;184;2;3.86;19.0;3.86;19.0;3.84;19.0;3.85;38.0;1
2084202110011;1331;15;15;184;2;3.83;19.0;3.83;19.0;3.83;19.0;3.83;38.0;1
2084202110012;1390;15;13;184;2;3.66;19.0;3.66;19.0;3.54;19.0;3.6;38.0;1
2084202110013;1758;15;8;184;2;3.56;19.0;3.56;19.0;3.14;19.0;3.35;38.0;1
2084202110014;1862;15;15;184;2;3.55;19.0;3.55;19.0;2.98;19.0;3.27;38.0;1
2084202110015;1988;15;13;184;2;3.53;19.0;3.53;19.0;3.91;19.0;3.72;38.0;1
2084202110016;2243;15;13;184;2;3.03;19.0;3.03;19.0;3.39;19.0;3.21;38.0;1
2084202110018;2839;15;13;184;2;2.73;19.0;2.73;19.0;2.97;19.0;2.85;38.0;1
2084202110019;3394;15;8;184;2;3.45;19.0;3.45;19.0;3.64;19.0;3.55;38.0;1
2084202110020;3730;15;5;184;1;3.81;19.0;3.81;19.0;3.58;19.0;3.7;38.0;1
2084202110021;4010;15;13;184;2;3.8;19.0;3.8;19.0;3.75;19.0;3.77;38.0;1
2084202110022;4129;15;8;184;2;3.57;19.0;3.57;19.0;3.36;19.0;3.47;38.0;1
2084202110023;4215;15;8;184;2;3.65;19.0;3.65;19.0;3.86;19.0;3.76;38.0;1
2084202110024;4216;15;8;184;2;3.09;19.0;3.09;19.0;2.75;19.0;2.92;38.0;1
2084202110026;2838;15;13;184;2;2.93;19.0;2.93;19.0;2.49;19.0;2.71;38.0;0
2084202110027;2782;15;13;184;2;2.02;19.0;2.02;19.0;3.28;19.0;2.65;38.0;0
2084202110028;3448;15;8;184;2;3.53;19.0;3.53;19.0;3.51;19.0;3.52;38.0;1
2084202110029;2266;15;8;184;2;3.17;19.0;3.17;19.0;3.48;19.0;3.32;38.0;1
2086233110001;390;14;8;184;2;3.82;21.0;3.82;21.0;3.94;21.0;3.7;44.0;1
2086233110002;891;14;14;184;2;3.94;21.0;3.94;21.0;3.89;21.0;3.74;44.0;1
2086233110003;1429;14;12;184;2;3.94;21.0;3.94;21.0;3.97;21.0;3.78;44.0;1
2086233110004;2667;14;8;184;2;3.76;21.0;3.76;21.0;3.91;21.0;3.66;44.0;1
2086233110005;1575;14;8;184;2;3.85;21.0;3.85;21.0;3.83;21.0;3.66;44.0;1
2086233110006;2123;14;8;184;2;3.97;21.0;3.97;21.0;4.0;21.0;3.8;44.0;1
2086233110007;1320;14;13;184;2;3.82;21.0;3.82;21.0;3.94;21.0;3.7;44.0;1
2086233110008;1423;14;8;184;2;3.76;21.0;3.76;21.0;3.86;21.0;3.64;44.0;1
2086233110009;1901;14;15;184;2;3.86;21.0;3.86;21.0;3.89;21.0;3.7;44.0;1
2086233110010;1947;14;8;184;2;3.97;21.0;3.97;21.0;3.94;21.0;3.78;44.0;1
2086233110011;2740;14;10;184;2;3.86;21.0;3.86;21.0;3.91;21.0;3.71;44.0;1
2088201110001;3202;12;8;184;2;3.65;19.0;3.65;19.0;3.49;22.0;3.56;41.0;1
2088201110002;3241;12;8;184;2;3.29;19.0;3.29;19.0;3.37;22.0;3.34;41.0;1
2088201110003;256;12;8;184;2;3.34;19.0;3.34;19.0;3.25;22.0;3.29;41.0;1
2088201110004;266;12;13;184;2;3.28;19.0;3.28;19.0;3.28;22.0;3.28;41.0;1
2088201110005;406;12;13;184;2;3.48;19.0;3.48;19.0;3.31;22.0;3.39;41.0;1
2088201110006;708;12;13;184;2;3.51;19.0;3.51;19.0;3.15;22.0;3.32;41.0;1
2088201110007;777;12;13;184;2;3.49;19.0;3.49;19.0;3.52;22.0;3.51;41.0;1
2088201110008;817;12;13;184;2;3.46;19.0;3.46;19.0;3.52;22.0;3.49;41.0;1
2088201110009;953;12;13;184;2;3.52;19.0;3.52;19.0;3.57;22.0;3.55;41.0;1
2088201110010;1092;12;13;184;2;3.61;19.0;3.61;19.0;3.44;22.0;3.52;41.0;1
2088201110011;1643;12;8;184;2;3.25;19.0;3.25;19.0;3.34;22.0;3.3;41.0;1
2088201110013;1728;12;8;184;2;3.58;19.0;3.58;19.0;3.7;22.0;3.65;41.0;1
2088201110014;1940;12;13;184;2;3.43;19.0;3.43;19.0;3.22;22.0;3.32;41.0;1
2088201110015;1966;12;8;184;2;3.33;19.0;3.33;19.0;3.46;22.0;3.4;41.0;1
2088201110016;2424;12;15;184;2;2.95;19.0;2.95;19.0;2.84;22.0;2.89;41.0;1
2088201110017;2402;12;8;184;2;3.3;19.0;3.3;19.0;3.04;22.0;3.16;41.0;1
2088201110018;2590;12;14;184;2;3.46;19.0;3.46;19.0;3.22;22.0;3.33;41.0;1
2088201110019;2692;12;15;184;2;3.52;19.0;3.52;19.0;3.5;22.0;3.5;41.0;1
2088201110020;2705;12;8;184;2;3.31;19.0;3.31;19.0;2.92;22.0;3.1;41.0;1
2088201110021;3030;12;13;184;2;1.09;19.0;1.09;19.0;3.42;22.0;2.34;41.0;0
2088201110022;3214;12;15;184;2;3.51;19.0;3.51;19.0;3.21;22.0;3.35;41.0;1
2088201110023;3765;12;8;184;2;3.63;19.0;3.63;19.0;3.57;22.0;3.6;41.0;1
2088201110024;3892;12;15;184;2;3.62;19.0;3.62;19.0;3.27;22.0;3.43;41.0;1
2088201110025;4212;12;8;184;2;3.45;19.0;3.45;19.0;3.43;22.0;3.44;41.0;1
2088201110027;4244;12;14;184;2;3.48;19.0;3.48;19.0;3.46;22.0;3.47;41.0;1
2088201110028;4201;12;13;184;2;3.48;19.0;3.48;19.0;3.25;22.0;3.35;41.0;1
2088201110029;1279;12;4;184;1;3.41;19.0;3.41;19.0;3.48;22.0;3.45;41.0;1
2088201110030;1608;12;8;184;2;3.37;19.0;3.37;19.0;3.43;22.0;3.4;41.0;1
2088201110031;1922;12;12;184;2;3.4;19.0;3.4;19.0;3.48;22.0;3.44;41.0;1
2088201110032;3033;12;8;184;2;3.54;19.0;3.54;19.0;3.55;22.0;3.54;41.0;1
2088201110033;781;12;8;184;2;3.41;19.0;3.41;19.0;3.41;22.0;3.41;41.0;1
2088201110034;97;12;8;184;2;3.48;19.0;3.48;19.0;3.44;22.0;3.46;41.0;1
2088201110035;149;12;13;184;2;2.4;19.0;2.4;19.0;3.38;22.0;2.93;41.0;1
2088201110036;164;12;15;184;2;3.44;19.0;3.44;19.0;3.56;22.0;3.5;41.0;1
2088201110038;1882;12;2;184;1;3.42;19.0;3.42;19.0;3.3;22.0;3.35;41.0;1
2088201110040;1802;12;8;184;2;2.96;19.0;2.96;19.0;3.34;22.0;3.16;41.0;1
2088203110001;627;13;8;184;2;3.82;20.0;3.82;20.0;3.66;20.0;3.74;40.0;1
2088203110002;1721;13;13;184;2;3.79;20.0;3.79;20.0;3.72;20.0;3.76;40.0;1
2088203110003;96;13;12;184;2;2.81;20.0;2.81;20.0;1.79;20.0;2.3;40.0;0
2088203110004;216;13;8;184;2;3.82;20.0;3.82;20.0;3.54;20.0;3.68;40.0;1
2088203110006;302;13;8;184;2;3.72;20.0;3.72;20.0;3.03;20.0;3.38;40.0;1
2088203110007;331;13;15;184;2;3.63;20.0;3.63;20.0;3.62;20.0;3.63;40.0;1
2088203110009;459;13;15;184;2;3.76;20.0;3.76;20.0;3.76;20.0;3.76;40.0;1
2088203110010;470;13;15;184;2;3.85;20.0;3.85;20.0;3.67;20.0;3.76;40.0;1
2088203110011;531;13;13;184;2;3.87;20.0;3.87;20.0;3.85;20.0;3.86;40.0;1
2088203110012;571;13;8;184;2;2.64;20.0;2.64;20.0;3.75;20.0;3.2;40.0;1
2088203110013;664;13;8;184;2;3.73;20.0;3.73;20.0;3.66;20.0;3.7;40.0;1
2088203110014;675;13;12;184;2;3.45;20.0;3.45;20.0;3.79;20.0;3.62;40.0;1
2088203110015;883;13;13;184;2;3.78;20.0;3.78;20.0;3.85;20.0;3.82;40.0;1
2088203110017;1238;13;8;184;2;3.81;20.0;3.81;20.0;3.5;20.0;3.66;40.0;1
2088203110018;1295;13;13;184;2;3.76;20.0;3.76;20.0;3.91;20.0;3.84;40.0;1
2088203110020;1512;13;15;184;2;3.88;20.0;3.88;20.0;3.76;20.0;3.82;40.0;1
2088203110021;1691;13;8;184;2;3.69;20.0;3.69;20.0;3.76;20.0;3.73;40.0;1
2088203110022;1982;13;13;184;2;3.45;20.0;3.45;20.0;3.85;20.0;3.65;40.0;1
2088203110023;1877;13;2;184;1;3.79;20.0;3.79;20.0;3.69;20.0;3.74;40.0;1
2088203110024;2010;13;8;184;2;3.78;20.0;3.78;20.0;3.63;20.0;3.71;40.0;1
2088203110025;2018;13;13;184;2;3.48;20.0;3.48;20.0;3.88;20.0;3.68;40.0;1
2088203110026;2152;13;8;184;2;3.79;20.0;3.79;20.0;3.52;20.0;3.66;40.0;1
2088203110027;2427;13;8;184;2;3.85;20.0;3.85;20.0;2.99;20.0;3.42;40.0;1
2088203110028;2707;13;10;184;2;3.67;20.0;3.67;20.0;3.46;20.0;3.57;40.0;1
2088203110029;2766;13;12;184;2;3.69;20.0;3.69;20.0;3.69;20.0;3.69;40.0;1
2088203110030;2822;13;15;184;2;3.36;20.0;3.36;20.0;3.26;20.0;3.31;40.0;1
2088203110032;2941;13;8;184;2;3.79;20.0;3.79;20.0;3.69;20.0;3.74;40.0;1
2088203110033;3157;13;15;184;2;3.63;20.0;3.63;20.0;3.4;20.0;3.52;40.0;1
2088203110034;3307;13;15;184;2;3.75;20.0;3.75;20.0;3.65;20.0;3.7;40.0;1
2088203110035;3621;13;15;184;2;3.72;20.0;3.72;20.0;3.43;20.0;3.58;40.0;1
2088203110036;4305;13;13;184;2;3.25;20.0;3.25;20.0;1.38;20.0;2.32;40.0;0
2088203110037;257;13;8;184;2;3.41;20.0;3.41;20.0;3.17;20.0;3.29;40.0;1
2088203110038;2425;13;8;184;2;3.85;20.0;3.85;20.0;3.76;20.0;3.81;40.0;1
2088203110039;926;13;4;184;2;2.75;20.0;2.75;20.0;0.0;0.0;2.75;20.0;1
2088203110040;2836;13;8;184;2;3.79;20.0;3.79;20.0;3.66;20.0;3.73;40.0;1
2114101110001;649;20;8;184;0;3.72;16.0;3.72;16.0;3.96;14.0;3.83;30.0;1
2114101110002;1258;20;8;184;0;3.81;16.0;3.81;16.0;3.91;14.0;3.86;30.0;1
2114101110003;1408;20;8;184;0;3.96;16.0;3.96;16.0;4.0;14.0;3.98;30.0;1
2114101110004;1486;20;8;184;0;3.92;16.0;3.92;16.0;3.91;14.0;3.92;30.0;1
2114101110005;2849;20;8;184;0;3.68;16.0;3.68;16.0;3.91;14.0;3.79;30.0;1
2114101110006;3625;20;8;184;0;4.0;16.0;4.0;16.0;3.91;14.0;3.96;30.0;1
2114101110007;3909;20;8;184;0;3.8;16.0;3.8;16.0;4.0;14.0;3.89;30.0;1
2114101110008;635;20;8;184;0;3.83;16.0;3.83;16.0;3.96;14.0;3.89;30.0;1
2114101110009;1065;20;8;184;0;4.0;16.0;4.0;16.0;4.0;14.0;4.0;30.0;1
2114101110010;2337;20;8;184;0;3.96;16.0;3.96;16.0;4.0;14.0;3.98;30.0;1
2114101110011;2414;20;8;184;0;3.87;16.0;3.87;16.0;3.91;14.0;3.89;30.0;1
2114101110012;2980;20;8;184;0;3.88;16.0;3.88;16.0;3.96;14.0;3.92;30.0;1
2114101110013;3314;20;8;184;0;3.6;16.0;3.6;16.0;3.77;14.0;3.68;30.0;1
2114101110014;3920;20;8;184;0;3.87;16.0;3.87;16.0;4.0;14.0;3.93;30.0;1
2114101110015;4049;20;8;184;0;3.85;16.0;3.85;16.0;3.86;14.0;3.85;30.0;1
2114101110016;4184;20;8;184;0;3.96;16.0;3.96;16.0;4.0;14.0;3.98;30.0;1
2114101110017;989;20;8;184;0;3.76;16.0;3.76;16.0;3.91;14.0;3.83;30.0;1
2114201110002;61;11;13;184;3;3.56;22.0;3.56;22.0;3.65;22.0;3.6;44.0;1
2114201110003;702;11;12;184;3;3.12;22.0;3.12;22.0;3.43;22.0;3.28;44.0;1
2114201110004;772;11;13;184;3;3.54;22.0;3.54;22.0;3.47;22.0;3.51;44.0;1
2114201110005;1298;11;14;184;3;3.65;22.0;3.65;22.0;3.7;22.0;3.68;44.0;1
2114201110006;1826;11;8;184;3;3.54;22.0;3.54;22.0;3.69;22.0;3.62;44.0;1
2114201110007;2057;11;15;184;3;3.42;22.0;3.42;22.0;3.75;22.0;3.59;44.0;1
2114201110008;2288;11;15;184;3;3.57;22.0;3.57;22.0;3.35;22.0;3.46;44.0;1
2114201110009;2446;11;15;184;3;3.53;22.0;3.53;22.0;3.6;22.0;3.57;44.0;1
2114201110010;2554;11;8;184;3;3.67;22.0;3.67;22.0;3.82;22.0;3.75;44.0;1
2114201110011;2587;11;8;184;3;3.33;22.0;3.33;22.0;3.46;22.0;3.4;44.0;1
2114201110012;2722;11;8;184;1;3.68;22.0;3.68;22.0;3.71;22.0;3.7;44.0;1
2114201110013;2989;11;8;184;3;3.7;22.0;3.7;22.0;3.71;22.0;3.71;44.0;1
2114201110014;98;11;13;184;3;3.86;22.0;3.86;22.0;3.88;22.0;3.87;44.0;1
2114201110016;0;11;8;184;0;3.8;22.0;3.8;22.0;3.81;22.0;3.81;44.0;1
2114201110017;570;11;8;184;3;3.54;22.0;3.54;22.0;3.7;22.0;3.62;44.0;1
2114201110018;589;11;15;184;3;3.4;22.0;3.4;22.0;3.55;22.0;3.48;44.0;1
2114201110019;729;11;13;184;3;3.51;22.0;3.51;22.0;3.64;22.0;3.58;44.0;1
2114201110020;920;11;15;184;3;3.79;22.0;3.79;22.0;3.73;22.0;3.76;44.0;1
2114201110021;1058;11;12;184;3;3.42;22.0;3.42;22.0;3.53;22.0;3.48;44.0;1
2114201110022;1090;11;13;184;3;3.73;22.0;3.73;22.0;3.59;22.0;3.66;44.0;1
2114201110024;1325;11;8;184;3;3.57;22.0;3.57;22.0;3.7;22.0;3.64;44.0;1
2114201110025;1528;11;8;184;3;3.8;22.0;3.8;22.0;3.69;22.0;3.75;44.0;1
2114201110026;1676;11;8;184;3;3.76;22.0;3.76;22.0;3.7;22.0;3.73;44.0;1
2114201110027;1857;11;13;184;3;3.53;22.0;3.53;22.0;3.53;22.0;3.53;44.0;1
2114201110028;2079;11;8;184;3;3.51;22.0;3.51;22.0;3.57;22.0;3.55;44.0;1
2114201110029;2268;11;8;184;3;3.33;22.0;3.33;22.0;3.67;22.0;3.5;44.0;1
2114201110030;2407;11;13;184;3;3.79;22.0;3.79;22.0;3.63;22.0;3.71;44.0;1
2114201110031;2612;11;4;184;1;3.82;22.0;3.82;22.0;3.73;22.0;3.77;44.0;1
2114201110032;2780;11;8;184;3;3.58;22.0;3.58;22.0;3.71;22.0;3.65;44.0;1
2114201110035;3048;11;8;184;3;3.73;22.0;3.73;22.0;3.71;22.0;3.72;44.0;1
2114201110036;3133;11;15;184;3;3.63;22.0;3.63;22.0;3.71;22.0;3.67;44.0;1
2114201110038;3263;11;8;184;3;3.61;22.0;3.61;22.0;3.8;22.0;3.7;44.0;1
2114201110039;3382;11;14;184;3;3.74;22.0;3.74;22.0;3.59;22.0;3.67;44.0;1
2114201110040;3490;11;8;184;3;3.76;22.0;3.76;22.0;3.47;22.0;3.62;44.0;1
2114201110041;3563;11;13;184;3;3.51;22.0;3.51;22.0;3.58;22.0;3.55;44.0;1
2114201110042;3614;11;13;184;3;3.42;22.0;3.42;22.0;3.73;22.0;3.58;44.0;1
2114201110043;3686;11;14;184;3;3.52;22.0;3.52;22.0;3.49;22.0;3.51;44.0;1
2114201110044;3763;11;8;184;3;3.58;22.0;3.58;22.0;3.73;22.0;3.66;44.0;1
2114201110045;4019;11;8;184;3;3.45;22.0;3.45;22.0;3.64;22.0;3.55;44.0;1
2114201110047;4089;11;8;184;3;3.67;22.0;3.67;22.0;3.59;22.0;3.63;44.0;1
2114201110048;148;11;8;184;3;3.51;22.0;3.51;22.0;3.51;22.0;3.52;44.0;1
2114201110049;198;11;13;184;3;3.18;22.0;3.18;22.0;3.44;22.0;3.31;44.0;1
2114201110051;582;11;15;184;3;3.28;22.0;3.28;22.0;3.69;22.0;3.48;44.0;1
2114201110052;595;11;13;184;3;3.19;22.0;3.19;22.0;0.0;22.0;1.6;44.0;0
2114201110053;779;11;13;184;3;3.28;22.0;3.28;22.0;3.72;22.0;3.5;44.0;1
2114201110054;966;11;8;184;3;3.1;22.0;3.1;22.0;3.66;22.0;3.38;44.0;1
2114201110055;1101;11;8;184;3;3.7;22.0;3.7;22.0;3.65;22.0;3.67;44.0;1
2114201110056;1183;11;12;184;2;3.33;22.0;3.33;22.0;3.49;22.0;3.41;44.0;1
2114201110057;1382;11;15;184;3;3.54;22.0;3.54;22.0;3.69;22.0;3.62;44.0;1
2114201110058;1389;11;8;184;3;3.41;22.0;3.41;22.0;3.69;22.0;3.55;44.0;1
2114201110059;1552;11;2;184;1;3.36;22.0;3.36;22.0;3.52;22.0;3.45;44.0;1
2114201110060;1769;11;8;184;3;3.54;22.0;3.54;22.0;3.51;22.0;3.53;44.0;1
2114201110061;2151;11;1;184;3;3.34;22.0;3.34;22.0;3.55;22.0;3.45;44.0;1
2114201110062;2319;11;8;184;3;3.33;22.0;3.33;22.0;3.22;22.0;3.28;44.0;1
2114201110063;2416;11;8;184;3;3.24;22.0;3.24;22.0;3.51;22.0;3.38;44.0;1
2114201110066;2793;11;12;184;3;3.62;22.0;3.62;22.0;3.73;22.0;3.68;44.0;1
2114201110067;2868;11;14;184;3;3.36;22.0;3.36;22.0;3.73;22.0;3.55;44.0;1
2114201110068;2974;11;15;184;3;3.25;22.0;3.25;22.0;3.7;22.0;3.48;44.0;1
2114201110069;3110;11;8;184;3;3.51;22.0;3.51;22.0;3.53;22.0;3.52;44.0;1
2114201110071;3152;11;13;184;3;3.28;22.0;3.28;22.0;3.64;22.0;3.46;44.0;1
2114201110072;3321;11;13;184;3;3.52;22.0;3.52;22.0;3.75;22.0;3.64;44.0;1
2114201110073;3332;11;8;184;3;3.62;22.0;3.62;22.0;3.63;22.0;3.63;44.0;1
2114201110074;3424;11;8;184;3;3.66;22.0;3.66;22.0;3.51;22.0;3.59;44.0;1
2114201110075;3517;11;13;184;3;3.76;22.0;3.76;22.0;3.57;22.0;3.67;44.0;1
2114201110077;3671;11;13;184;3;3.58;22.0;3.58;22.0;3.45;22.0;3.52;44.0;1
2114201110078;3700;11;8;184;3;3.3;22.0;3.3;22.0;3.49;22.0;3.4;44.0;1
2114201110079;3805;11;1;184;3;3.58;22.0;3.58;22.0;3.6;22.0;3.59;44.0;1
2114201110080;4032;11;15;184;3;3.6;22.0;3.6;22.0;3.56;22.0;3.59;44.0;1
2114201110082;4150;11;13;184;3;3.46;22.0;3.46;22.0;3.67;22.0;3.57;44.0;1
2114201110083;168;11;13;184;3;3.52;22.0;3.52;22.0;3.6;22.0;3.57;44.0;1
2114201110084;207;11;8;184;3;3.3;22.0;3.3;22.0;3.42;22.0;3.37;44.0;1
2114201110085;426;11;8;184;3;3.75;22.0;3.75;22.0;3.29;22.0;3.52;44.0;1
2114201110086;585;11;8;184;3;3.65;22.0;3.65;22.0;3.6;22.0;3.63;44.0;1
2114201110087;620;11;8;184;3;3.44;22.0;3.44;22.0;3.66;22.0;3.55;44.0;1
2114201110088;869;11;12;184;3;3.78;22.0;3.78;22.0;3.66;22.0;3.72;44.0;1
2114201110090;1117;11;8;184;3;3.59;22.0;3.59;22.0;3.57;22.0;3.58;44.0;1
2114201110091;1251;11;8;184;3;3.5;22.0;3.5;22.0;3.69;22.0;3.6;44.0;1
2114201110092;1473;11;8;184;3;3.22;22.0;3.22;22.0;3.26;22.0;3.24;44.0;1
2114201110093;1526;11;15;184;3;3.79;22.0;3.79;22.0;3.71;22.0;3.75;44.0;1
2114201110094;1630;11;8;184;3;3.38;22.0;3.38;22.0;3.42;22.0;3.4;44.0;1
2114201110095;1895;11;8;184;3;3.48;22.0;3.48;22.0;3.42;22.0;3.45;44.0;1
2114201110096;2259;11;8;184;3;3.41;22.0;3.41;22.0;3.41;22.0;3.41;44.0;1
2114201110097;2352;11;8;184;3;3.38;22.0;3.38;22.0;3.29;22.0;3.34;44.0;1
2114201110099;2669;11;8;184;3;3.7;22.0;3.7;22.0;3.6;22.0;3.65;44.0;1
2114201110100;2851;11;1;184;3;3.35;22.0;3.35;22.0;3.46;22.0;3.41;44.0;1
2114201110102;3012;11;13;184;3;3.21;22.0;3.21;22.0;3.31;22.0;3.26;44.0;1
2114201110103;3123;11;8;184;3;3.32;22.0;3.32;22.0;3.4;22.0;3.37;44.0;1
2114201110104;3207;11;8;184;3;3.21;22.0;3.21;22.0;0.0;0.0;3.22;22.0;1
2114201110105;3220;11;12;184;3;3.59;22.0;3.59;22.0;3.47;22.0;3.53;44.0;1
2114201110106;3326;11;13;184;3;3.27;22.0;3.27;22.0;3.1;22.0;3.19;44.0;1
2114201110107;3455;11;12;184;3;3.3;22.0;3.3;22.0;3.53;22.0;3.41;44.0;1
2114201110108;3527;11;8;184;3;3.34;22.0;3.34;22.0;3.33;22.0;3.33;44.0;1
2114201110109;3544;11;12;184;3;3.54;22.0;3.54;22.0;3.31;22.0;3.43;44.0;1
2114201110110;3590;11;13;184;3;3.15;22.0;3.15;22.0;3.25;22.0;3.2;44.0;1
2114201110111;3685;11;1;184;3;3.51;22.0;3.51;22.0;3.47;22.0;3.49;44.0;1
2114201110112;3762;11;1;184;3;3.29;22.0;3.29;22.0;3.15;22.0;3.22;44.0;1
2114201110113;3964;11;8;184;3;3.33;22.0;3.33;22.0;3.11;22.0;3.22;44.0;1
2114201110115;4098;11;8;184;3;3.27;22.0;3.27;22.0;3.12;22.0;3.2;44.0;1
2114201110172;576;11;8;184;3;3.46;22.0;3.46;22.0;3.43;22.0;3.45;44.0;1
2114201110174;2858;11;1;184;3;3.26;22.0;3.26;22.0;3.25;22.0;3.25;44.0;1
2114201110176;402;11;8;184;3;3.25;22.0;3.25;22.0;3.33;22.0;3.29;44.0;1
2114201110177;2276;11;13;184;3;3.45;22.0;3.45;22.0;3.35;22.0;3.4;44.0;1
2114201110178;2472;11;8;184;3;3.25;22.0;3.25;22.0;2.64;22.0;2.95;44.0;1
2114201110196;114;11;1;184;3;3.51;22.0;3.51;22.0;3.76;22.0;3.64;44.0;1
2114201110197;422;11;8;184;1;3.41;22.0;3.41;22.0;3.43;22.0;3.42;44.0;1
2114201110198;545;11;13;184;3;3.33;22.0;3.33;22.0;3.24;22.0;3.29;44.0;1
2114201110199;3716;11;15;184;2;3.36;22.0;3.36;22.0;3.55;22.0;3.46;44.0;1
2114201110207;2509;11;8;184;3;3.39;22.0;3.39;22.0;3.58;22.0;3.48;44.0;1
2114201120001;3902;11;13;184;3;3.14;15.0;3.14;15.0;4.0;8.0;3.44;150.0;1
2114201210117;498;11;2;184;3;3.34;24.0;3.34;103.0;3.53;24.0;3.44;127.0;1
2114201210118;559;11;8;184;3;3.34;24.0;3.34;103.0;3.58;24.0;3.46;127.0;1
2114201210119;1540;11;13;184;3;3.57;24.0;3.57;103.0;3.58;24.0;3.58;127.0;1
2114201210120;2092;11;8;184;3;3.55;24.0;3.55;103.0;3.35;24.0;3.45;127.0;1
2114201210121;2106;11;8;184;3;3.67;24.0;3.67;103.0;3.48;24.0;3.58;127.0;1
2114201210122;2145;11;8;184;3;3.58;24.0;3.58;103.0;3.37;24.0;3.48;127.0;1
2114201210123;2246;11;15;184;3;3.64;24.0;3.64;103.0;3.33;24.0;3.49;127.0;1
2114201210124;2307;11;14;184;3;3.17;24.0;3.17;103.0;3.57;24.0;3.37;127.0;1
2114201210125;2686;11;15;184;3;3.56;24.0;3.56;103.0;3.6;24.0;3.58;127.0;1
2114201210126;2713;11;8;184;3;3.79;24.0;3.79;103.0;3.71;24.0;3.75;127.0;1
2114201210128;3222;11;1;184;3;3.2;24.0;3.2;103.0;0.88;24.0;2.04;127.0;0
2114201210129;3259;11;13;184;3;3.61;24.0;3.61;103.0;3.65;24.0;3.63;127.0;1
2114201210130;3879;11;13;184;3;3.7;24.0;3.7;129.0;3.71;22.0;3.71;153.0;1
2114201210131;4144;11;8;184;3;3.94;24.0;3.94;129.0;3.08;22.0;3.53;153.0;1
2114201210132;452;11;13;184;3;3.78;24.0;3.78;129.0;3.95;22.0;3.86;153.0;1
2114201210133;888;11;8;184;3;3.78;24.0;3.78;129.0;3.77;22.0;3.78;153.0;1
2114201210134;1396;11;14;184;3;3.94;24.0;3.94;129.0;3.75;22.0;3.86;153.0;1
2114201210135;3169;11;8;184;3;3.86;24.0;3.86;129.0;3.7;22.0;3.79;153.0;1
2114201210136;1897;11;8;184;3;4.0;24.0;4.0;129.0;3.75;22.0;3.88;153.0;1
2114201210137;1603;11;14;184;3;3.81;24.0;3.81;129.0;3.86;22.0;3.84;153.0;1
2114201210138;2886;11;8;184;3;3.73;24.0;3.73;129.0;3.7;22.0;3.72;153.0;1
2114201210139;3350;11;15;184;3;3.55;24.0;3.55;129.0;3.81;22.0;3.68;153.0;1
2114201210140;2429;11;1;184;3;3.37;24.0;3.37;129.0;0.0;0.0;3.38;24.0;1
2114201210141;1586;11;15;184;3;3.94;24.0;3.94;129.0;3.85;22.0;3.9;153.0;1
2114201210142;2605;11;14;184;3;3.6;24.0;3.6;129.0;3.75;22.0;3.68;153.0;1
2114201210143;2049;11;8;184;3;3.65;24.0;3.65;129.0;3.81;22.0;3.75;153.0;1
2114201210144;660;11;13;184;3;3.65;24.0;3.65;129.0;3.81;22.0;3.73;153.0;1
2114201210145;3606;11;13;184;3;3.75;24.0;3.75;129.0;3.81;22.0;3.78;153.0;1
2114201210146;2756;11;13;184;3;3.58;24.0;3.58;129.0;3.81;22.0;3.69;153.0;1
2114201210155;145;11;14;184;3;3.94;24.0;3.94;129.0;3.75;22.0;3.86;153.0;1
2114201210156;521;11;1;184;3;3.82;24.0;3.82;129.0;3.7;22.0;3.77;153.0;1
2114201210157;554;11;13;184;3;3.65;24.0;3.65;129.0;3.71;22.0;3.68;153.0;1
2114201210158;630;11;8;184;3;3.69;24.0;3.69;129.0;3.81;22.0;3.75;153.0;1
2114201210159;922;11;8;184;3;3.93;24.0;3.93;129.0;3.81;22.0;3.88;153.0;1
2114201210160;1194;11;8;184;3;3.83;24.0;3.83;129.0;3.95;22.0;3.89;153.0;1
2114201210161;1356;11;14;184;3;3.57;24.0;3.57;129.0;3.81;22.0;3.69;153.0;1
2114201210162;1530;11;13;184;3;3.29;24.0;3.29;129.0;3.75;22.0;3.51;153.0;1
2114201210163;1906;11;12;184;2;3.94;24.0;3.94;129.0;3.75;22.0;3.86;153.0;1
2114201210164;1910;11;14;184;3;3.94;24.0;3.94;129.0;3.81;22.0;3.88;153.0;1
2114201210165;2819;11;14;184;2;3.94;24.0;3.94;129.0;3.75;22.0;3.86;153.0;1
2114201210166;3142;11;15;184;3;3.69;24.0;3.69;129.0;3.57;22.0;3.64;153.0;1
2114201210167;3233;11;12;184;3;3.94;24.0;3.94;129.0;3.75;22.0;3.86;153.0;1
2114201210168;3535;11;8;184;3;3.9;24.0;3.9;129.0;3.75;22.0;3.83;153.0;1
2114201210169;4127;11;13;184;3;3.74;24.0;3.74;129.0;3.75;22.0;3.75;153.0;1
2114201210175;2432;11;1;184;3;3.43;24.0;3.43;24.0;3.48;24.0;3.46;127.0;1
2114201210182;273;11;13;184;3;3.49;24.0;3.49;24.0;3.6;24.0;3.55;127.0;1
2114201210183;895;11;13;184;3;3.75;24.0;3.75;129.0;3.81;22.0;3.78;153.0;1
2114201210184;1084;11;8;184;3;3.75;24.0;3.75;129.0;3.81;22.0;3.78;153.0;1
2114201210185;3859;11;13;184;3;4.0;24.0;4.0;129.0;3.75;22.0;3.88;153.0;1
2114201210186;4031;11;8;184;3;3.82;24.0;3.82;129.0;3.81;22.0;3.82;153.0;1
2114201210187;422;11;8;184;1;3.82;24.0;3.82;129.0;3.77;22.0;3.8;153.0;1
2114201210188;1468;11;8;184;3;3.82;24.0;3.82;129.0;3.71;22.0;3.77;153.0;1
2114201210189;3550;11;8;184;3;3.74;24.0;3.74;129.0;3.63;22.0;3.69;153.0;1
2114201210190;3564;11;8;184;3;3.82;24.0;3.82;129.0;3.75;22.0;3.79;153.0;1
2114201210191;3804;11;13;184;2;3.74;24.0;3.74;129.0;3.74;22.0;3.74;153.0;1
2114201210192;82;11;8;184;3;3.69;24.0;3.69;129.0;3.71;22.0;3.71;153.0;1
2114201210193;179;11;14;184;3;3.38;24.0;3.38;129.0;3.66;22.0;3.52;153.0;1
2114201210194;1046;11;13;184;3;3.94;24.0;3.94;129.0;3.52;22.0;3.74;153.0;1
2114201210195;3979;11;1;184;3;3.7;24.0;3.7;129.0;3.68;22.0;3.7;153.0;1
2114201210200;155;11;14;184;3;3.94;24.0;3.94;129.0;3.81;22.0;3.88;153.0;1
2114201210201;907;11;8;184;3;3.86;24.0;3.86;129.0;3.81;22.0;3.84;153.0;1
2114201210202;965;11;8;184;3;3.58;24.0;3.58;129.0;3.75;22.0;3.67;153.0;1
2114201210203;973;11;8;184;3;3.65;24.0;3.65;129.0;3.5;22.0;3.58;153.0;1
2114201210204;1197;11;13;184;3;3.52;24.0;3.52;129.0;3.7;22.0;3.61;153.0;1
2114201210205;1800;11;8;184;3;4.0;24.0;4.0;129.0;3.9;22.0;3.95;153.0;1
2114201210206;3425;11;8;184;0;3.56;24.0;3.56;129.0;3.64;22.0;3.6;153.0;1
2114201210208;530;11;15;184;3;3.94;24.0;3.94;129.0;3.81;22.0;3.88;153.0;1
2114201210209;1250;11;8;184;3;3.77;24.0;3.77;129.0;3.75;22.0;3.77;153.0;1
2114201210210;1307;11;8;184;3;3.85;24.0;3.85;129.0;3.75;22.0;3.8;153.0;1
2114201210211;1335;11;8;184;3;3.63;24.0;3.63;129.0;3.7;22.0;3.67;153.0;1
2114201210212;1598;11;8;184;3;3.75;24.0;3.75;129.0;3.7;22.0;3.73;153.0;1
2114201210213;1762;11;8;184;3;3.83;24.0;3.83;129.0;3.75;22.0;3.8;153.0;1
2114201210214;1801;11;8;184;3;3.9;24.0;3.9;129.0;4.0;22.0;3.95;153.0;1
2114201210215;2451;11;8;184;3;3.67;24.0;3.67;129.0;3.75;22.0;3.72;153.0;1
2114201210216;2758;11;8;184;3;3.71;24.0;3.71;129.0;3.8;22.0;3.75;153.0;1
2114201210217;3471;11;1;184;3;3.87;24.0;3.87;129.0;3.75;22.0;3.82;153.0;1
2114201210218;1338;11;15;184;3;3.81;24.0;3.81;129.0;3.55;22.0;3.69;153.0;1
2114201210219;2491;11;1;184;3;4.0;24.0;4.0;129.0;3.7;22.0;3.86;153.0;1
2114201210220;36;11;8;184;3;3.94;24.0;3.94;129.0;3.56;22.0;3.77;153.0;1
2114201210221;3008;11;1;184;3;3.6;24.0;3.6;129.0;3.63;22.0;3.62;153.0;1
2114201310147;71;11;12;184;3;3.28;22.0;3.28;24.0;3.39;22.0;3.33;44.0;1
2114201310148;1162;11;12;184;3;3.31;22.0;3.31;24.0;3.57;22.0;3.44;44.0;1
2114201310149;1201;11;15;184;3;3.52;22.0;3.52;24.0;3.62;22.0;3.58;44.0;1
2114201310150;1242;11;1;184;3;3.51;22.0;3.51;24.0;3.65;22.0;3.58;44.0;1
2114201310151;2463;11;8;184;3;3.33;22.0;3.33;24.0;3.62;22.0;3.48;44.0;1
2114201310153;3392;11;13;184;3;3.51;22.0;3.51;24.0;3.77;22.0;3.65;44.0;1
2114201310154;3467;11;15;184;3;3.62;22.0;3.62;24.0;3.74;22.0;3.68;44.0;1
2114201310173;303;11;13;184;3;3.53;22.0;3.53;24.0;3.44;22.0;3.49;44.0;1
2114201310180;4097;11;8;184;3;3.3;22.0;3.3;24.0;3.38;22.0;3.34;44.0;1
2114401110001;185;2;8;184;3;2.91;20.0;2.91;20.0;3.28;20.0;3.09;40.0;1
2114401110002;2241;2;8;184;3;2.79;20.0;2.79;20.0;3.24;20.0;3.01;40.0;1
2114401110003;2279;2;1;184;3;2.86;20.0;2.86;20.0;2.92;20.0;2.89;40.0;1
2114401110004;2616;2;8;184;3;3.69;20.0;3.69;20.0;3.86;20.0;3.78;40.0;1
2114401110005;2718;2;13;184;3;3.94;20.0;3.94;20.0;3.84;20.0;3.89;40.0;1
2114401110006;2823;2;8;184;3;3.97;20.0;3.97;20.0;4.0;20.0;3.99;40.0;1
2114401110007;2824;2;8;184;3;3.36;20.0;3.36;20.0;3.61;20.0;3.49;40.0;1
2114401110008;2830;2;15;184;3;3.12;20.0;3.12;20.0;3.44;20.0;3.28;40.0;1
2114401110009;2919;2;1;184;3;3.11;20.0;3.11;20.0;3.56;20.0;3.33;40.0;1
2114401110010;3373;2;13;184;3;3.34;20.0;3.34;20.0;3.55;20.0;3.44;40.0;1
2114401110011;3482;2;8;184;3;3.31;20.0;3.31;20.0;3.56;20.0;3.44;40.0;1
2114401110012;3586;2;8;184;3;3.82;20.0;3.82;20.0;3.72;20.0;3.77;40.0;1
2114401110013;113;2;8;184;1;3.85;20.0;3.85;20.0;3.7;20.0;3.77;40.0;1
2114401110014;117;2;8;184;3;3.03;20.0;3.03;20.0;3.05;20.0;3.04;40.0;1
2114401110015;318;2;8;184;3;3.47;20.0;3.47;20.0;3.74;20.0;3.6;40.0;1
2114401110016;359;2;8;184;3;3.03;20.0;3.03;20.0;3.03;20.0;3.03;40.0;1
2114401110017;761;2;8;184;3;3.3;20.0;3.3;20.0;3.66;20.0;3.48;40.0;1
2114401110018;889;2;8;184;3;3.66;20.0;3.66;20.0;3.72;20.0;3.69;40.0;1
2114401110019;974;2;8;184;3;2.96;20.0;2.96;20.0;3.12;20.0;3.04;40.0;1
2114401110020;1015;2;8;184;3;3.27;20.0;3.27;20.0;3.31;20.0;3.29;40.0;1
2114401110021;1105;2;12;184;3;3.38;20.0;3.38;20.0;3.73;20.0;3.56;40.0;1
2114401110022;1166;2;15;184;3;3.84;20.0;3.84;20.0;3.97;20.0;3.9;40.0;1
2114401110023;1398;2;13;184;3;3.09;20.0;3.09;20.0;3.44;20.0;3.26;40.0;1
2114401110024;1755;2;8;184;3;3.81;20.0;3.81;20.0;3.75;20.0;3.78;40.0;1
2114401110025;1838;2;8;184;3;3.06;20.0;3.06;20.0;3.18;20.0;3.12;40.0;1
2114401110026;1828;2;9;184;6;3.32;20.0;3.32;20.0;3.45;20.0;3.39;40.0;1
2114401110027;2138;2;8;184;3;2.73;20.0;2.73;20.0;2.88;20.0;2.81;40.0;1
2114401110028;2143;2;15;184;3;3.35;20.0;3.35;20.0;3.38;20.0;3.36;40.0;1
2114401110029;2195;2;14;184;3;3.3;20.0;3.3;20.0;3.31;20.0;3.3;40.0;1
2114401110030;2237;2;8;184;3;3.78;20.0;3.78;20.0;3.79;20.0;3.79;40.0;1
2114401110031;2308;2;13;184;3;2.92;20.0;2.92;20.0;2.98;20.0;2.95;40.0;1
2114401110032;2440;2;1;184;3;2.82;20.0;2.82;20.0;2.88;20.0;2.85;40.0;1
2114401110033;2509;2;8;184;3;2.96;20.0;2.96;20.0;3.24;20.0;3.1;40.0;1
2114401110034;2564;2;8;184;3;3.21;20.0;3.21;20.0;2.95;20.0;3.08;40.0;1
2114401110035;2837;2;13;184;3;3.25;20.0;3.25;20.0;3.59;20.0;3.42;40.0;1
2114401110036;3138;2;14;184;3;2.63;20.0;2.63;20.0;0.0;0.0;2.63;20.0;0
2114401110038;3523;2;13;184;3;3.16;20.0;3.16;20.0;3.41;20.0;3.29;40.0;1
2114401110039;3754;2;8;184;3;3.22;20.0;3.22;20.0;3.41;20.0;3.32;40.0;1
2114401110040;3897;2;8;184;0;3.42;20.0;3.42;20.0;3.65;20.0;3.54;40.0;1
2114401110041;3999;2;8;184;3;3.5;20.0;3.5;20.0;3.83;20.0;3.66;40.0;1
2114401110042;4052;2;12;184;3;3.25;20.0;3.25;20.0;3.55;20.0;3.4;40.0;1
2114401110043;4230;2;12;184;3;3.45;20.0;3.45;20.0;3.61;20.0;3.53;40.0;1
2114401110044;4236;2;8;184;3;3.01;20.0;3.01;20.0;3.22;20.0;3.11;40.0;1
2114401110045;852;2;13;184;3;2.91;20.0;2.91;20.0;3.41;20.0;3.16;40.0;1
2114401110047;2455;2;13;184;3;2.85;20.0;2.85;20.0;2.83;20.0;2.84;40.0;1
2114401110049;173;2;13;184;3;2.93;20.0;2.93;20.0;3.04;20.0;2.99;40.0;1
2114901110001;27;6;8;184;0;3.4;17.0;3.4;17.0;3.7;19.0;3.56;36.0;1
2114901110002;55;6;8;184;0;3.45;17.0;3.45;17.0;3.65;19.0;3.56;36.0;1
2114901110003;85;6;8;184;0;3.45;17.0;3.45;17.0;3.72;19.0;3.59;36.0;1
2114901110004;150;6;8;184;0;3.58;17.0;3.58;17.0;3.76;19.0;3.68;36.0;1
2114901110005;197;6;8;184;0;3.52;17.0;3.52;17.0;3.61;19.0;3.57;36.0;1
2114901110006;242;6;8;184;0;3.47;17.0;3.47;17.0;3.51;19.0;3.49;36.0;1
2114901110007;271;6;8;184;0;3.47;17.0;3.47;17.0;3.56;19.0;3.52;36.0;1
2114901110008;362;6;8;184;0;3.58;17.0;3.58;17.0;3.76;19.0;3.68;36.0;1
2114901110009;377;6;8;184;0;3.41;17.0;3.41;17.0;3.73;19.0;3.58;36.0;1
2114901110010;484;6;8;184;0;3.52;17.0;3.52;17.0;3.59;19.0;3.56;36.0;1
2114901110011;510;6;8;184;0;3.43;17.0;3.43;17.0;3.72;19.0;3.58;36.0;1
2114901110012;541;6;8;184;0;3.54;17.0;3.54;17.0;3.76;19.0;3.66;36.0;1
2114901110013;573;6;8;184;0;3.58;17.0;3.58;17.0;3.68;19.0;3.63;36.0;1
2114901110014;612;6;15;184;3;3.66;17.0;3.66;17.0;3.84;19.0;3.76;36.0;1
2114901110015;645;6;8;184;0;3.7;17.0;3.7;17.0;3.89;19.0;3.8;36.0;1
2114901110016;716;6;8;184;0;3.47;17.0;3.47;17.0;3.62;19.0;3.55;36.0;1
2114901110017;731;6;8;184;0;3.65;17.0;3.65;17.0;3.73;19.0;3.69;36.0;1
2114901110018;767;6;8;184;0;3.47;17.0;3.47;17.0;3.67;19.0;3.57;36.0;1
2114901110019;775;6;8;184;0;3.58;17.0;3.58;17.0;3.78;19.0;3.68;36.0;1
2114901110020;847;6;8;184;0;3.59;17.0;3.59;17.0;3.75;19.0;3.68;36.0;1
2114901110021;882;6;8;184;0;3.4;17.0;3.4;17.0;3.7;19.0;3.56;36.0;1
2114901110022;961;6;8;184;0;3.29;17.0;3.29;17.0;3.73;19.0;3.52;36.0;1
2114901110023;1000;6;8;184;0;3.47;17.0;3.47;17.0;3.7;19.0;3.59;36.0;1
2114901110024;1044;6;8;184;0;3.52;17.0;3.52;17.0;3.53;19.0;3.53;36.0;1
2114901110025;1131;6;8;184;0;3.58;17.0;3.58;17.0;3.76;19.0;3.68;36.0;1
2114901110026;1139;6;8;184;3;3.58;17.0;3.58;17.0;3.78;19.0;3.68;36.0;1
2114901110027;1161;6;8;184;0;3.45;17.0;3.45;17.0;3.73;19.0;3.6;36.0;1
2114901110028;1164;6;8;184;0;3.45;17.0;3.45;17.0;3.67;19.0;3.57;36.0;1
2114901110029;1329;6;8;184;0;3.47;17.0;3.47;17.0;3.7;19.0;3.59;36.0;1
2114901110030;1340;6;1;184;3;3.54;17.0;3.54;17.0;3.68;19.0;3.62;36.0;1
2114901110031;1387;6;6;184;6;3.54;17.0;3.54;17.0;3.72;19.0;3.63;36.0;1
2114901110032;1410;6;8;184;0;3.59;17.0;3.59;17.0;3.63;19.0;3.61;36.0;1
2114901110033;1439;6;8;184;0;3.59;17.0;3.59;17.0;3.7;19.0;3.65;36.0;1
2114901110034;1451;6;8;184;4;3.63;17.0;3.63;17.0;3.76;19.0;3.7;36.0;1
2114901110035;1459;6;8;184;0;3.72;17.0;3.72;17.0;3.65;19.0;3.68;36.0;1
2114901110036;1525;6;8;184;0;3.51;17.0;3.51;17.0;3.56;19.0;3.53;36.0;1
2114901110037;1591;6;8;184;0;3.59;17.0;3.59;17.0;3.86;19.0;3.73;36.0;1
2114901110038;1636;6;8;184;0;3.65;17.0;3.65;17.0;3.67;19.0;3.66;36.0;1
2114901110039;1714;6;8;184;0;3.65;17.0;3.65;17.0;3.89;19.0;3.78;36.0;1
2114901110040;1791;6;8;184;0;3.45;17.0;3.45;17.0;3.46;19.0;3.46;36.0;1
2114901110041;1924;6;8;184;0;3.45;17.0;3.45;17.0;3.62;19.0;3.54;36.0;1
2114901110042;1925;6;8;184;0;3.65;17.0;3.65;17.0;3.65;19.0;3.65;36.0;1
2114901110043;2011;6;15;184;4;3.52;17.0;3.52;17.0;3.92;19.0;3.73;36.0;1
2114901110044;2038;6;8;184;0;3.52;17.0;3.52;17.0;3.75;19.0;3.64;36.0;1
2114901110045;2053;6;8;184;0;3.47;17.0;3.47;17.0;3.67;19.0;3.57;36.0;1
2114901110046;2062;6;13;184;6;3.26;17.0;3.26;17.0;3.59;19.0;3.43;36.0;1
2114901110047;2065;6;8;184;0;3.38;17.0;3.38;17.0;3.64;19.0;3.52;36.0;1
2114901110048;2187;6;8;184;0;3.54;17.0;3.54;17.0;3.67;19.0;3.61;36.0;1
2114901110049;2198;6;8;184;0;3.77;17.0;3.77;17.0;3.65;19.0;3.71;36.0;1
2114901110050;2235;6;13;184;2;3.54;17.0;3.54;17.0;3.54;19.0;3.54;36.0;1
2114901110051;2273;6;8;184;0;3.52;17.0;3.52;17.0;3.57;19.0;3.55;36.0;1
2114901110052;2290;6;8;26;5;3.52;17.0;3.52;17.0;3.62;19.0;3.57;36.0;1
2114901110053;2305;6;13;184;3;3.65;17.0;3.65;17.0;3.7;19.0;3.68;36.0;1
2114901110054;2385;6;8;184;0;3.58;17.0;3.58;17.0;3.59;19.0;3.59;36.0;1
2114901110055;2422;6;8;184;0;3.47;17.0;3.47;17.0;3.67;19.0;3.57;36.0;1
2114901110056;2470;6;8;184;0;3.41;17.0;3.41;17.0;3.68;19.0;3.56;36.0;1
2114901110057;2531;6;8;184;0;3.77;17.0;3.77;17.0;3.73;19.0;3.75;36.0;1
2114901110058;2552;6;8;184;0;3.65;17.0;3.65;17.0;3.91;19.0;3.78;36.0;1
2114901110059;2643;6;8;184;0;3.72;17.0;3.72;17.0;3.67;19.0;3.69;36.0;1
2114901110060;2690;6;8;184;0;3.59;17.0;3.59;17.0;3.91;19.0;3.76;36.0;1
2114901110061;2742;6;8;184;0;3.59;17.0;3.59;17.0;3.72;19.0;3.66;36.0;1
2114901110062;2801;6;8;184;0;3.33;17.0;3.33;17.0;3.56;19.0;3.45;36.0;1
2114901110063;2805;6;8;184;0;3.4;17.0;3.4;17.0;3.72;19.0;3.57;36.0;1
2114901110064;2807;6;8;184;0;3.52;17.0;3.52;17.0;3.78;19.0;3.66;36.0;1
2114901110065;2818;6;13;184;3;3.4;17.0;3.4;17.0;3.67;19.0;3.54;36.0;1
2114901110066;2825;6;8;184;1;3.45;17.0;3.45;17.0;3.68;19.0;3.57;36.0;1
2114901110067;2861;6;8;184;0;3.77;17.0;3.77;17.0;3.56;19.0;3.66;36.0;1
2114901110068;2878;6;8;184;0;3.59;17.0;3.59;17.0;3.81;19.0;3.71;36.0;1
2114901110069;2960;6;8;184;0;3.52;17.0;3.52;17.0;3.65;19.0;3.59;36.0;1
2114901110070;2964;6;8;184;0;3.52;17.0;3.52;17.0;3.78;19.0;3.66;36.0;1
2114901110071;2990;6;8;184;4;3.52;17.0;3.52;17.0;3.7;19.0;3.62;36.0;1
2114901110072;2990;6;8;184;4;3.58;17.0;3.58;17.0;3.73;19.0;3.66;36.0;1
2114901110073;3064;6;8;184;0;3.16;17.0;3.16;17.0;3.45;19.0;3.32;36.0;1
2114901110074;3089;6;8;184;0;3.47;17.0;3.47;17.0;3.81;19.0;3.65;36.0;1
2114901110075;3097;6;8;184;0;3.45;17.0;3.45;17.0;3.67;19.0;3.57;36.0;1
2114901110076;3150;6;8;184;0;3.58;17.0;3.58;17.0;3.86;19.0;3.72;36.0;1
2114901110077;3193;6;8;184;0;3.4;17.0;3.4;17.0;3.73;19.0;3.57;36.0;1
2114901110078;3228;6;8;184;0;3.45;17.0;3.45;17.0;3.65;19.0;3.56;36.0;1
2114901110079;3278;6;11;184;6;3.4;17.0;3.4;17.0;3.68;19.0;3.55;36.0;1
2114901110080;3295;6;8;184;0;3.51;17.0;3.51;17.0;3.78;19.0;3.65;36.0;1
2114901110081;3339;6;8;184;0;3.56;17.0;3.56;17.0;3.76;19.0;3.67;36.0;1
2114901110082;3341;6;8;184;0;3.52;17.0;3.52;17.0;3.73;19.0;3.63;36.0;1
2114901110083;3351;6;8;184;0;3.4;17.0;3.4;17.0;3.7;19.0;3.56;36.0;1
2114901110084;3354;6;8;184;0;3.58;17.0;3.58;17.0;3.67;19.0;3.63;36.0;1
2114901110085;3450;6;8;184;0;3.52;17.0;3.52;17.0;3.5;19.0;3.51;36.0;1
2114901110086;3499;6;8;184;0;3.65;17.0;3.65;17.0;3.59;19.0;3.62;36.0;1
2114901110087;3540;6;2;184;1;3.4;17.0;3.4;17.0;3.81;19.0;3.62;36.0;1
2114901110088;3566;6;8;184;3;3.45;17.0;3.45;17.0;3.66;19.0;3.56;36.0;1
2114901110089;3567;6;8;184;0;3.24;17.0;3.24;17.0;3.71;19.0;3.48;36.0;1
2114901110090;3608;6;8;184;0;3.38;17.0;3.38;17.0;3.7;19.0;3.55;36.0;1
2114901110091;3715;6;8;184;0;3.51;17.0;3.51;17.0;3.81;19.0;3.67;36.0;1
2114901110092;3799;6;8;184;4;3.52;17.0;3.52;17.0;3.83;19.0;3.68;36.0;1
2114901110093;3833;6;8;184;0;3.65;17.0;3.65;17.0;3.62;19.0;3.63;36.0;1
2114901110094;4015;6;8;184;0;3.36;17.0;3.36;17.0;3.73;19.0;3.56;36.0;1
2114901110095;4137;6;8;184;0;3.4;17.0;3.4;17.0;3.7;19.0;3.56;36.0;1
2114901110096;4151;6;8;184;0;3.24;17.0;3.24;17.0;3.43;19.0;3.34;36.0;1
2114901110097;4158;6;8;184;0;3.24;17.0;3.24;17.0;3.68;19.0;3.47;36.0;1
2114901110098;4187;6;8;184;0;3.58;17.0;3.58;17.0;3.7;19.0;3.64;36.0;1
2114901110099;4248;6;8;184;0;3.38;17.0;3.38;17.0;3.67;19.0;3.53;36.0;1
2114901110102;1071;6;8;184;0;3.65;17.0;3.65;17.0;3.54;19.0;3.59;36.0;1
2114901110104;223;6;8;184;0;0.0;20.35910878112713;3.443432379287743;0.0;3.63;17.0;3.63;17.0;1
2114901110105;240;6;8;184;0;0.0;20.35910878112713;3.443432379287743;0.0;3.59;17.0;3.59;17.0;1
2114901110106;278;6;8;184;0;0.0;20.35910878112713;3.443432379287743;0.0;3.52;17.0;3.52;17.0;1
2114901110107;491;6;8;184;0;0.0;20.35910878112713;3.443432379287743;0.0;3.52;17.0;3.52;17.0;1
2114901110108;544;6;8;184;0;0.0;20.35910878112713;3.443432379287743;0.0;3.18;17.0;3.18;17.0;1
2114901110109;600;6;8;184;4;0.0;20.35910878112713;3.443432379287743;0.0;3.58;17.0;3.58;17.0;1
2114901110110;678;6;8;184;0;0.0;20.35910878112713;3.443432379287743;0.0;3.58;17.0;3.58;17.0;1
2114901110111;691;6;8;184;0;0.0;20.35910878112713;3.443432379287743;0.0;3.58;17.0;3.58;17.0;1
2114901110112;972;6;8;184;0;0.0;20.35910878112713;3.443432379287743;0.0;3.58;17.0;3.58;17.0;1
2114901110113;1002;6;8;184;0;0.0;20.35910878112713;3.443432379287743;0.0;3.11;17.0;3.11;17.0;1
2114901110114;1129;6;8;184;0;0.0;20.35910878112713;3.443432379287743;0.0;3.52;17.0;3.52;17.0;1
2114901110115;1374;6;8;184;0;0.0;20.35910878112713;3.443432379287743;0.0;3.29;17.0;3.29;17.0;1
2114901110116;1378;6;8;184;0;0.0;20.35910878112713;3.443432379287743;0.0;3.24;17.0;3.24;17.0;1
2114901110117;1756;6;8;184;0;0.0;20.35910878112713;3.443432379287743;0.0;3.45;17.0;3.45;17.0;1
2114901110118;1859;6;8;184;0;0.0;20.35910878112713;3.443432379287743;0.0;3.31;17.0;3.31;17.0;1
2114901110119;1884;6;8;184;0;0.0;20.35910878112713;3.443432379287743;0.0;3.29;17.0;3.29;17.0;1
2114901110120;2030;6;8;184;0;0.0;20.35910878112713;3.443432379287743;0.0;3.58;17.0;3.58;17.0;1
2114901110121;2190;6;15;184;2;0.0;20.35910878112713;3.443432379287743;0.0;3.29;17.0;3.29;17.0;1
2114901110122;2279;6;1;184;3;0.0;20.35910878112713;3.443432379287743;0.0;3.19;17.0;3.19;17.0;1
2114901110123;2460;6;8;184;0;0.0;20.35910878112713;3.443432379287743;0.0;3.34;17.0;3.34;17.0;1
2114901110124;2648;6;8;184;0;0.0;20.35910878112713;3.443432379287743;0.0;3.36;17.0;3.36;17.0;1
2114901110125;2915;6;8;184;0;0.0;20.35910878112713;3.443432379287743;0.0;3.7;17.0;3.7;17.0;1
2114901110126;3107;6;8;184;0;0.0;20.35910878112713;3.443432379287743;0.0;3.38;17.0;3.38;17.0;1
2114901110127;3645;6;8;184;0;0.0;20.35910878112713;3.443432379287743;0.0;3.4;17.0;3.4;17.0;1
2114901110128;3863;6;8;184;0;0.0;20.35910878112713;3.443432379287743;0.0;3.38;17.0;3.38;17.0;1
2114901110129;3981;6;8;184;0;0.0;20.35910878112713;3.443432379287743;0.0;3.4;17.0;3.4;17.0;1
2114901110130;3989;6;8;184;0;0.0;20.35910878112713;3.443432379287743;0.0;3.52;17.0;3.52;17.0;1
2114901110131;4054;6;8;184;0;0.0;20.35910878112713;3.443432379287743;0.0;3.4;17.0;3.4;17.0;1
2114901110133;4153;6;8;184;0;0.0;20.35910878112713;3.443432379287743;0.0;3.48;17.0;3.48;17.0;1
2114901110134;4160;6;8;184;0;0.0;20.35910878112713;3.443432379287743;0.0;3.12;19.0;3.12;19.0;1
2114901110135;4162;6;8;184;0;0.0;20.35910878112713;3.443432379287743;0.0;3.54;17.0;3.54;17.0;1
2114901110136;4232;6;8;184;0;0.0;20.35910878112713;3.443432379287743;0.0;3.43;17.0;3.43;17.0;1
2114901210100;601;6;8;184;0;3.33;17.0;3.33;17.0;3.38;19.0;3.36;36.0;1
2114901210101;993;6;8;184;1;3.09;17.0;3.09;17.0;3.14;19.0;3.12;36.0;1
2114901210103;1318;6;8;184;1;3.33;17.0;3.33;17.0;2.51;19.0;2.89;36.0;1
2114901210137;9;6;15;184;2;0.0;20.35910878112713;3.443432379287743;0.0;3.52;17.0;3.52;17.0;1
2114901210138;62;6;15;184;2;0.0;20.35910878112713;3.443432379287743;0.0;3.65;17.0;3.65;17.0;1
2114901210139;89;6;12;184;2;0.0;20.35910878112713;3.443432379287743;0.0;3.58;17.0;3.58;17.0;1
2114901210140;373;6;10;184;2;0.0;20.35910878112713;3.443432379287743;0.0;3.36;17.0;3.36;17.0;1
2114901210141;460;6;13;184;2;0.0;20.35910878112713;3.443432379287743;0.0;3.41;17.0;3.41;17.0;1
2114901210142;865;6;8;184;2;0.0;20.35910878112713;3.443432379287743;0.0;3.45;17.0;3.45;17.0;1
2114901210143;959;6;15;184;2;0.0;20.35910878112713;3.443432379287743;0.0;3.36;17.0;3.36;17.0;1
2114901210144;1069;6;15;184;2;0.0;20.35910878112713;3.443432379287743;0.0;3.52;17.0;3.52;17.0;1
2114901210145;1102;6;2;184;1;0.0;20.35910878112713;3.443432379287743;0.0;3.33;17.0;3.33;17.0;1
2114901210146;1121;6;10;184;2;0.0;20.35910878112713;3.443432379287743;0.0;3.52;17.0;3.52;17.0;1
2114901210147;1174;6;4;184;1;0.0;20.35910878112713;3.443432379287743;0.0;3.56;17.0;3.56;17.0;1
2114901210148;1631;6;8;184;2;0.0;20.35910878112713;3.443432379287743;0.0;3.45;17.0;3.45;17.0;1
2114901210149;1744;6;15;184;2;0.0;20.35910878112713;3.443432379287743;0.0;3.41;17.0;3.41;17.0;1
2114901210150;2261;6;8;184;1;0.0;20.35910878112713;3.443432379287743;0.0;3.58;17.0;3.58;17.0;1
2114901210151;2297;6;15;184;2;0.0;20.35910878112713;3.443432379287743;0.0;3.52;17.0;3.52;17.0;1
2114901210152;2396;6;15;184;2;0.0;20.35910878112713;3.443432379287743;0.0;3.58;17.0;3.58;17.0;1
2114901210153;2401;6;4;184;1;0.0;20.35910878112713;3.443432379287743;0.0;3.46;17.0;3.46;17.0;1
2114901210154;2706;6;8;184;2;0.0;20.35910878112713;3.443432379287743;0.0;3.51;17.0;3.51;17.0;1
2114901210155;2784;6;15;184;2;0.0;20.35910878112713;3.443432379287743;0.0;3.59;17.0;3.59;17.0;1
2114901210156;2865;6;10;184;1;0.0;20.35910878112713;3.443432379287743;0.0;3.51;17.0;3.51;17.0;1
2114901210157;2973;6;13;184;2;0.0;20.35910878112713;3.443432379287743;0.0;3.72;17.0;3.72;17.0;1
2114901210158;3006;6;8;184;2;0.0;20.35910878112713;3.443432379287743;0.0;3.34;17.0;3.34;17.0;1
2114901210159;3072;6;15;184;2;0.0;20.35910878112713;3.443432379287743;0.0;3.58;17.0;3.58;17.0;1
2114901210160;3442;6;15;184;2;0.0;20.35910878112713;3.443432379287743;0.0;0.87;17.0;0.87;17.0;0
2114901210161;3532;6;10;184;2;0.0;20.35910878112713;3.443432379287743;0.0;3.41;17.0;3.41;17.0;1
2114901210162;3726;6;15;184;2;0.0;20.35910878112713;3.443432379287743;0.0;3.63;17.0;3.63;17.0;1
2114901210163;3735;6;13;184;2;0.0;20.35910878112713;3.443432379287743;0.0;3.36;17.0;3.36;17.0;1
2114901210164;3844;6;8;184;2;0.0;20.35910878112713;3.443432379287743;0.0;3.45;17.0;3.45;17.0;1
2114901210165;3908;6;8;184;0;0.0;20.35910878112713;3.443432379287743;0.0;3.36;17.0;3.36;17.0;1
2114901210166;4206;6;13;184;2;0.0;20.35910878112713;3.443432379287743;0.0;3.51;17.0;3.51;17.0;1
2114901210167;4253;6;8;184;0;0.0;20.35910878112713;3.443432379287743;0.0;3.51;17.0;3.51;17.0;1
2115401110001;42;1;13;184;3;3.41;20.0;3.41;20.0;3.49;19.0;3.45;39.0;1
2115401110002;329;1;13;184;3;3.38;20.0;3.38;20.0;3.49;19.0;3.43;39.0;1
2115401110003;1183;1;12;184;2;3.63;20.0;3.63;20.0;3.75;19.0;3.69;39.0;1
2115401110004;1265;1;12;184;3;3.65;20.0;3.65;20.0;3.71;19.0;3.68;39.0;1
2115401110005;1370;1;13;184;3;3.6;20.0;3.6;20.0;3.78;19.0;3.69;39.0;1
2115401110006;1635;1;8;184;3;3.52;20.0;3.52;20.0;3.78;19.0;3.65;39.0;1
2115401110007;2501;1;12;184;3;3.28;20.0;3.28;20.0;3.24;19.0;3.26;39.0;1
2115401110008;2908;1;12;184;3;3.53;20.0;3.53;20.0;3.6;19.0;3.56;39.0;1
2115401110009;3137;1;13;184;3;3.45;20.0;3.45;20.0;3.42;19.0;3.43;39.0;1
2115401110010;3252;1;8;184;3;2.91;20.0;2.91;20.0;0.0;19.0;1.49;39.0;0
2115401110011;4055;1;8;184;3;3.52;20.0;3.52;20.0;3.54;19.0;3.53;39.0;1
2115401110012;4086;1;8;184;3;3.62;20.0;3.62;20.0;3.6;19.0;3.61;39.0;1
2115401110013;192;1;14;184;3;3.61;20.0;3.61;20.0;3.65;19.0;3.63;39.0;1
2115401110014;282;1;13;184;3;3.72;20.0;3.72;20.0;3.64;19.0;3.68;39.0;1
2115401110015;289;1;13;184;3;3.29;20.0;3.29;20.0;3.41;19.0;3.35;39.0;1
2115401110016;605;1;13;184;3;3.21;20.0;3.21;20.0;3.34;19.0;3.27;39.0;1
2115401110017;646;1;14;184;3;3.07;20.0;3.07;20.0;2.64;19.0;2.86;39.0;1
2115401110018;726;1;8;184;3;3.45;20.0;3.45;20.0;3.26;19.0;3.36;39.0;1
2115401110019;969;1;1;184;3;3.32;20.0;3.32;20.0;3.19;19.0;3.26;39.0;1
2115401110020;994;1;8;184;3;3.19;20.0;3.19;20.0;3.44;19.0;3.31;39.0;1
2115401110021;1179;1;13;184;3;3.35;20.0;3.35;20.0;3.45;19.0;3.4;39.0;1
2115401110022;1237;1;8;184;3;3.94;20.0;3.94;20.0;3.79;19.0;3.87;39.0;1
2115401110023;1478;1;8;184;3;3.16;20.0;3.16;20.0;3.27;19.0;3.22;39.0;1
2115401110024;1695;1;8;184;3;3.35;20.0;3.35;20.0;3.45;19.0;3.4;39.0;1
2115401110025;1870;1;8;184;3;3.1;20.0;3.1;20.0;3.09;19.0;3.09;39.0;1
2115401110026;2061;1;8;184;0;3.77;20.0;3.77;20.0;3.6;19.0;3.69;39.0;1
2115401110027;2494;1;13;184;3;3.45;20.0;3.45;20.0;3.49;19.0;3.47;39.0;1
2115401110028;2645;1;8;184;3;3.36;20.0;3.36;20.0;3.17;19.0;3.27;39.0;1
2115401110029;2679;1;8;184;3;3.17;20.0;3.17;20.0;3.35;19.0;3.26;39.0;1
2115401110031;2935;1;12;184;3;2.98;20.0;2.98;20.0;3.26;19.0;3.12;39.0;1
2115401110032;3187;1;8;184;3;3.83;20.0;3.83;20.0;3.76;19.0;3.8;39.0;1
2115401110033;3401;1;12;184;3;3.5;20.0;3.5;20.0;3.54;19.0;3.52;39.0;1
2115401110034;3599;1;12;184;3;3.41;20.0;3.41;20.0;3.68;19.0;3.54;39.0;1
2115401110036;4008;1;14;184;3;3.46;20.0;3.46;20.0;3.2;19.0;3.34;39.0;1
2115401110037;4146;1;8;184;3;3.54;20.0;3.54;20.0;3.46;19.0;3.5;39.0;1
2115401110038;4202;1;15;184;3;3.01;20.0;3.01;20.0;3.09;19.0;3.05;39.0;1
2115401110039;4279;1;8;184;3;3.53;20.0;3.53;20.0;3.34;19.0;3.44;39.0;1
2115401110041;425;1;8;184;3;3.39;20.0;3.39;20.0;3.26;19.0;3.33;39.0;1
2115401110042;492;1;8;184;3;3.47;20.0;3.47;20.0;3.47;19.0;3.48;39.0;1
2115401110043;913;1;8;184;3;3.02;20.0;3.02;20.0;3.23;19.0;3.12;39.0;1
2115401110044;267;1;1;184;3;3.91;20.0;3.91;20.0;3.74;19.0;3.83;39.0;1
2122201110001;3676;19;8;184;3;3.65;21.0;3.65;21.0;3.53;24.0;3.59;45.0;1
2122201110002;193;19;1;184;3;3.53;21.0;3.53;21.0;3.54;24.0;3.54;45.0;1
2122201110003;337;19;1;184;3;3.39;21.0;3.39;21.0;3.51;24.0;3.46;45.0;1
2122201110004;474;19;8;184;3;3.35;21.0;3.35;21.0;2.98;24.0;3.16;45.0;1
2122201110005;1163;19;1;184;3;3.42;21.0;3.42;21.0;3.43;24.0;3.43;45.0;1
2122201110006;1416;19;8;184;3;3.33;21.0;3.33;21.0;3.7;24.0;3.53;45.0;1
2122201110007;1818;19;8;184;3;3.54;21.0;3.54;21.0;3.5;24.0;3.52;45.0;1
2122201110008;2348;19;8;184;3;2.43;21.0;2.43;21.0;0.25;20.0;1.37;41.0;0
2122201110009;2405;19;1;184;3;3.18;21.0;3.18;21.0;3.01;24.0;3.09;45.0;1
2122201110010;2415;19;1;184;3;0.38;21.0;0.38;21.0;0.0;12.0;0.24;33.0;0
2122201110011;2536;19;2;184;1;3.44;21.0;3.44;21.0;3.3;24.0;3.37;45.0;1
2122201110012;2640;19;8;184;3;3.37;21.0;3.37;21.0;3.18;24.0;3.27;45.0;1
2122201110013;3472;19;8;184;3;3.5;21.0;3.5;21.0;3.25;24.0;3.37;45.0;1
2122201110014;105;19;8;184;2;3.22;21.0;3.22;21.0;3.05;24.0;3.13;45.0;1
2122201110015;176;19;8;184;3;3.37;21.0;3.37;21.0;3.43;24.0;3.4;45.0;1
2122201110017;692;19;14;184;3;3.68;21.0;3.68;21.0;3.6;24.0;3.64;45.0;1
2122201110018;697;19;8;184;3;3.19;21.0;3.19;21.0;3.08;24.0;3.13;45.0;1
2122201110019;849;19;13;184;3;3.67;21.0;3.67;21.0;3.72;24.0;3.7;45.0;1
2122201110020;897;19;8;184;3;3.4;21.0;3.4;21.0;3.24;24.0;3.32;45.0;1
2122201110021;1047;19;13;184;3;3.53;21.0;3.53;21.0;3.48;24.0;3.51;45.0;1
2122201110022;1283;19;14;184;3;3.17;21.0;3.17;21.0;3.05;24.0;3.11;45.0;1
2122201110023;1477;19;15;184;3;3.57;21.0;3.57;21.0;3.47;24.0;3.52;45.0;1
2122201110024;2128;19;8;184;3;2.63;21.0;2.63;21.0;0.0;0.0;2.64;21.0;0
2122201110025;2434;19;1;184;3;3.49;21.0;3.49;21.0;3.35;24.0;3.42;45.0;1
2122201110028;2581;19;8;184;3;3.37;21.0;3.37;21.0;3.3;24.0;3.33;45.0;1
2122201110029;2869;19;8;184;3;3.22;21.0;3.22;21.0;3.25;24.0;3.24;45.0;1
2122201110030;3186;19;15;184;3;3.7;21.0;3.7;21.0;3.48;24.0;3.58;45.0;1
2122201110032;3487;19;12;184;3;3.18;21.0;3.18;21.0;3.05;24.0;3.11;45.0;1
2122201110033;3500;19;8;184;3;3.3;21.0;3.3;21.0;3.2;24.0;3.25;45.0;1
2122201110035;3691;19;1;184;3;0.33;21.0;0.33;21.0;0.0;0.0;0.33;21.0;0
2122201110037;4021;19;1;184;3;2.57;21.0;2.57;21.0;2.55;22.0;2.56;43.0;0
2122201110039;4311;19;8;184;3;3.34;21.0;3.34;21.0;3.32;24.0;3.34;45.0;1
2122201110041;44;19;1;184;3;3.47;21.0;3.47;21.0;3.68;24.0;3.58;45.0;1
2122201110046;2302;19;15;184;3;3.56;21.0;3.56;21.0;3.5;24.0;3.53;45.0;1
2122201110047;428;19;4;184;1;3.36;21.0;3.36;21.0;3.23;24.0;3.29;45.0;1
2122201110048;3466;19;13;184;3;3.53;21.0;3.53;21.0;3.47;24.0;3.5;45.0;1
2122201110049;3279;19;8;184;1;3.3;21.0;3.3;21.0;3.3;24.0;3.3;45.0;1
2122201110050;235;19;13;184;3;3.48;21.0;3.48;21.0;3.3;24.0;3.39;45.0;1
2122201110051;1854;19;8;184;3;0.25;21.0;0.25;21.0;0.0;0.0;0.26;21.0;0
2122201120052;1113;19;13;184;3;3.27;22.0;3.27;22.0;3.3;24.0;3.29;46.0;1
2123201110001;469;7;13;184;3;3.82;20.0;3.82;20.0;3.57;20.0;3.7;40.0;1
2123201110002;536;7;13;184;3;3.84;20.0;3.84;20.0;3.77;20.0;3.81;40.0;1
2123201110003;1021;7;15;184;3;3.84;20.0;3.84;20.0;3.7;20.0;3.77;40.0;1
2123201110004;1441;7;13;184;3;3.79;20.0;3.79;20.0;3.74;20.0;3.76;40.0;1
2123201110005;1444;7;1;184;3;3.82;20.0;3.82;20.0;3.6;20.0;3.71;40.0;1
2123201110006;1593;7;1;184;3;3.76;20.0;3.76;20.0;3.65;20.0;3.7;40.0;1
2123201110007;2149;7;1;184;3;3.84;20.0;3.84;20.0;3.87;20.0;3.85;40.0;1
2123201110009;2835;7;1;184;3;3.82;20.0;3.82;20.0;3.7;20.0;3.76;40.0;1
2123201110010;2909;7;8;184;3;3.55;20.0;3.55;20.0;2.45;20.0;3.0;40.0;1
2123201110011;2930;7;8;184;3;3.75;20.0;3.75;20.0;3.48;20.0;3.61;40.0;1
2123201110012;3709;7;1;184;3;3.79;20.0;3.79;20.0;3.65;20.0;3.72;40.0;1
2123201110014;458;7;1;184;3;3.84;20.0;3.84;20.0;3.75;20.0;3.79;40.0;1
2123201110015;1796;7;13;184;3;3.84;20.0;3.84;20.0;3.75;20.0;3.8;40.0;1
2123201110016;2283;7;13;184;3;3.75;20.0;3.75;20.0;3.94;20.0;3.85;40.0;1
2123201110017;2381;7;15;184;3;3.84;20.0;3.84;20.0;3.83;20.0;3.84;40.0;1
2123201110018;2395;7;1;184;3;3.87;20.0;3.87;20.0;3.97;20.0;3.92;40.0;1
2123201110019;2457;7;13;184;3;3.69;20.0;3.69;20.0;3.91;20.0;3.8;40.0;1
2123201110020;2981;7;15;184;3;3.81;20.0;3.81;20.0;3.85;20.0;3.83;40.0;1
2123201110021;3141;7;14;184;3;3.84;20.0;3.84;20.0;3.7;20.0;3.77;40.0;1
2123201110023;4297;7;13;184;3;3.69;20.0;3.69;20.0;3.24;20.0;3.46;40.0;1
2123201110024;2457;7;13;184;3;3.63;20.0;3.63;20.0;1.13;20.0;2.38;40.0;0
2123201110025;2342;7;1;184;3;3.6;20.0;3.6;20.0;1.13;20.0;2.36;40.0;0
2123201110026;2178;7;13;184;3;3.81;20.0;3.81;20.0;3.44;20.0;3.63;40.0;1
2123201110027;763;7;1;184;3;3.75;20.0;3.75;20.0;1.57;20.0;2.66;40.0;0
2135201110001;518;17;12;184;3;3.91;20.0;3.91;20.0;3.73;20.0;3.82;40.0;1
2135201110002;919;17;1;184;3;3.46;20.0;3.46;20.0;3.4;20.0;3.43;40.0;1
2135201110003;1672;17;8;184;3;3.67;20.0;3.67;20.0;3.39;20.0;3.53;40.0;1
2135201110004;1927;17;8;184;3;3.47;20.0;3.47;20.0;3.17;20.0;3.32;40.0;1
2135201110005;2528;17;15;184;3;3.61;20.0;3.61;20.0;3.69;20.0;3.65;40.0;1
2135201110006;2610;17;14;184;3;2.59;20.0;2.59;20.0;2.08;20.0;2.33;40.0;0
2135201110007;3465;17;1;184;3;2.48;20.0;2.48;20.0;2.45;20.0;2.47;40.0;0
2135201110008;3524;17;1;184;3;3.47;20.0;3.47;20.0;3.36;20.0;3.42;40.0;1
2135201110009;3697;17;15;184;3;3.54;20.0;3.54;20.0;3.5;20.0;3.52;40.0;1
2135201110010;3792;17;14;184;3;3.72;20.0;3.72;20.0;3.39;20.0;3.55;40.0;1
2135201110011;3971;17;1;184;3;3.88;20.0;3.88;20.0;3.78;20.0;3.83;40.0;1
2135201110012;4227;17;1;184;3;3.72;20.0;3.72;20.0;3.8;20.0;3.76;40.0;1
2135201110014;1645;17;1;184;3;0.1;20.0;0.1;20.0;0.0;0.0;0.1;20.0;0
2135201110015;1789;17;1;184;3;3.32;20.0;3.32;20.0;3.3;20.0;3.31;40.0;1
2135201110016;1936;17;1;184;3;0.2;20.0;0.2;20.0;0.0;0.0;0.2;20.0;0
2135201110018;2384;17;13;184;3;3.71;20.0;3.71;20.0;3.59;20.0;3.65;40.0;1
2135201110019;2952;17;8;184;3;3.65;20.0;3.65;20.0;3.43;20.0;3.54;40.0;1
2135201110020;3782;17;8;184;3;3.38;20.0;3.38;20.0;0.0;20.0;1.69;40.0;0
2135201110021;3980;17;14;184;3;3.62;20.0;3.62;20.0;3.24;20.0;3.43;40.0;1
2135201110022;4050;17;8;184;3;3.78;20.0;3.78;20.0;2.9;20.0;3.34;40.0;1
2135201110023;4061;17;8;184;3;3.1;20.0;3.1;20.0;2.58;20.0;2.84;40.0;1
2135201110024;44;17;1;184;3;3.71;20.0;3.71;20.0;3.52;20.0;3.61;40.0;1
2135201110025;120;17;1;184;3;3.97;20.0;3.97;20.0;3.84;20.0;3.9;40.0;1
2135201110026;147;17;8;184;3;3.84;20.0;3.84;20.0;3.54;20.0;3.69;40.0;1
2135201110028;1642;17;1;184;3;3.69;20.0;3.69;20.0;3.6;20.0;3.65;40.0;1
2135201110029;2265;17;1;184;3;3.18;20.0;3.18;20.0;3.15;20.0;3.17;40.0;1
2135201110030;2410;17;14;184;3;0.1;20.0;0.1;20.0;0.0;0.0;0.1;20.0;0
2135201110031;3013;17;8;184;3;3.26;20.0;3.26;20.0;3.07;20.0;3.17;40.0;1
2135201110032;3111;17;8;184;3;2.96;20.0;2.96;20.0;3.04;20.0;3.0;40.0;1
2135201110033;3239;17;8;184;3;3.52;20.0;3.52;20.0;3.4;20.0;3.46;40.0;1
2135201110034;822;17;1;184;3;2.78;20.0;2.78;20.0;2.44;20.0;2.61;40.0;0
2135201110035;2275;17;1;184;3;3.11;20.0;3.11;20.0;3.32;20.0;3.21;40.0;1
2148201110001;422;8;8;184;1;3.42;20.0;3.42;20.0;3.71;21.0;3.58;41.0;1
2148201110002;101;8;8;184;3;2.83;20.0;2.83;20.0;3.34;21.0;3.1;41.0;1
2148201110003;163;8;13;184;3;3.23;20.0;3.23;20.0;3.52;21.0;3.39;41.0;1
2148201110004;225;8;12;184;3;3.12;20.0;3.12;20.0;3.53;21.0;3.33;41.0;1
2148201110005;259;8;13;184;3;3.17;20.0;3.17;20.0;3.65;21.0;3.42;41.0;1
2148201110006;287;8;8;184;3;3.11;20.0;3.11;20.0;3.5;21.0;3.31;41.0;1
2148201110007;356;8;8;184;3;3.38;20.0;3.38;20.0;3.74;21.0;3.57;41.0;1
2148201110009;441;8;8;184;3;3.18;20.0;3.18;20.0;3.25;21.0;3.22;41.0;1
2148201110010;486;8;15;184;3;3.48;20.0;3.48;20.0;3.81;21.0;3.65;41.0;1
2148201110011;516;8;12;184;3;3.2;20.0;3.2;20.0;3.57;21.0;3.39;41.0;1
2148201110012;612;8;15;184;3;3.24;20.0;3.24;20.0;3.69;21.0;3.47;41.0;1
2148201110014;791;8;13;184;3;3.53;20.0;3.53;20.0;3.8;21.0;3.67;41.0;1
2148201110015;808;8;8;184;3;3.41;20.0;3.41;20.0;3.58;21.0;3.5;41.0;1
2148201110016;871;8;15;184;3;3.38;20.0;3.38;20.0;3.45;21.0;3.42;41.0;1
2148201110017;954;8;15;184;3;2.99;20.0;2.99;20.0;3.16;21.0;3.08;41.0;1
2148201110018;1029;8;8;184;3;3.13;20.0;3.13;20.0;3.42;21.0;3.29;41.0;1
2148201110019;1180;8;8;184;2;3.47;20.0;3.47;20.0;3.7;21.0;3.59;41.0;1
2148201110020;1300;8;8;184;3;3.18;20.0;3.18;20.0;3.55;21.0;3.37;41.0;1
2148201110021;1304;8;8;184;3;3.54;20.0;3.54;20.0;3.7;21.0;3.63;41.0;1
2148201110023;1624;8;8;184;3;2.27;20.0;2.27;20.0;2.7;21.0;2.49;41.0;0
2148201110024;1660;8;8;184;3;2.31;20.0;2.31;20.0;2.61;21.0;2.47;41.0;0
2148201110025;1698;8;8;184;3;2.93;20.0;2.93;20.0;3.23;21.0;3.09;41.0;1
2148201110026;1774;8;13;184;3;3.72;20.0;3.72;20.0;3.87;21.0;3.8;41.0;1
2148201110027;1989;8;8;184;3;2.69;20.0;2.69;20.0;2.9;21.0;2.8;41.0;1
2148201110028;2046;8;15;184;3;2.88;20.0;2.88;20.0;3.28;21.0;3.09;41.0;1
2148201110029;2113;8;4;184;1;3.53;20.0;3.53;20.0;3.9;21.0;3.72;41.0;1
2148201110030;2226;8;8;184;3;2.71;20.0;2.71;20.0;3.44;21.0;3.09;41.0;1
2148201110033;2474;8;8;184;3;2.28;20.0;2.28;20.0;2.81;21.0;2.55;41.0;0
2148201110034;2478;8;13;184;3;2.89;20.0;2.89;20.0;3.2;21.0;3.05;41.0;1
2148201110035;2530;8;13;184;3;2.73;20.0;2.73;20.0;3.09;21.0;2.92;41.0;1
2148201110036;2565;8;13;184;3;3.46;20.0;3.46;20.0;3.7;21.0;3.59;41.0;1
2148201110038;2666;8;13;184;3;3.0;20.0;3.0;20.0;3.59;21.0;3.3;41.0;1
2148201110039;2767;8;13;184;3;3.22;20.0;3.22;20.0;3.6;21.0;3.42;41.0;1
2148201110040;2881;8;8;184;3;2.73;20.0;2.73;20.0;3.16;21.0;2.96;41.0;1
2148201110041;2966;8;8;184;3;3.0;20.0;3.0;20.0;3.26;21.0;3.13;41.0;1
2148201110042;3036;8;8;184;3;3.26;20.0;3.26;20.0;3.54;21.0;3.4;41.0;1
2148201110043;3152;8;13;184;3;3.59;20.0;3.59;20.0;3.75;21.0;3.67;41.0;1
2148201110044;3243;8;13;184;3;3.5;20.0;3.5;20.0;3.68;21.0;3.59;41.0;1
2148201110046;3398;8;15;184;3;3.0;20.0;3.0;20.0;3.24;21.0;3.12;41.0;1
2148201110047;3512;8;8;184;3;2.73;20.0;2.73;20.0;3.2;21.0;2.97;41.0;1
2148201110048;3624;8;15;184;3;3.2;20.0;3.2;20.0;3.55;21.0;3.38;41.0;1
2148201110049;3664;8;8;184;3;2.71;20.0;2.71;20.0;3.23;21.0;2.98;41.0;1
2148201110050;3727;8;8;184;3;2.93;20.0;2.93;20.0;3.34;21.0;3.14;41.0;1
2148201110051;3889;8;8;184;3;3.13;20.0;3.13;20.0;3.26;21.0;3.2;41.0;1
2148201110052;3954;8;15;184;3;3.31;20.0;3.31;20.0;3.72;21.0;3.52;41.0;1
2148201110053;4067;8;14;184;3;2.86;20.0;2.86;20.0;3.26;21.0;3.07;41.0;1
2148201110054;4141;8;14;184;3;3.04;20.0;3.04;20.0;3.18;21.0;3.11;41.0;1
2148201110055;4186;8;13;184;3;2.93;20.0;2.93;20.0;3.41;21.0;3.18;41.0;1
2148201110056;111;8;14;184;3;2.71;20.0;2.71;20.0;2.81;21.0;2.76;41.0;1
2148201110057;166;8;8;184;3;2.96;20.0;2.96;20.0;3.24;21.0;3.1;41.0;1
2148201110058;227;8;8;184;3;2.67;20.0;2.67;20.0;3.16;21.0;2.92;41.0;1
2148201110059;275;8;13;184;3;3.32;20.0;3.32;20.0;3.53;21.0;3.43;41.0;1
2148201110060;291;8;13;184;3;3.84;20.0;3.84;20.0;3.8;21.0;3.82;41.0;1
2148201110061;392;8;13;184;3;3.25;20.0;3.25;20.0;3.68;21.0;3.47;41.0;1
2148201110062;437;8;8;184;1;3.32;20.0;3.32;20.0;3.89;21.0;3.62;41.0;1
2148201110063;468;8;15;184;3;3.27;20.0;3.27;20.0;3.71;21.0;3.5;41.0;1
2148201110064;490;8;13;184;3;1.03;20.0;1.03;20.0;0.0;0.0;1.03;20.0;0
2148201110065;517;8;8;184;3;2.82;20.0;2.82;20.0;0.76;21.0;1.77;41.0;0
2148201110066;663;8;13;184;3;3.3;20.0;3.3;20.0;3.47;21.0;3.39;41.0;1
2148201110067;724;8;13;184;3;3.75;20.0;3.75;20.0;3.8;21.0;3.78;41.0;1
2148201110068;795;8;15;184;3;3.56;20.0;3.56;20.0;3.66;21.0;3.61;41.0;1
2148201110069;820;8;8;184;3;2.96;20.0;2.96;20.0;3.4;21.0;3.19;41.0;1
2148201110070;917;8;10;184;2;3.25;20.0;3.25;20.0;3.79;21.0;3.52;41.0;1
2148201110072;1048;8;8;184;3;2.75;20.0;2.75;20.0;3.45;21.0;3.11;41.0;1
2148201110073;1088;8;12;184;2;3.88;20.0;3.88;20.0;3.93;21.0;3.9;41.0;1
2148201110074;1214;8;13;184;3;3.73;20.0;3.73;20.0;3.89;21.0;3.81;41.0;1
2148201110075;1313;8;8;184;3;3.07;20.0;3.07;20.0;3.33;21.0;3.2;41.0;1
2148201110076;1315;8;13;184;3;3.88;20.0;3.88;20.0;3.86;21.0;3.87;41.0;1
2148201110077;1620;8;13;184;3;3.67;20.0;3.67;20.0;3.91;21.0;3.8;41.0;1
2148201110078;1682;8;8;184;3;2.48;20.0;2.48;20.0;2.88;21.0;2.69;41.0;0
2148201110079;1709;8;4;184;1;3.01;20.0;3.01;20.0;3.34;21.0;3.18;41.0;1
2148201110080;1829;8;8;184;3;2.94;20.0;2.94;20.0;1.1;21.0;2.0;41.0;0
2148201110081;1889;8;13;184;3;2.91;20.0;2.91;20.0;3.4;21.0;3.16;41.0;1
2148201110082;1990;8;8;184;3;3.51;20.0;3.51;20.0;3.84;21.0;3.68;41.0;1
2148201110083;2082;8;8;184;3;2.86;20.0;2.86;20.0;3.23;21.0;3.05;41.0;1
2148201110084;2192;8;8;184;3;2.58;20.0;2.58;20.0;3.21;21.0;2.9;41.0;1
2148201110085;2231;8;8;184;3;3.67;20.0;3.67;20.0;3.86;21.0;3.77;41.0;1
2148201110086;2300;8;1;184;3;2.96;20.0;2.96;20.0;3.4;21.0;3.19;41.0;1
2148201110087;2417;8;8;184;3;3.09;20.0;3.09;20.0;3.39;21.0;3.24;41.0;1
2148201110088;2498;8;15;184;3;3.55;20.0;3.55;20.0;3.61;21.0;3.58;41.0;1
2148201110089;2535;8;5;184;1;2.97;20.0;2.97;20.0;3.35;21.0;3.17;41.0;1
2148201110090;2570;8;13;184;3;3.84;20.0;3.84;20.0;3.94;21.0;3.89;41.0;1
2148201110091;2617;8;8;184;3;2.8;20.0;2.8;20.0;3.3;21.0;3.05;41.0;1
2148201110092;2698;8;8;184;3;2.88;20.0;2.88;20.0;3.2;21.0;3.05;41.0;1
2148201110093;2770;8;15;184;2;3.46;20.0;3.46;20.0;3.56;21.0;3.51;41.0;1
2148201110094;2916;8;8;184;3;2.61;20.0;2.61;20.0;2.9;21.0;2.76;41.0;1
2148201110095;3019;8;15;184;3;3.56;20.0;3.56;20.0;3.66;21.0;3.61;41.0;1
2148201110096;3067;8;8;184;3;2.46;20.0;2.46;20.0;2.82;21.0;2.65;41.0;0
2148201110098;3249;8;8;184;3;3.28;20.0;3.28;20.0;3.84;21.0;3.57;41.0;1
2148201110099;3279;8;8;184;1;3.34;20.0;3.34;20.0;3.3;21.0;3.32;41.0;1
2148201110100;3319;8;15;184;3;3.63;20.0;3.63;20.0;3.9;21.0;3.77;41.0;1
2148201110102;3456;8;8;184;3;2.95;20.0;2.95;20.0;3.24;21.0;3.1;41.0;1
2148201110103;3570;8;8;184;3;3.41;20.0;3.41;20.0;3.48;21.0;3.45;41.0;1
2148201110104;3648;8;13;184;3;2.82;20.0;2.82;20.0;3.03;21.0;2.93;41.0;1
2148201110105;3682;8;13;184;3;2.98;20.0;2.98;20.0;3.31;21.0;3.15;41.0;1
2148201110106;3817;8;8;184;3;2.63;20.0;2.63;20.0;3.18;21.0;2.91;41.0;1
2148201110107;3917;8;13;184;3;0.47;20.0;0.47;20.0;0.0;0.0;0.47;20.0;0
2148201110108;3973;8;15;184;3;2.96;20.0;2.96;20.0;3.42;21.0;3.2;41.0;1
2148201110109;4076;8;8;184;3;2.84;20.0;2.84;20.0;3.35;21.0;3.1;41.0;1
2148201110110;4161;8;8;184;3;2.94;20.0;2.94;20.0;3.38;21.0;3.16;41.0;1
2148201110111;4193;8;8;184;3;3.16;20.0;3.16;20.0;3.34;21.0;3.25;41.0;1
2148201110112;126;8;8;184;3;2.41;20.0;2.41;20.0;2.8;21.0;2.61;41.0;0
2148201110113;200;8;4;184;3;3.32;20.0;3.32;20.0;3.34;21.0;3.33;41.0;1
2148201110114;253;8;15;184;3;3.64;20.0;3.64;20.0;3.6;21.0;3.62;41.0;1
2148201110115;286;8;8;184;3;3.63;20.0;3.63;20.0;3.79;21.0;3.71;41.0;1
2148201110116;336;8;8;184;3;3.87;20.0;3.87;20.0;3.9;21.0;3.88;41.0;1
2148201110117;395;8;8;184;3;3.37;20.0;3.37;20.0;3.34;21.0;3.36;41.0;1
2148201110118;440;8;8;184;3;2.52;20.0;2.52;20.0;3.13;21.0;2.83;41.0;1
2148201110119;473;8;8;184;3;3.32;20.0;3.32;20.0;3.62;21.0;3.48;41.0;1
2148201110120;494;8;8;184;3;3.75;20.0;3.75;20.0;3.59;21.0;3.67;41.0;1
2148201110121;557;8;8;184;3;2.78;20.0;2.78;20.0;3.02;21.0;2.9;41.0;1
2148201110122;685;8;8;184;3;2.96;20.0;2.96;20.0;3.26;21.0;3.12;41.0;1
2148201110123;790;8;8;184;3;3.13;20.0;3.13;20.0;3.52;21.0;3.34;41.0;1
2148201110124;804;8;13;184;3;2.87;20.0;2.87;20.0;2.88;21.0;2.87;41.0;1
2148201110125;859;8;8;184;3;3.88;20.0;3.88;20.0;3.9;21.0;3.89;41.0;1
2148201110126;950;8;13;184;3;2.99;20.0;2.99;20.0;3.05;21.0;3.02;41.0;1
2148201110127;990;8;13;184;3;3.54;20.0;3.54;20.0;3.7;21.0;3.62;41.0;1
2148201110128;1147;8;8;184;3;3.59;20.0;3.59;20.0;3.66;21.0;3.62;41.0;1
2148201110129;1220;8;15;184;3;0.6;20.0;0.6;20.0;0.0;0.0;0.6;20.0;0
2148201110131;1357;8;8;184;3;2.4;20.0;2.4;20.0;3.26;21.0;2.84;41.0;1
2148201110133;1658;8;8;184;3;2.71;20.0;2.71;20.0;3.38;21.0;3.05;41.0;1
2148201110134;1692;8;8;184;3;3.34;20.0;3.34;20.0;3.46;21.0;3.4;41.0;1
2148201110135;1735;8;1;184;3;3.08;20.0;3.08;20.0;3.3;21.0;3.19;41.0;1
2148201110136;1984;8;8;184;2;3.0;20.0;3.0;20.0;3.13;21.0;3.07;41.0;1
2148201110137;2036;8;13;184;3;3.62;20.0;3.62;20.0;3.72;21.0;3.67;41.0;1
2148201110138;2100;8;8;184;3;2.87;20.0;2.87;20.0;3.45;21.0;3.17;41.0;1
2148201110139;2199;8;13;184;3;2.68;20.0;2.68;20.0;3.05;21.0;2.87;41.0;1
2148201110141;2339;8;8;184;3;2.87;20.0;2.87;20.0;3.3;21.0;3.09;41.0;1
2148201110142;2435;8;13;184;3;3.0;20.0;3.0;20.0;3.29;21.0;3.15;41.0;1
2148201110143;2476;8;12;184;3;3.85;20.0;3.85;20.0;3.85;21.0;3.85;41.0;1
2148201110144;2515;8;13;184;3;3.88;20.0;3.88;20.0;1.16;21.0;2.49;41.0;0
2148201110145;2547;8;13;184;3;3.63;20.0;3.63;20.0;3.66;21.0;3.64;41.0;1
2148201110146;2574;8;8;184;3;3.11;20.0;3.11;20.0;3.14;21.0;3.13;41.0;1
2148201110147;2656;8;13;184;3;2.92;20.0;2.92;20.0;3.28;21.0;3.1;41.0;1
2148201110148;2764;8;13;184;3;3.13;20.0;3.13;20.0;3.39;21.0;3.26;41.0;1
2148201110149;2818;8;13;184;3;3.91;20.0;3.91;20.0;3.81;21.0;3.86;41.0;1
2148201110150;2934;8;13;184;3;3.22;20.0;3.22;20.0;3.51;21.0;3.37;41.0;1
2148201110151;3020;8;8;184;3;3.2;20.0;3.2;20.0;3.37;21.0;3.29;41.0;1
2148201110152;3139;8;8;184;3;3.57;20.0;3.57;20.0;3.63;21.0;3.6;41.0;1
2148201110153;3237;8;13;184;3;2.46;20.0;2.46;20.0;2.89;21.0;2.68;41.0;0
2148201110155;3328;8;8;184;3;2.46;20.0;2.46;20.0;3.2;21.0;2.84;41.0;1
2148201110156;3340;8;8;184;3;3.25;20.0;3.25;20.0;3.41;21.0;3.34;41.0;1
2148201110157;3477;8;8;184;3;3.03;20.0;3.03;20.0;3.25;21.0;3.14;41.0;1
2148201110158;3589;8;8;184;3;3.19;20.0;3.19;20.0;3.59;21.0;3.39;41.0;1
2148201110159;3657;8;8;184;3;3.21;20.0;3.21;20.0;3.03;21.0;3.12;41.0;1
2148201110160;3723;8;12;184;3;2.98;20.0;2.98;20.0;3.12;21.0;3.05;41.0;1
2148201110161;3838;8;8;184;3;2.84;20.0;2.84;20.0;3.2;21.0;3.02;41.0;1
2148201110162;3951;8;8;184;3;3.97;20.0;3.97;20.0;3.8;21.0;3.88;41.0;1
2148201110163;4004;8;4;184;3;3.42;20.0;3.42;20.0;3.64;21.0;3.53;41.0;1
2148201110164;4119;8;8;184;3;2.93;20.0;2.93;20.0;3.37;21.0;3.16;41.0;1
2148201110165;4171;8;15;184;3;3.85;20.0;3.85;20.0;3.73;21.0;3.79;41.0;1
2148201110166;4254;8;8;184;3;3.02;20.0;3.02;20.0;3.31;21.0;3.17;41.0;1
2148201110167;4267;8;13;184;3;3.5;20.0;3.5;20.0;3.45;21.0;3.48;41.0;1
2148201110168;195;8;8;184;3;3.47;20.0;3.47;20.0;1.05;21.0;2.23;41.0;0
2148201110169;655;8;13;184;3;2.2;20.0;2.2;20.0;2.93;21.0;2.58;41.0;0
2148201110170;2115;8;13;184;3;1.05;20.0;1.05;20.0;0.0;0.0;1.05;20.0;0
2148201110171;2392;8;13;184;3;0.2;20.0;0.2;20.0;0.0;0.0;0.2;20.0;0
2148201110172;3955;8;8;184;3;2.58;20.0;2.58;20.0;3.11;21.0;2.85;41.0;1
2148401110001;2118;0;14;184;3;3.4;20.0;3.4;20.0;1.18;22.0;2.24;42.0;0
2148401110002;2560;0;15;184;3;3.78;20.0;3.78;20.0;3.32;22.0;3.54;42.0;1
2148401110003;2267;0;8;184;3;3.19;20.0;3.19;20.0;2.31;22.0;2.73;42.0;0
2148401110004;2649;0;14;184;3;0.67;20.0;0.67;20.0;0.0;20.0;0.34;40.0;0
2148401110005;2333;0;13;184;3;3.95;20.0;3.95;20.0;3.64;22.0;3.79;42.0;1
2148401110006;11;0;8;184;3;3.66;20.0;3.66;20.0;3.48;22.0;3.57;42.0;1
2148401110007;118;0;13;184;3;3.73;20.0;3.73;20.0;0.0;8.0;2.67;28.0;0
2148401110008;514;0;8;184;3;3.76;20.0;3.76;20.0;3.2;22.0;3.46;42.0;1
2148401110009;551;0;8;184;0;3.69;20.0;3.69;20.0;3.08;22.0;3.37;42.0;1
2148401110010;802;0;8;184;3;3.6;20.0;3.6;20.0;3.4;22.0;3.5;42.0;1
2148401110011;1470;0;8;184;3;3.5;20.0;3.5;20.0;2.85;22.0;3.16;42.0;1
2148401110012;2160;0;13;184;3;3.86;20.0;3.86;20.0;3.65;22.0;3.75;42.0;1
2148401110013;2184;0;8;184;3;3.36;20.0;3.36;20.0;3.32;22.0;3.34;42.0;1
2148401110014;2532;0;8;184;3;3.32;20.0;3.32;20.0;3.35;22.0;3.33;42.0;1
2148401110015;2544;0;13;184;3;3.5;20.0;3.5;20.0;3.44;22.0;3.47;42.0;1
2148401110016;2747;0;15;184;3;3.91;20.0;3.91;20.0;3.8;22.0;3.85;42.0;1
2148401110017;3235;0;8;184;3;2.96;20.0;2.96;20.0;2.46;22.0;2.7;42.0;0
2148401110018;3503;0;12;184;3;2.88;20.0;2.88;20.0;2.63;22.0;2.75;42.0;1
2148401110019;3511;0;8;184;3;3.6;20.0;3.6;20.0;3.05;22.0;3.31;42.0;1
2148401110020;3387;0;8;184;3;3.31;20.0;3.31;20.0;2.54;22.0;2.9;42.0;1
2148401110022;3296;0;12;184;3;3.31;20.0;3.31;20.0;2.9;22.0;3.1;42.0;1
2148401110023;759;0;8;184;3;2.63;20.0;2.63;20.0;1.76;22.0;2.18;42.0;0
2148401210024;334;0;13;184;3;3.68;16.0;3.68;99.0;3.64;18.0;3.66;34.0;1
2148401210025;376;0;8;184;3;3.74;16.0;3.74;99.0;3.67;18.0;3.7;34.0;1
2148401210026;523;0;13;184;3;2.78;16.0;2.78;99.0;3.88;18.0;3.37;34.0;1
2148401210027;846;0;8;184;3;3.8;16.0;3.8;99.0;3.79;18.0;3.8;34.0;1
2148401210028;1009;0;13;184;3;3.68;16.0;3.68;99.0;3.8;18.0;3.75;34.0;1
2148401210029;1070;0;1;184;3;3.8;16.0;3.8;99.0;3.92;18.0;3.86;34.0;1
2148401210030;1257;0;12;184;3;3.75;16.0;3.75;99.0;3.76;18.0;3.76;34.0;1
2148401210031;1262;0;1;184;3;3.25;16.0;3.25;99.0;3.7;18.0;3.49;34.0;1
2148401210032;1290;0;8;184;3;3.82;16.0;3.82;99.0;3.9;18.0;3.86;34.0;1
2148401210033;1293;0;8;184;3;3.8;16.0;3.8;99.0;3.83;18.0;3.82;34.0;1
2148401210034;1355;0;1;184;3;2.51;16.0;2.51;99.0;2.99;18.0;2.77;34.0;1
2148401210035;1877;0;2;184;1;3.14;16.0;3.14;99.0;3.57;18.0;3.37;34.0;1
2148401210036;1529;0;12;184;3;3.76;16.0;3.76;99.0;3.79;18.0;3.78;34.0;1
2148401210037;1680;0;1;184;3;3.26;16.0;3.26;99.0;3.5;18.0;3.39;34.0;1
2148401210038;2760;0;8;184;3;3.68;16.0;3.68;99.0;3.82;18.0;3.76;34.0;1
2148401210039;2809;0;1;184;3;3.65;16.0;3.65;99.0;3.7;18.0;3.68;34.0;1
2148401210040;2816;0;8;184;3;3.59;16.0;3.59;99.0;3.73;18.0;3.67;34.0;1
2148401210041;3024;0;13;184;3;3.82;16.0;3.82;99.0;3.9;18.0;3.86;34.0;1
2148401210042;3267;0;1;184;3;3.6;16.0;3.6;99.0;3.92;18.0;3.77;34.0;1
2148401210043;3468;0;1;184;3;3.78;16.0;3.78;99.0;3.68;18.0;3.73;34.0;1
2148401210044;3600;0;1;184;3;3.5;16.0;3.5;99.0;3.8;18.0;3.66;34.0;1
2148401210045;3827;0;1;184;3;3.7;16.0;3.7;99.0;3.83;18.0;3.77;34.0;1
2148401210046;3871;0;1;184;3;3.02;16.0;3.02;99.0;2.44;18.0;2.72;34.0;0
2148401210047;3891;0;1;184;3;3.86;16.0;3.86;99.0;3.9;18.0;3.88;34.0;1
2148401210048;3942;0;1;184;3;3.73;16.0;3.73;99.0;3.78;18.0;3.76;34.0;1
2155201110001;936;9;1;184;3;3.73;19.0;3.73;19.0;3.36;24.0;3.53;43.0;1
2155201110002;1008;9;8;184;3;3.79;19.0;3.79;19.0;3.86;24.0;3.83;43.0;1
2155201110003;2447;9;12;184;3;3.82;19.0;3.82;19.0;3.72;24.0;3.77;43.0;1
2155201110004;38;9;8;184;3;3.73;19.0;3.73;19.0;3.85;24.0;3.8;43.0;1
2155201110006;254;9;13;184;3;3.69;19.0;3.69;19.0;3.82;24.0;3.77;43.0;1
2155201110007;339;9;13;184;3;3.82;19.0;3.82;19.0;3.16;24.0;3.46;43.0;1
2155201110008;555;9;12;184;3;3.48;19.0;3.48;19.0;3.48;24.0;3.48;43.0;1
2155201110009;636;9;8;184;3;3.68;19.0;3.68;19.0;2.9;24.0;3.24;43.0;1
2155201110011;821;9;13;184;3;2.63;19.0;2.63;19.0;1.7;24.0;2.11;43.0;0
2155201110012;1016;9;12;184;3;2.85;19.0;2.85;19.0;1.54;24.0;2.12;43.0;0
2155201110013;1146;9;8;184;3;3.61;19.0;3.61;19.0;2.38;22.0;2.95;41.0;1
2155201110014;1461;9;8;184;3;3.9;19.0;3.9;19.0;3.79;24.0;3.84;43.0;1
2155201110015;1571;9;8;184;3;3.77;19.0;3.77;19.0;3.86;24.0;3.83;43.0;1
2155201110016;1622;9;8;184;3;3.73;19.0;3.73;19.0;3.8;24.0;3.77;43.0;1
2155201110018;2095;9;13;184;3;3.79;19.0;3.79;19.0;2.35;27.0;2.95;46.0;1
2155201110021;2287;9;8;184;3;3.79;19.0;3.79;19.0;3.72;24.0;3.75;43.0;1
2155201110022;2441;9;8;184;3;3.63;19.0;3.63;19.0;3.11;24.0;3.34;43.0;1
2155201110023;2442;9;8;184;3;3.85;19.0;3.85;19.0;2.74;24.0;3.23;43.0;1
2155201110024;2465;9;12;184;3;3.96;19.0;3.96;19.0;3.73;24.0;3.83;43.0;1
2155201110025;2783;9;8;184;3;3.84;19.0;3.84;19.0;3.82;24.0;3.83;43.0;1
2155201110026;2870;9;1;184;3;3.64;19.0;3.64;19.0;3.47;24.0;3.54;43.0;1
2155201110027;2892;9;14;184;3;3.81;19.0;3.81;19.0;3.76;24.0;3.78;43.0;1
2155201110028;3988;9;13;184;3;3.93;19.0;3.93;19.0;3.71;24.0;3.81;43.0;1
2155201110029;4242;9;15;184;3;3.77;19.0;3.77;19.0;3.82;24.0;3.8;43.0;1
2155201110030;142;9;8;184;3;3.76;19.0;3.76;19.0;3.75;24.0;3.76;43.0;1
2155201110031;1845;9;8;184;3;3.54;19.0;3.54;19.0;3.81;24.0;3.7;43.0;1
2155201110032;2338;9;1;184;3;3.67;19.0;3.67;19.0;3.73;24.0;3.7;43.0;1
2155201110033;2340;9;1;184;3;3.65;19.0;3.65;19.0;3.18;24.0;3.39;43.0;1
2155201110035;1659;9;8;184;3;3.48;19.0;3.48;19.0;3.0;20.0;3.24;39.0;1
2161206110001;16;16;8;184;3;3.91;22.0;3.91;22.0;3.83;23.0;3.87;45.0;1
2161206110002;70;16;15;184;3;3.77;22.0;3.77;22.0;3.8;23.0;3.78;45.0;1
2161206110003;250;16;8;184;3;3.79;22.0;3.79;22.0;3.88;23.0;3.84;45.0;1
2161206110004;335;16;15;184;3;3.87;22.0;3.87;22.0;3.87;23.0;3.87;45.0;1
2161206110005;365;16;15;184;3;3.77;22.0;3.77;22.0;3.83;23.0;3.8;45.0;1
2161206110006;520;16;13;184;3;3.78;22.0;3.78;22.0;3.83;23.0;3.81;45.0;1
2161206110007;593;16;13;184;3;3.81;22.0;3.81;22.0;3.83;23.0;3.82;45.0;1
2161206110009;1193;16;13;184;3;3.97;22.0;3.97;22.0;3.78;23.0;3.88;45.0;1
2161206110010;2067;16;12;184;3;3.8;22.0;3.8;22.0;3.9;23.0;3.85;45.0;1
2161206110011;3081;16;13;184;3;3.49;22.0;3.49;22.0;3.68;23.0;3.59;45.0;1
2161206110012;3597;16;8;184;3;3.78;22.0;3.78;22.0;3.69;23.0;3.74;45.0;1
2161206110013;4057;16;8;184;3;4.0;22.0;4.0;22.0;4.0;23.0;4.0;45.0;1
2161206110014;3018;16;1;184;3;3.81;22.0;3.81;22.0;4.0;23.0;3.91;45.0;1
2161206110015;3651;16;13;184;3;3.46;22.0;3.46;22.0;3.7;23.0;3.58;45.0;1
2161206110016;3353;16;8;184;3;3.57;22.0;3.57;22.0;3.66;23.0;3.62;45.0;1
2161206110017;4034;16;8;184;3;0.67;22.0;0.67;22.0;0.0;0.0;0.67;22.0;0
2173201110001;810;18;8;184;3;3.3;20.0;3.3;20.0;3.19;20.0;3.25;40.0;1
2173201110002;2708;18;14;184;3;3.14;20.0;3.14;20.0;3.13;20.0;3.14;40.0;1
2173201110003;3581;18;13;184;3;3.36;20.0;3.36;20.0;3.54;20.0;3.45;40.0;1
2173201110004;338;18;15;184;3;3.54;20.0;3.54;20.0;3.64;20.0;3.59;40.0;1
2173201110005;412;18;8;184;3;3.13;20.0;3.13;20.0;3.26;20.0;3.2;40.0;1
2173201110006;499;18;8;184;3;3.47;20.0;3.47;20.0;3.7;20.0;3.59;40.0;1
2173201110007;579;18;8;184;3;3.44;20.0;3.44;20.0;3.56;20.0;3.5;40.0;1
2173201110008;830;18;8;184;3;3.73;20.0;3.73;20.0;3.73;20.0;3.73;40.0;1
2173201110009;860;18;15;184;3;3.59;20.0;3.59;20.0;3.6;20.0;3.59;40.0;1
2173201110010;1067;18;8;184;3;3.36;20.0;3.36;20.0;3.71;20.0;3.54;40.0;1
2173201110011;1254;18;14;184;3;3.42;20.0;3.42;20.0;3.46;20.0;3.44;40.0;1
2173201110012;1411;18;13;184;3;3.41;20.0;3.41;20.0;3.4;20.0;3.4;40.0;1
2173201110013;1495;18;8;184;3;3.53;20.0;3.53;20.0;3.52;20.0;3.52;40.0;1
2173201110014;1580;18;8;184;3;3.69;20.0;3.69;20.0;3.64;20.0;3.67;40.0;1
2173201110015;1649;18;8;184;1;3.67;20.0;3.67;20.0;3.7;20.0;3.69;40.0;1
2173201110016;1830;18;13;184;3;3.41;20.0;3.41;20.0;0.45;20.0;1.93;40.0;0
2173201110017;1985;18;13;184;3;3.51;20.0;3.51;20.0;3.46;20.0;3.49;40.0;1
2173201110018;2034;18;8;184;3;3.63;20.0;3.63;20.0;1.44;20.0;2.54;40.0;0
2173201110019;2141;18;12;184;3;3.33;20.0;3.33;20.0;3.29;20.0;3.31;40.0;1
2173201110021;2322;18;12;184;3;3.29;20.0;3.29;20.0;3.33;20.0;3.31;40.0;1
2173201110022;2551;18;8;184;3;3.57;20.0;3.57;20.0;3.65;20.0;3.61;40.0;1
2173201110023;2585;18;13;184;3;3.32;20.0;3.32;20.0;3.58;20.0;3.45;40.0;1
2173201110024;2601;18;12;184;3;3.76;20.0;3.76;20.0;3.7;20.0;3.73;40.0;1
2173201110026;2956;18;8;184;3;3.37;20.0;3.37;20.0;3.6;20.0;3.48;40.0;1
2173201110027;3095;18;12;184;3;3.53;20.0;3.53;20.0;3.8;20.0;3.67;40.0;1
2173201110028;3161;18;13;184;3;3.5;20.0;3.5;20.0;3.63;20.0;3.56;40.0;1
2173201110029;3165;18;8;184;3;3.47;20.0;3.47;20.0;3.6;20.0;3.53;40.0;1
2173201110030;3396;18;8;184;3;3.22;20.0;3.22;20.0;3.33;20.0;3.27;40.0;1
2173201110031;3706;18;8;184;3;3.29;20.0;3.29;20.0;3.42;20.0;3.35;40.0;1
2173201110032;3793;18;8;184;3;3.6;20.0;3.6;20.0;3.58;20.0;3.59;40.0;1
2173201110033;4126;18;8;184;3;3.57;20.0;3.57;20.0;3.63;20.0;3.6;40.0;1
2173201110034;4200;18;8;184;3;3.34;20.0;3.34;20.0;3.37;20.0;3.35;40.0;1
2173201110035;177;18;8;184;3;3.5;20.0;3.5;20.0;3.46;20.0;3.48;40.0;1
2173201110036;341;18;8;184;3;3.26;20.0;3.26;20.0;3.45;20.0;3.35;40.0;1
2173201110037;431;18;15;184;3;3.79;20.0;3.79;20.0;3.61;20.0;3.7;40.0;1
2173201110038;552;18;8;184;3;3.7;20.0;3.7;20.0;3.64;20.0;3.67;40.0;1
2173201110039;739;18;13;184;3;3.46;20.0;3.46;20.0;3.39;20.0;3.42;40.0;1
2173201110040;991;18;15;184;3;3.48;20.0;3.48;20.0;3.54;20.0;3.51;40.0;1
2173201110042;1191;18;8;184;3;3.36;20.0;3.36;20.0;3.1;20.0;3.24;40.0;1
2173201110043;1314;18;14;184;3;2.86;20.0;2.86;20.0;3.12;20.0;2.99;40.0;1
2173201110044;1433;18;1;184;3;3.38;20.0;3.38;20.0;3.58;20.0;3.49;40.0;1
2173201110045;1553;18;12;184;3;3.36;20.0;3.36;20.0;3.46;20.0;3.41;40.0;1
2173201110046;1606;18;8;184;3;3.58;20.0;3.58;20.0;3.34;20.0;3.46;40.0;1
2173201110047;1850;18;8;184;3;3.57;20.0;3.57;20.0;3.67;20.0;3.62;40.0;1
2173201110048;1926;18;8;184;3;3.35;20.0;3.35;20.0;3.3;20.0;3.32;40.0;1
2173201110049;1999;18;13;184;3;3.51;20.0;3.51;20.0;3.25;20.0;3.38;40.0;1
2173201110050;2136;18;1;184;3;3.35;20.0;3.35;20.0;0.15;20.0;1.75;40.0;0
2173201110051;2209;18;8;184;3;3.35;20.0;3.35;20.0;3.35;20.0;3.35;40.0;1
2173201110052;2306;18;13;184;3;0.79;20.0;0.79;20.0;0.0;0.0;0.79;20.0;0
2173201110053;2330;18;13;184;3;3.72;20.0;3.72;20.0;3.8;20.0;3.77;40.0;1
2173201110054;2579;18;13;184;3;3.38;20.0;3.38;20.0;2.97;20.0;3.17;40.0;1
2173201110056;2613;18;8;184;3;3.58;20.0;3.58;20.0;3.24;20.0;3.41;40.0;1
2173201110057;2900;18;8;184;3;3.77;20.0;3.77;20.0;3.77;20.0;3.77;40.0;1
2173201110058;3051;18;15;184;3;3.6;20.0;3.6;20.0;3.42;20.0;3.51;40.0;1
2173201110059;3131;18;15;184;3;3.83;20.0;3.83;20.0;3.9;20.0;3.86;40.0;1
2173201110060;3317;18;8;184;3;3.67;20.0;3.67;20.0;3.73;20.0;3.7;40.0;1
2173201110061;3446;18;14;184;3;3.47;20.0;3.47;20.0;3.38;20.0;3.42;40.0;1
2173201110062;3714;18;8;184;3;3.41;20.0;3.41;20.0;3.36;20.0;3.39;40.0;1
2173201110063;3934;18;15;184;3;3.51;20.0;3.51;20.0;2.86;20.0;3.19;40.0;1
2173201110064;3961;18;1;184;3;3.62;20.0;3.62;20.0;3.6;20.0;3.61;40.0;1
2173201110065;4156;18;8;184;3;3.36;20.0;3.36;20.0;3.12;20.0;3.24;40.0;1
2173201110066;4283;18;8;184;3;3.54;20.0;3.54;20.0;3.24;20.0;3.39;40.0;1
2173201110067;3839;18;1;184;3;0.45;20.0;0.45;20.0;0.0;0.0;0.45;20.0;0
2184202110001;1286;15;1;184;3;3.74;19.0;3.74;19.0;3.68;19.0;3.72;38.0;1
2184202110002;1613;15;1;184;3;3.77;19.0;3.77;19.0;3.75;19.0;3.77;38.0;1
2184202110003;2362;15;1;184;3;3.77;19.0;3.77;19.0;3.83;19.0;3.81;38.0;1
2184202110004;1347;15;8;184;3;3.83;19.0;3.83;19.0;3.73;19.0;3.78;38.0;1
2184202110005;2045;15;8;184;3;3.85;19.0;3.85;19.0;3.89;19.0;3.87;38.0;1
2184202110007;2765;15;8;184;3;3.81;19.0;3.81;19.0;3.91;19.0;3.86;38.0;1
2184202110010;3445;15;15;184;3;3.77;19.0;3.77;19.0;3.94;19.0;3.86;38.0;1
2184202110011;3713;15;8;184;3;3.57;19.0;3.57;19.0;3.75;19.0;3.67;38.0;1
2184202110012;3797;15;13;184;3;3.71;19.0;3.71;19.0;3.67;19.0;3.69;38.0;1
2184202110014;1761;15;15;184;3;3.56;19.0;3.56;19.0;3.81;19.0;3.69;38.0;1
2186233110001;144;14;15;184;3;3.97;21.0;3.97;21.0;3.63;19.0;3.81;40.0;1
2186233110002;3218;14;8;184;3;3.63;21.0;3.63;21.0;3.39;19.0;3.52;40.0;1
2186233110003;3944;14;8;184;3;3.9;21.0;3.9;21.0;3.97;19.0;3.94;40.0;1
2186233110004;3978;14;8;184;3;3.66;21.0;3.66;21.0;0.0;0.0;3.67;21.0;1
2186233110005;4009;14;8;184;3;4.0;21.0;4.0;21.0;3.94;19.0;3.97;40.0;1
2186233110006;2841;14;8;184;3;3.85;21.0;3.85;21.0;3.71;19.0;3.79;40.0;1
2186233210007;422;14;8;184;1;3.85;21.0;3.85;21.0;3.8;19.0;3.83;40.0;1
2186233210008;430;14;8;184;3;3.91;21.0;3.91;21.0;3.74;19.0;3.83;40.0;1
2186233210010;565;14;4;184;1;3.82;21.0;3.82;21.0;3.0;19.0;3.44;40.0;1
2186233210012;1348;14;8;184;3;3.82;21.0;3.82;21.0;3.58;19.0;3.71;40.0;1
2186233210013;1723;14;8;184;3;3.77;21.0;3.77;21.0;0.21;19.0;2.08;40.0;0
2186233210014;1707;14;8;184;3;3.88;21.0;3.88;21.0;3.78;19.0;3.83;40.0;1
2186233210016;2728;14;13;184;3;3.82;21.0;3.82;21.0;0.0;0.0;3.83;21.0;1
2186233210017;2730;14;13;184;3;3.8;21.0;3.8;21.0;3.81;19.0;3.8;40.0;1
2186233210019;3177;14;8;184;2;3.85;21.0;3.85;21.0;3.71;19.0;3.79;40.0;1
2186233210020;3526;14;8;184;3;3.85;21.0;3.85;21.0;3.28;19.0;3.58;40.0;1
2186233210021;3722;14;10;184;1;3.85;21.0;3.85;21.0;3.74;19.0;3.8;40.0;1
2186233210022;3080;14;1;184;3;3.88;21.0;3.88;21.0;3.78;19.0;3.83;40.0;1
2186233210023;2021;14;8;184;3;3.85;21.0;3.85;21.0;3.74;19.0;3.8;40.0;1
2186233210024;1689;14;8;184;3;3.88;21.0;3.88;21.0;3.81;19.0;3.85;40.0;1
2186233210025;1740;14;8;184;3;3.88;21.0;3.88;21.0;3.84;19.0;3.86;40.0;1
2186233210026;3023;14;1;184;3;3.88;21.0;3.88;21.0;3.84;19.0;3.86;40.0;1
2186233210027;3773;14;1;184;3;3.85;21.0;3.85;21.0;0.0;19.0;2.02;40.0;0
2186233210028;3791;14;15;184;3;3.88;21.0;3.88;21.0;3.81;19.0;3.85;40.0;1
2186233210029;3839;14;1;184;3;3.88;21.0;3.88;21.0;3.87;19.0;3.88;40.0;1
2186233210030;1107;14;8;184;3;0.82;21.0;0.82;21.0;0.0;0.0;0.83;21.0;0
2186233210031;1538;14;1;184;3;3.88;21.0;3.88;21.0;3.87;19.0;3.88;40.0;1
2186233210032;1935;14;1;184;3;3.85;21.0;3.85;21.0;3.67;19.0;3.77;40.0;1
2186233210033;2726;14;12;184;3;3.88;21.0;3.88;21.0;3.71;19.0;3.8;40.0;1
2186233210034;3575;14;15;184;3;3.88;21.0;3.88;21.0;3.87;19.0;3.88;40.0;1
2186233210035;3916;14;8;184;3;3.85;21.0;3.85;21.0;0.0;0.0;3.86;21.0;1
2186233210036;3538;14;1;184;3;3.88;21.0;3.88;21.0;3.84;19.0;3.86;40.0;1
2186233210037;1684;14;8;184;3;3.85;21.0;3.85;21.0;3.71;19.0;3.79;40.0;1
2186233210038;1635;14;8;184;3;3.8;21.0;3.8;21.0;3.32;19.0;3.57;40.0;1
2186233210039;1962;14;15;184;3;3.88;21.0;3.88;21.0;3.78;19.0;3.83;40.0;1
2186233210040;3377;14;8;184;3;3.88;21.0;3.88;21.0;3.84;19.0;3.86;40.0;1
2186233210041;3824;14;8;184;3;3.85;21.0;3.85;21.0;0.0;19.0;2.02;40.0;0
2188201110001;1095;12;13;184;3;3.45;19.0;3.45;19.0;3.3;24.0;3.37;43.0;1
2188201110002;1916;12;1;184;3;3.6;19.0;3.6;19.0;3.7;24.0;3.66;43.0;1
2188201110003;3539;12;8;184;3;3.47;19.0;3.47;19.0;3.62;24.0;3.55;43.0;1
2188201110005;785;12;8;184;3;3.72;19.0;3.72;19.0;3.58;24.0;3.64;43.0;1
2188201110006;789;12;8;184;3;3.27;19.0;3.27;19.0;3.34;24.0;3.31;43.0;1
2188201110007;981;12;15;184;3;3.82;19.0;3.82;19.0;3.91;24.0;3.87;43.0;1
2188201110008;1447;12;1;184;3;3.53;19.0;3.53;19.0;3.55;24.0;3.54;43.0;1
2188201110009;1782;12;1;184;3;3.24;19.0;3.24;19.0;3.0;24.0;3.11;43.0;1
2188201110010;2607;12;13;184;3;3.65;19.0;3.65;19.0;3.67;24.0;3.67;43.0;1
2188201110011;2659;12;15;184;3;3.53;19.0;3.53;19.0;3.57;24.0;3.55;43.0;1
2188201110014;1955;12;1;184;3;3.56;19.0;3.56;19.0;3.55;24.0;3.56;43.0;1
2188201110015;818;12;1;184;3;3.68;19.0;3.68;19.0;3.7;24.0;3.7;43.0;1
2188203110001;357;13;1;184;3;3.69;20.0;3.69;20.0;3.76;20.0;3.73;40.0;1
2188203110002;1266;13;1;184;3;3.54;20.0;3.54;20.0;3.02;20.0;3.28;40.0;1
2188203110003;1812;13;8;184;3;3.63;20.0;3.63;20.0;3.0;20.0;3.31;40.0;1
2188203110004;160;13;8;184;3;3.71;20.0;3.71;20.0;3.52;20.0;3.61;40.0;1
2188203110006;1321;13;15;184;3;3.91;20.0;3.91;20.0;3.7;20.0;3.8;40.0;1
2188203110010;2902;13;15;184;3;3.7;20.0;3.7;20.0;3.36;20.0;3.53;40.0;1
2188203110011;3391;13;13;184;3;3.72;20.0;3.72;20.0;3.42;20.0;3.58;40.0;1
2188203110012;3748;13;1;184;3;3.7;20.0;3.7;20.0;3.23;20.0;3.46;40.0;1
2188203110013;4277;13;8;184;3;3.51;20.0;3.51;20.0;3.03;20.0;3.27;40.0;1
2188203110014;2582;13;8;184;3;3.63;20.0;3.63;20.0;3.11;20.0;3.38;40.0;1
2188203110015;2942;13;8;184;3;3.46;20.0;3.46;20.0;3.56;20.0;3.51;40.0;1
2188203110016;3152;13;13;184;3;3.7;20.0;3.7;20.0;3.36;20.0;3.53;40.0;1
2214101110001;51;20;8;184;0;3.9;18.0;3.9;18.0;3.85;12.0;3.88;30.0;1
2214101110002;844;20;8;184;0;3.93;18.0;3.93;18.0;3.8;12.0;3.88;30.0;1
2214101110003;937;20;8;184;0;3.83;18.0;3.83;18.0;3.85;12.0;3.84;30.0;1
2214101110004;1515;20;8;184;0;4.0;18.0;4.0;18.0;3.68;12.0;3.87;30.0;1
2214101110005;1742;20;8;184;0;3.93;18.0;3.93;18.0;3.75;12.0;3.86;30.0;1
2214101110006;1869;20;8;184;0;3.93;18.0;3.93;18.0;3.75;12.0;3.86;30.0;1
2214101110007;3426;20;8;184;0;3.93;18.0;3.93;18.0;3.85;12.0;3.9;30.0;1
2214101110008;233;20;8;184;0;4.0;18.0;4.0;18.0;3.85;12.0;3.94;30.0;1
2214101110009;484;20;8;184;0;3.97;18.0;3.97;18.0;3.58;12.0;3.81;30.0;1
2214101110010;583;20;8;184;0;3.97;18.0;3.97;18.0;3.68;12.0;3.85;30.0;1
2214101110011;977;20;8;184;0;4.0;18.0;4.0;18.0;3.53;12.0;3.81;30.0;1
2214101110012;1547;20;8;184;0;4.0;18.0;4.0;18.0;3.8;12.0;3.92;30.0;1
2214101110013;2053;20;8;184;0;4.0;18.0;4.0;18.0;3.68;12.0;3.87;30.0;1
2214101110014;2347;20;8;184;0;4.0;18.0;4.0;18.0;3.85;12.0;3.94;30.0;1
2214101110015;3213;20;8;184;0;3.97;18.0;3.97;18.0;3.8;12.0;3.9;30.0;1
2214101110016;3320;20;8;184;0;3.97;18.0;3.97;18.0;3.8;12.0;3.9;30.0;1
2214101110017;4208;20;8;184;0;4.0;18.0;4.0;18.0;3.7;12.0;3.88;30.0;1
2214201110001;758;11;13;184;4;3.67;23.0;3.67;23.0;3.58;20.0;3.63;43.0;1
2214201110002;1649;11;8;184;1;3.67;23.0;3.67;23.0;3.88;20.0;3.77;43.0;1
2214201110003;2627;11;12;184;4;3.58;23.0;3.58;23.0;3.55;20.0;3.57;43.0;1
2214201110004;3434;11;14;184;4;3.22;23.0;3.22;23.0;3.39;20.0;3.3;43.0;1
2214201110005;3864;11;8;184;4;3.04;23.0;3.04;23.0;3.44;20.0;3.23;43.0;1
2214201110006;3919;11;13;184;4;3.02;23.0;3.02;23.0;3.36;20.0;3.18;43.0;1
2214201110007;47;11;15;184;4;2.82;23.0;2.82;23.0;3.46;20.0;3.12;43.0;1
2214201110008;80;11;13;184;4;2.9;23.0;2.9;23.0;0.35;20.0;1.71;43.0;0
2214201110009;92;11;15;184;4;2.95;23.0;2.95;23.0;2.97;20.0;2.96;43.0;1
2214201110010;124;11;15;184;4;2.92;23.0;2.92;23.0;2.94;20.0;2.93;43.0;1
2214201110011;127;11;8;184;4;3.07;23.0;3.07;23.0;3.55;20.0;3.3;43.0;1
2214201110013;209;11;8;184;4;3.12;23.0;3.12;23.0;3.29;20.0;3.2;43.0;1
2214201110014;414;11;13;184;4;3.1;23.0;3.1;23.0;3.35;20.0;3.21;43.0;1
2214201110015;432;11;8;184;4;3.75;23.0;3.75;23.0;3.76;20.0;3.76;43.0;1
2214201110016;456;11;8;184;4;2.92;23.0;2.92;23.0;2.81;20.0;2.87;43.0;1
2214201110017;522;11;14;184;4;3.42;23.0;3.42;23.0;3.44;20.0;3.43;43.0;1
2214201110018;671;11;13;184;4;2.37;23.0;2.37;23.0;2.88;20.0;2.61;43.0;0
2214201110019;676;11;13;184;4;3.14;23.0;3.14;23.0;3.24;20.0;3.18;43.0;1
2214201110020;701;11;13;184;4;3.58;23.0;3.58;23.0;3.85;20.0;3.71;43.0;1
2214201110021;723;11;13;184;4;3.17;23.0;3.17;23.0;3.4;20.0;3.28;43.0;1
2214201110022;738;11;15;184;4;0.99;23.0;0.99;23.0;0.0;0.0;0.99;23.0;0
2214201110023;766;11;14;184;4;3.63;23.0;3.63;23.0;3.75;20.0;3.68;43.0;1
2214201110024;771;11;15;184;4;2.72;23.0;2.72;23.0;3.1;20.0;2.9;43.0;1
2214201110025;879;11;8;184;4;3.54;23.0;3.54;23.0;3.51;20.0;3.53;43.0;1
2214201110026;918;11;8;184;4;3.07;23.0;3.07;23.0;3.24;20.0;3.15;43.0;1
2214201110027;958;11;8;184;4;3.15;23.0;3.15;23.0;3.02;20.0;3.09;43.0;1
2214201110028;987;11;8;184;4;3.1;23.0;3.1;23.0;3.11;20.0;3.1;43.0;1
2214201110029;1007;11;8;184;4;2.52;23.0;2.52;23.0;2.83;20.0;2.67;43.0;0
2214201110030;1081;11;8;184;4;3.6;23.0;3.6;23.0;3.6;20.0;3.6;43.0;1
2214201110031;1175;11;15;184;4;3.1;23.0;3.1;23.0;3.14;20.0;3.12;43.0;1
2214201110032;1182;11;8;184;4;3.19;23.0;3.19;23.0;3.36;20.0;3.27;43.0;1
2214201110033;1184;11;8;184;4;3.48;23.0;3.48;23.0;3.5;20.0;3.49;43.0;1
2214201110034;1202;11;8;184;4;3.31;23.0;3.31;23.0;3.48;20.0;3.39;43.0;1
2214201110035;1225;11;8;184;4;3.26;23.0;3.26;23.0;3.51;20.0;3.38;43.0;1
2214201110036;1234;11;12;184;4;4.0;23.0;4.0;23.0;3.92;20.0;3.97;43.0;1
2214201110037;1371;11;14;184;4;3.1;23.0;3.1;23.0;3.11;20.0;3.11;43.0;1
2214201110038;1424;11;8;184;4;3.73;23.0;3.73;23.0;3.29;20.0;3.52;43.0;1
2214201110039;1492;11;8;184;4;3.5;23.0;3.5;23.0;3.45;20.0;3.47;43.0;1
2214201110040;1499;11;8;184;4;3.42;23.0;3.42;23.0;3.51;20.0;3.46;43.0;1
2214201110041;1506;11;15;184;4;3.17;23.0;3.17;23.0;3.12;20.0;3.15;43.0;1
2214201110042;1509;11;13;184;4;3.02;23.0;3.02;23.0;3.01;20.0;3.01;43.0;1
2214201110044;1565;11;8;184;4;3.49;23.0;3.49;23.0;3.58;20.0;3.53;43.0;1
2214201110045;1572;11;8;184;4;2.92;23.0;2.92;23.0;3.17;20.0;3.04;43.0;1
2214201110046;1595;11;8;184;4;3.75;23.0;3.75;23.0;3.67;20.0;3.72;43.0;1
2214201110047;1654;11;12;184;4;3.73;23.0;3.73;23.0;3.81;20.0;3.77;43.0;1
2214201110048;1701;11;13;184;4;3.45;23.0;3.45;23.0;3.52;20.0;3.49;43.0;1
2214201110050;1833;11;8;184;4;3.06;23.0;3.06;23.0;2.94;20.0;3.0;43.0;1
2214201110051;1810;11;15;184;4;3.16;23.0;3.16;23.0;3.22;20.0;3.19;43.0;1
2214201110052;1824;11;15;184;4;3.34;23.0;3.34;23.0;3.2;20.0;3.27;43.0;1
2214201110053;1878;11;12;184;4;3.1;23.0;3.1;23.0;3.24;20.0;3.16;43.0;1
2214201110054;1918;11;15;184;4;2.87;23.0;2.87;23.0;2.31;20.0;2.61;43.0;0
2214201110055;1918;11;15;184;4;2.59;23.0;2.59;23.0;1.56;20.0;2.11;43.0;0
2214201110057;1951;11;13;184;4;2.7;23.0;2.7;23.0;2.95;20.0;2.81;43.0;1
2214201110058;1956;11;8;184;4;3.97;23.0;3.97;23.0;3.9;20.0;3.94;43.0;1
2214201110059;1995;11;8;184;4;3.3;23.0;3.3;23.0;3.42;20.0;3.35;43.0;1
2214201110060;2042;11;8;184;4;3.01;23.0;3.01;23.0;3.03;20.0;3.02;43.0;1
2214201110061;2068;11;12;184;2;2.95;23.0;2.95;23.0;2.97;20.0;2.96;43.0;1
2214201110062;2083;11;14;184;4;3.34;23.0;3.34;23.0;3.55;20.0;3.44;43.0;1
2214201110063;2171;11;15;184;4;3.31;23.0;3.31;23.0;3.44;20.0;3.37;43.0;1
2214201110064;2101;11;15;184;4;3.33;23.0;3.33;23.0;3.46;20.0;3.39;43.0;1
2214201110065;2264;11;8;184;4;3.32;23.0;3.32;23.0;3.6;20.0;3.45;43.0;1
2214201110066;2104;11;13;184;4;3.08;23.0;3.08;23.0;3.36;20.0;3.21;43.0;1
2214201110067;2291;11;8;184;4;3.75;23.0;3.75;23.0;3.75;20.0;3.75;43.0;1
2214201110068;2383;11;8;184;4;3.23;23.0;3.23;23.0;3.54;20.0;3.38;43.0;1
2214201110069;2481;11;8;184;4;3.8;23.0;3.8;23.0;3.8;20.0;3.8;43.0;1
2214201110070;2506;11;8;184;4;3.32;23.0;3.32;23.0;3.26;20.0;3.3;43.0;1
2214201110071;2527;11;2;184;1;3.03;23.0;3.03;23.0;2.69;20.0;2.87;43.0;1
2214201110072;2665;11;8;184;4;2.03;23.0;2.03;23.0;0.0;0.0;2.03;23.0;0
2214201110073;2821;11;13;184;2;3.39;23.0;3.39;23.0;3.48;20.0;3.43;43.0;1
2214201110074;2787;11;8;184;4;3.4;23.0;3.4;23.0;3.51;20.0;3.45;43.0;1
2214201110075;2791;11;8;184;4;3.02;23.0;3.02;23.0;3.2;20.0;3.1;43.0;1
2214201110076;2986;11;12;184;4;3.12;23.0;3.12;23.0;3.24;20.0;3.17;43.0;1
2214201110077;2996;11;12;184;4;3.12;23.0;3.12;23.0;3.3;20.0;3.21;43.0;1
2214201110078;3037;11;8;184;4;3.22;23.0;3.22;23.0;3.39;20.0;3.3;43.0;1
2214201110079;3044;11;13;184;4;3.8;23.0;3.8;23.0;3.83;20.0;3.81;43.0;1
2214201110081;3090;11;15;184;4;2.98;23.0;2.98;23.0;2.77;20.0;2.89;43.0;1
2214201110082;3135;11;15;184;4;3.27;23.0;3.27;23.0;3.52;20.0;3.39;43.0;1
2214201110083;3191;11;15;184;4;3.33;23.0;3.33;23.0;3.3;20.0;3.32;43.0;1
2214201110084;3196;11;8;184;4;3.26;23.0;3.26;23.0;3.39;20.0;3.32;43.0;1
2214201110085;3200;11;8;184;4;3.22;23.0;3.22;23.0;3.15;20.0;3.18;43.0;1
2214201110086;3281;11;8;184;4;3.12;23.0;3.12;23.0;3.39;20.0;3.25;43.0;1
2214201110087;3316;11;15;184;4;3.12;23.0;3.12;23.0;3.5;20.0;3.3;43.0;1
2214201110088;3360;11;13;184;4;2.9;23.0;2.9;23.0;2.43;20.0;2.68;43.0;0
2214201110089;3385;11;8;184;4;3.22;23.0;3.22;23.0;3.04;20.0;3.13;43.0;1
2214201110090;3397;11;8;184;4;3.14;23.0;3.14;23.0;3.55;20.0;3.33;43.0;1
2214201110091;3403;11;8;184;4;3.27;23.0;3.27;23.0;3.42;20.0;3.34;43.0;1
2214201110092;3460;11;8;184;4;3.25;23.0;3.25;23.0;3.44;20.0;3.34;43.0;1
2214201110093;3525;11;8;184;4;3.87;23.0;3.87;23.0;3.95;20.0;3.91;43.0;1
2214201110094;3548;11;8;184;4;3.29;23.0;3.29;23.0;3.51;20.0;3.39;43.0;1
2214201110095;3580;11;8;184;4;3.54;23.0;3.54;23.0;3.67;20.0;3.6;43.0;1
2214201110096;3584;11;8;184;4;3.14;23.0;3.14;23.0;3.23;20.0;3.18;43.0;1
2214201110097;3594;11;14;184;4;3.07;23.0;3.07;23.0;2.94;20.0;3.01;43.0;1
2214201110098;3672;11;8;184;4;3.1;23.0;3.1;23.0;3.25;20.0;3.17;43.0;1
2214201110099;3684;11;8;184;4;3.17;23.0;3.17;23.0;2.97;20.0;3.07;43.0;1
2214201110100;3744;11;8;184;4;3.22;23.0;3.22;23.0;3.22;20.0;3.22;43.0;1
2214201110101;3786;11;8;184;4;3.39;23.0;3.39;23.0;3.54;20.0;3.46;43.0;1
2214201110102;3790;11;8;184;4;3.19;23.0;3.19;23.0;3.5;20.0;3.33;43.0;1
2214201110103;3832;11;13;184;4;3.5;23.0;3.5;23.0;3.58;20.0;3.54;43.0;1
2214201110105;3924;11;13;184;4;3.67;23.0;3.67;23.0;3.71;20.0;3.69;43.0;1
2214201110106;3939;11;8;184;4;3.04;23.0;3.04;23.0;2.64;20.0;2.86;43.0;1
2214201110107;3953;11;8;184;4;3.47;23.0;3.47;23.0;3.49;20.0;3.47;43.0;1
2214201110108;3958;11;8;184;4;3.97;23.0;3.97;23.0;3.97;20.0;3.97;43.0;1
2214201110109;3960;11;15;184;4;3.25;23.0;3.25;23.0;3.4;20.0;3.32;43.0;1
2214201110111;4026;11;3;184;1;3.12;23.0;3.12;23.0;2.4;20.0;2.78;43.0;1
2214201110112;4046;11;15;184;4;3.02;23.0;3.02;23.0;2.22;20.0;2.65;43.0;0
2214201110113;4083;11;8;184;4;3.39;23.0;3.39;23.0;3.67;20.0;3.52;43.0;1
2214201110114;4088;11;8;184;4;3.52;23.0;3.52;23.0;3.16;20.0;3.35;43.0;1
2214201110115;4112;11;4;184;1;3.31;23.0;3.31;23.0;3.38;20.0;3.34;43.0;1
2214201110116;4139;11;8;184;4;3.24;23.0;3.24;23.0;3.17;20.0;3.21;43.0;1
2214201110117;4174;11;8;184;4;3.03;23.0;3.03;23.0;1.17;20.0;2.17;43.0;0
2214201110118;4266;11;8;184;4;3.48;23.0;3.48;23.0;3.5;20.0;3.49;43.0;1
2214201110120;4301;11;8;184;4;3.65;23.0;3.65;23.0;3.7;20.0;3.67;43.0;1
2214201110126;3596;11;8;184;4;3.42;23.0;3.42;23.0;3.7;20.0;3.55;43.0;1
2214201110127;345;11;13;184;4;3.24;23.0;3.24;23.0;3.22;20.0;3.23;43.0;1
2214201110128;1133;11;8;184;4;3.19;23.0;3.19;23.0;3.4;20.0;3.29;43.0;1
2214201110129;799;11;8;184;4;3.63;23.0;3.63;23.0;3.65;20.0;3.64;43.0;1
2214201110130;843;11;14;184;4;3.1;23.0;3.1;23.0;3.13;20.0;3.11;43.0;1
2214201110131;1062;11;8;184;4;3.42;23.0;3.42;23.0;3.4;20.0;3.41;43.0;1
2214201110133;1206;11;14;184;4;3.39;23.0;3.39;23.0;3.63;20.0;3.5;43.0;1
2214201110136;1288;11;8;184;4;3.29;23.0;3.29;23.0;3.45;20.0;3.37;43.0;1
2214201110137;1328;11;12;184;4;3.18;23.0;3.18;23.0;3.15;20.0;3.17;43.0;1
2214201110138;1507;11;8;184;4;3.3;23.0;3.3;23.0;3.1;20.0;3.21;43.0;1
2214201110139;1867;11;8;184;4;3.47;23.0;3.47;23.0;3.46;20.0;3.47;43.0;1
2214201110140;1969;11;8;184;4;3.63;23.0;3.63;23.0;3.55;20.0;3.59;43.0;1
2214201110141;2459;11;8;184;4;3.42;23.0;3.42;23.0;3.54;20.0;3.48;43.0;1
2214201110142;2743;11;8;184;4;2.88;23.0;2.88;23.0;3.45;20.0;3.15;43.0;1
2214201110143;3803;11;13;184;4;3.21;23.0;3.21;23.0;3.35;20.0;3.27;43.0;1
2214201110144;3931;11;8;184;4;2.45;23.0;2.45;23.0;2.64;20.0;2.54;43.0;0
2214201110145;4056;11;8;184;4;3.26;23.0;3.26;23.0;3.17;20.0;3.22;43.0;1
2214201110148;183;11;15;184;4;3.09;23.0;3.09;23.0;3.16;20.0;3.12;43.0;1
2214201110149;788;11;8;184;4;2.77;23.0;2.77;23.0;3.0;20.0;2.88;43.0;1
2214201110150;1944;11;8;184;4;3.24;23.0;3.24;23.0;3.32;20.0;3.28;43.0;1
2214201110151;3197;11;8;184;4;2.98;23.0;2.98;23.0;3.03;20.0;3.0;43.0;1
2214201110152;3755;11;8;184;4;3.47;23.0;3.47;23.0;3.52;20.0;3.5;43.0;1
2214201110153;4229;11;8;184;4;3.46;23.0;3.46;23.0;3.63;20.0;3.54;43.0;1
2214201110154;4263;11;8;184;4;3.31;23.0;3.31;23.0;3.48;20.0;3.39;43.0;1
2214201110156;3176;11;8;184;4;3.19;23.0;3.19;23.0;3.46;20.0;3.32;43.0;1
2214201110157;296;11;8;184;4;3.38;23.0;3.38;23.0;3.54;20.0;3.46;43.0;1
2214201110158;388;11;8;184;4;3.37;23.0;3.37;23.0;3.54;20.0;3.45;43.0;1
2214201110159;483;11;15;184;4;3.69;23.0;3.69;23.0;3.85;20.0;3.76;43.0;1
2214201110160;2134;11;8;184;4;3.47;23.0;3.47;23.0;3.29;20.0;3.39;43.0;1
2214201110161;1885;11;14;184;4;3.17;23.0;3.17;23.0;3.41;20.0;3.28;43.0;1
2214201110163;2594;11;13;184;4;3.31;23.0;3.31;23.0;3.57;20.0;3.43;43.0;1
2214201110167;2098;11;13;184;4;2.93;23.0;2.93;23.0;3.2;20.0;3.06;43.0;1
2214201110168;742;11;8;184;4;1.22;23.0;1.22;23.0;0.0;0.0;1.22;23.0;0
2214201110169;3184;11;13;184;3;3.67;23.0;3.67;23.0;3.6;20.0;3.64;43.0;1
2214201110357;3601;11;8;184;4;3.74;23.0;3.74;23.0;3.61;20.0;3.68;43.0;1
2214201110394;2777;11;8;184;4;3.27;23.0;3.27;23.0;3.35;20.0;3.3;43.0;1
2214201210165;2272;11;8;184;4;3.7;24.0;3.7;109.0;3.3;24.0;3.5;133.0;1
2214201210166;182;11;8;184;4;3.52;24.0;3.52;109.0;3.73;24.0;3.62;133.0;1
2214201210170;566;11;8;184;4;3.71;24.0;3.71;109.0;3.71;24.0;3.71;133.0;1
2214201210171;841;11;14;184;4;3.48;24.0;3.48;109.0;3.7;24.0;3.59;133.0;1
2214201210172;988;11;8;184;4;3.1;24.0;3.1;109.0;3.28;24.0;3.19;133.0;1
2214201210173;992;11;8;184;4;3.68;24.0;3.68;109.0;3.65;24.0;3.67;133.0;1
2214201210174;1227;11;13;184;4;3.71;24.0;3.71;109.0;3.7;24.0;3.7;133.0;1
2214201210175;1653;11;8;184;4;3.1;24.0;3.1;109.0;3.24;24.0;3.17;133.0;1
2214201210176;2672;11;13;184;4;3.6;24.0;3.6;109.0;3.81;24.0;3.71;133.0;1
2214201210177;3145;11;8;184;4;3.02;24.0;3.02;109.0;3.13;24.0;3.08;133.0;1
2214201210178;3436;11;15;184;4;3.16;24.0;3.16;109.0;3.48;24.0;3.32;133.0;1
2214201210179;3562;11;15;184;4;3.63;24.0;3.63;109.0;3.76;24.0;3.69;133.0;1
2214201210180;3962;11;8;184;4;3.64;24.0;3.64;109.0;3.84;24.0;3.74;133.0;1
2214201210181;4082;11;13;184;4;3.94;24.0;3.94;109.0;3.74;24.0;3.84;133.0;1
2214201210182;4093;11;14;184;4;3.37;24.0;3.37;109.0;3.73;24.0;3.55;133.0;1
2214201210183;14;11;8;184;4;3.1;24.0;3.1;129.0;3.4;22.0;3.31;151.0;1
2214201210185;137;11;15;184;4;3.44;24.0;3.44;129.0;3.55;22.0;3.48;151.0;1
2214201210186;186;11;15;184;4;3.69;24.0;3.69;129.0;3.77;22.0;3.58;151.0;1
2214201210187;212;11;8;184;4;3.82;24.0;3.82;129.0;3.75;22.0;3.58;151.0;1
2214201210188;249;11;15;184;4;3.82;24.0;3.82;129.0;3.09;22.0;3.47;151.0;1
2214201210189;260;11;8;184;4;3.83;24.0;3.83;129.0;3.81;22.0;3.49;151.0;1
2214201210190;374;11;15;184;4;3.5;24.0;3.5;129.0;3.89;22.0;3.37;151.0;1
2214201210191;446;11;14;184;4;3.7;24.0;3.7;129.0;3.89;22.0;3.52;151.0;1
2214201210192;466;11;15;184;4;3.68;24.0;3.68;129.0;3.86;22.0;3.37;151.0;1
2214201210193;481;11;8;184;4;3.84;24.0;3.84;129.0;3.95;22.0;3.7;151.0;1
2214201210194;527;11;8;184;4;3.8;24.0;3.8;129.0;3.9;22.0;3.48;151.0;1
2214201210195;549;11;8;184;4;3.56;24.0;3.56;129.0;3.95;22.0;3.59;151.0;1
2214201210196;600;11;8;184;4;3.89;24.0;3.89;129.0;3.85;22.0;3.37;151.0;1
2214201210197;631;11;8;184;4;3.63;24.0;3.63;129.0;3.89;22.0;3.67;151.0;1
2214201210198;639;11;8;184;4;3.77;24.0;3.77;129.0;3.66;22.0;3.33;151.0;1
2214201210199;648;11;8;184;4;3.64;24.0;3.64;129.0;3.75;22.0;3.41;151.0;1
2214201210200;704;11;15;184;4;3.72;24.0;3.72;129.0;3.64;22.0;3.24;151.0;1
2214201210201;741;11;8;184;4;3.48;24.0;3.48;129.0;3.56;22.0;3.51;151.0;1
2214201210203;748;11;8;184;4;3.9;24.0;3.9;129.0;3.75;22.0;3.37;151.0;1
2214201210204;762;11;13;184;4;3.89;24.0;3.89;129.0;0.0;0.0;3.89;129.0;1
2214201210205;786;11;8;184;4;3.58;24.0;3.58;129.0;4.0;22.0;3.56;151.0;1
2214201210206;806;11;8;184;4;3.87;24.0;3.87;129.0;3.68;22.0;3.41;151.0;1
2214201210208;825;11;8;184;4;3.57;24.0;3.57;129.0;3.82;22.0;3.45;151.0;1
2214201210209;892;11;8;184;4;3.87;24.0;3.87;129.0;3.78;22.0;3.58;151.0;1
2214201210210;902;11;15;184;4;3.68;24.0;3.68;129.0;3.44;22.0;3.4;151.0;1
2214201210211;911;11;8;184;4;3.9;24.0;3.9;129.0;3.81;22.0;3.36;151.0;1
2214201210212;921;11;8;184;4;3.6;24.0;3.6;129.0;3.89;22.0;3.52;151.0;1
2214201210213;927;11;14;184;4;3.65;24.0;3.65;129.0;3.51;22.0;3.37;151.0;1
2214201210214;929;11;8;184;4;3.68;24.0;3.68;129.0;3.81;22.0;3.69;151.0;1
2214201210215;976;11;13;184;4;3.7;24.0;3.7;129.0;3.78;22.0;3.47;151.0;1
2214201210216;1020;11;8;184;4;3.95;24.0;3.95;129.0;3.9;22.0;3.35;151.0;1
2214201210217;1023;11;13;184;4;3.75;24.0;3.75;129.0;3.6;22.0;3.68;151.0;1
2214201210218;1027;11;13;184;4;3.57;24.0;3.57;129.0;3.62;22.0;3.6;151.0;1
2214201210219;1030;11;8;184;4;3.89;24.0;3.89;129.0;3.7;22.0;3.42;151.0;1
2214201210220;1051;11;13;184;4;3.8;24.0;3.8;129.0;4.0;22.0;3.54;151.0;1
2214201210221;1097;11;8;184;4;3.89;24.0;3.89;129.0;3.95;22.0;3.56;151.0;1
2214201210222;1086;11;13;184;4;3.77;24.0;3.77;129.0;3.8;22.0;3.46;151.0;1
2214201210223;1106;11;14;184;4;3.37;24.0;3.37;129.0;3.7;22.0;3.37;151.0;1
2214201210224;1137;11;8;184;4;3.57;24.0;3.57;129.0;3.2;22.0;3.35;151.0;1
2214201210225;1138;11;8;184;4;3.75;24.0;3.75;129.0;3.6;22.0;3.42;151.0;1
2214201210226;1154;11;8;184;4;3.52;24.0;3.52;129.0;3.75;22.0;3.59;151.0;1
2214201210228;1192;11;14;184;4;3.72;24.0;3.72;129.0;3.85;22.0;3.46;151.0;1
2214201210229;1252;11;8;184;4;3.79;24.0;3.79;129.0;3.85;22.0;3.49;151.0;1
2214201210230;1375;11;15;184;4;3.73;24.0;3.73;129.0;3.65;22.0;3.45;151.0;1
2214201210231;1289;11;8;184;4;3.9;24.0;3.9;129.0;3.71;22.0;3.43;151.0;1
2214201210232;1306;11;15;184;4;3.72;24.0;3.72;129.0;3.89;22.0;3.53;151.0;1
2214201210233;1312;11;15;184;4;3.81;24.0;3.81;129.0;3.95;22.0;3.49;151.0;1
2214201210234;1322;11;8;184;4;3.77;24.0;3.77;129.0;3.77;22.0;3.45;151.0;1
2214201210235;1377;11;13;184;2;3.92;24.0;3.92;129.0;3.9;22.0;3.31;151.0;1
2214201210236;1388;11;8;184;4;3.74;24.0;3.74;129.0;3.85;22.0;3.25;151.0;1
2214201210237;1392;11;13;184;4;3.47;24.0;3.47;129.0;3.31;22.0;3.42;151.0;1
2214201210238;1393;11;13;184;4;3.27;24.0;3.27;129.0;3.38;22.0;3.45;151.0;1
2214201210240;1431;11;8;184;4;3.72;24.0;3.72;129.0;3.85;22.0;3.48;151.0;1
2214201210241;1440;11;8;184;4;3.82;24.0;3.82;129.0;4.0;22.0;3.58;151.0;1
2214201210242;1446;11;13;184;4;3.55;24.0;3.55;129.0;3.49;22.0;3.56;151.0;1
2214201210243;1460;11;8;184;4;3.51;24.0;3.51;129.0;3.73;22.0;3.46;151.0;1
2214201210244;1471;11;8;184;4;3.9;24.0;3.9;129.0;3.62;22.0;3.63;151.0;1
2214201210246;1513;11;13;184;4;3.76;24.0;3.76;129.0;3.75;22.0;3.55;151.0;1
2214201210247;1536;11;8;184;4;3.7;24.0;3.7;129.0;3.44;22.0;3.41;151.0;1
2214201210248;1546;11;10;184;2;3.82;24.0;3.82;129.0;3.75;22.0;3.41;151.0;1
2214201210249;1567;11;10;184;1;3.85;24.0;3.85;129.0;3.9;22.0;3.66;151.0;1
2214201210250;1597;11;8;184;4;3.7;24.0;3.7;129.0;3.36;22.0;3.46;151.0;1
2214201210251;1648;11;8;184;1;3.76;24.0;3.76;129.0;3.8;22.0;3.57;151.0;1
2214201210252;1649;11;8;184;1;3.48;24.0;3.48;129.0;3.81;22.0;3.47;151.0;1
2214201210253;1687;11;13;184;4;3.71;24.0;3.71;129.0;3.44;22.0;3.42;151.0;1
2214201210254;1717;11;13;184;4;3.75;24.0;3.75;129.0;3.75;22.0;3.5;151.0;1
2214201210255;1737;11;8;184;4;4.0;24.0;4.0;129.0;3.9;22.0;3.45;151.0;1
2214201210256;1743;11;14;184;4;3.92;24.0;3.92;129.0;3.85;22.0;3.53;151.0;1
2214201210258;1856;11;8;184;0;3.66;24.0;3.66;129.0;4.0;22.0;3.5;151.0;1
2214201210259;2450;11;8;184;4;3.61;24.0;3.61;129.0;3.71;22.0;3.5;151.0;1
2214201210260;1868;11;13;184;4;3.7;24.0;3.7;129.0;3.65;22.0;3.44;151.0;1
2214201210261;1876;11;8;184;4;3.68;24.0;3.68;129.0;3.75;22.0;3.5;151.0;1
2214201210262;1891;11;8;184;4;3.75;24.0;3.75;129.0;3.85;22.0;3.6;151.0;1
2214201210263;1903;11;8;184;4;3.74;24.0;3.74;129.0;3.44;22.0;3.33;151.0;1
2214201210264;1909;11;8;184;4;3.82;24.0;3.82;129.0;3.78;22.0;3.52;151.0;1
2214201210265;1941;11;8;184;4;3.72;24.0;3.72;129.0;3.56;22.0;3.51;151.0;1
2214201210266;1952;11;10;184;1;3.88;24.0;3.88;129.0;3.86;22.0;3.54;151.0;1
2214201210267;2037;11;13;184;4;3.82;24.0;3.82;129.0;3.81;22.0;3.59;151.0;1
2214201210268;2096;11;8;184;4;3.49;24.0;3.49;129.0;3.71;22.0;3.45;151.0;1
2214201210269;2129;11;8;184;4;3.77;24.0;3.77;129.0;3.75;22.0;3.48;151.0;1
2214201210270;2301;11;8;184;4;3.8;24.0;3.8;129.0;3.77;22.0;3.5;151.0;1
2214201210271;2309;11;8;184;4;3.55;24.0;3.55;129.0;2.86;22.0;3.22;151.0;1
2214201210272;2365;11;13;184;4;3.63;24.0;3.63;129.0;3.7;22.0;3.46;151.0;1
2214201210273;2436;11;8;184;4;3.64;24.0;3.64;129.0;3.84;22.0;3.49;151.0;1
2214201210274;2437;11;8;184;4;3.51;24.0;3.51;129.0;3.74;22.0;3.49;151.0;1
2214201210275;2467;11;13;184;4;3.8;24.0;3.8;129.0;3.67;22.0;3.3;151.0;1
2214201210276;2469;11;8;184;4;3.54;24.0;3.54;129.0;3.25;22.0;3.45;151.0;1
2214201210277;2475;11;8;184;4;3.68;24.0;3.68;129.0;3.63;22.0;3.28;151.0;1
2214201210278;2484;11;8;184;4;3.78;24.0;3.78;129.0;3.86;22.0;3.56;151.0;1
2214201210279;2504;11;13;184;4;3.63;24.0;3.63;129.0;3.89;22.0;3.64;151.0;1
2214201210280;2572;11;13;184;4;3.73;24.0;3.73;129.0;3.74;22.0;3.49;151.0;1
2214201210281;2657;11;8;184;4;3.72;24.0;3.72;129.0;3.89;22.0;3.65;151.0;1
2214201210282;2681;11;8;184;4;3.87;24.0;3.87;129.0;3.95;22.0;3.75;151.0;1
2214201210283;2687;11;8;184;4;3.95;24.0;3.95;129.0;4.0;22.0;3.61;151.0;1
2214201210284;2725;11;8;184;4;3.77;24.0;3.77;129.0;3.85;22.0;3.51;151.0;1
2214201210285;2796;11;8;184;4;3.54;24.0;3.54;129.0;3.55;22.0;3.41;151.0;1
2214201210286;2808;11;15;184;4;3.9;24.0;3.9;129.0;3.18;22.0;3.61;151.0;1
2214201210287;2811;11;8;184;4;3.9;24.0;3.9;129.0;3.92;22.0;3.56;151.0;1
2214201210288;2815;11;13;184;4;3.77;24.0;3.77;129.0;3.81;22.0;3.59;151.0;1
2214201210290;2826;11;13;184;4;3.82;24.0;3.82;129.0;3.82;22.0;3.59;151.0;1
2214201210292;2853;11;8;184;4;3.75;24.0;3.75;129.0;3.75;22.0;3.55;151.0;1
2214201210293;2859;11;14;184;4;3.8;24.0;3.8;129.0;3.81;22.0;3.34;151.0;1
2214201210294;2884;11;12;184;4;3.46;24.0;3.46;129.0;3.38;22.0;3.38;151.0;1
2214201210295;2946;11;13;184;4;3.9;24.0;3.9;129.0;3.85;22.0;3.5;151.0;1
2214201210296;2955;11;8;184;4;3.68;24.0;3.68;129.0;3.56;22.0;3.45;151.0;1
2214201210297;2976;11;13;184;4;3.88;24.0;3.88;129.0;3.84;22.0;3.63;151.0;1
2214201210298;2990;11;8;184;4;3.95;24.0;3.95;129.0;4.0;22.0;3.58;151.0;1
2214201210299;3001;11;8;184;4;3.69;24.0;3.69;129.0;3.7;22.0;3.39;151.0;1
2214201210300;3017;11;8;184;4;3.56;24.0;3.56;129.0;3.44;22.0;3.38;151.0;1
2214201210301;3028;11;13;184;3;3.9;24.0;3.9;129.0;3.89;22.0;3.57;151.0;1
2214201210302;3068;11;8;184;4;3.93;24.0;3.93;129.0;3.95;22.0;3.65;151.0;1
2214201210303;3076;11;13;184;4;3.8;24.0;3.8;129.0;3.89;22.0;3.55;151.0;1
2214201210304;3077;11;8;184;4;3.64;24.0;3.64;129.0;3.75;22.0;3.48;151.0;1
2214201210305;3102;11;13;184;4;3.7;24.0;3.7;129.0;3.68;22.0;3.47;151.0;1
2214201210306;3105;11;8;184;4;3.92;24.0;3.92;129.0;3.95;22.0;3.67;151.0;1
2214201210308;3160;11;8;184;4;3.88;24.0;3.88;129.0;3.71;22.0;3.42;151.0;1
2214201210309;3215;11;4;184;1;3.95;24.0;3.95;129.0;3.86;22.0;3.6;151.0;1
2214201210310;3271;11;8;184;4;3.87;24.0;3.87;129.0;3.85;22.0;3.44;151.0;1
2214201210311;3302;11;8;184;4;3.98;24.0;3.98;129.0;3.95;22.0;3.72;151.0;1
2214201210312;3358;11;8;184;4;3.79;24.0;3.79;129.0;3.71;22.0;3.51;151.0;1
2214201210313;3364;11;8;184;4;3.86;24.0;3.86;129.0;3.7;22.0;3.43;151.0;1
2214201210314;3367;11;15;184;4;3.9;24.0;3.9;129.0;3.81;22.0;3.34;151.0;1
2214201210315;3497;11;8;184;4;3.88;24.0;3.88;129.0;3.86;22.0;3.72;151.0;1
2214201210316;3501;11;8;184;4;3.84;24.0;3.84;129.0;3.81;22.0;3.45;151.0;1
2214201210317;3510;11;13;184;4;3.9;24.0;3.9;129.0;3.66;22.0;3.44;151.0;1
2214201210318;3521;11;8;184;4;3.57;24.0;3.57;129.0;3.7;22.0;3.36;151.0;1
2214201210319;3549;11;14;184;4;3.82;24.0;3.82;129.0;3.59;22.0;3.48;151.0;1
2214201210320;3556;11;8;184;4;3.93;24.0;3.93;129.0;3.89;22.0;3.67;151.0;1
2214201210321;3573;11;8;184;4;3.77;24.0;3.77;129.0;4.0;22.0;3.56;151.0;1
2214201210323;3633;11;8;184;4;3.75;24.0;3.75;129.0;3.59;22.0;3.44;151.0;1
2214201210324;3696;11;8;184;4;3.77;24.0;3.77;129.0;3.85;22.0;3.47;151.0;1
2214201210325;3753;11;8;184;4;3.75;24.0;3.75;129.0;3.8;22.0;3.39;151.0;1
2214201210326;3802;11;8;184;4;3.55;24.0;3.55;129.0;3.84;22.0;3.42;151.0;1
2214201210327;3816;11;15;184;4;3.54;24.0;3.54;129.0;3.31;22.0;3.38;151.0;1
2214201210328;3842;11;13;184;4;3.77;24.0;3.77;129.0;3.75;22.0;3.44;151.0;1
2214201210329;3857;11;13;184;4;3.69;24.0;3.69;129.0;3.62;22.0;3.47;151.0;1
2214201210330;3882;11;13;184;4;3.95;24.0;3.95;129.0;3.86;22.0;3.66;151.0;1
2214201210331;3886;11;8;184;4;3.73;24.0;3.73;129.0;3.89;22.0;3.55;151.0;1
2214201210332;3887;11;13;184;4;3.84;24.0;3.84;129.0;3.95;22.0;3.67;151.0;1
2214201210333;3907;11;8;184;4;3.75;24.0;3.75;129.0;3.85;22.0;3.47;151.0;1
2214201210334;3933;11;13;184;4;3.27;24.0;3.27;129.0;3.51;22.0;3.49;151.0;1
2214201210335;3976;11;13;184;4;3.73;24.0;3.73;129.0;3.9;22.0;3.69;151.0;1
2214201210336;3994;11;15;184;4;3.34;24.0;3.34;129.0;3.55;22.0;3.51;151.0;1
2214201210337;4011;11;8;184;4;3.77;24.0;3.77;129.0;3.9;22.0;3.53;151.0;1
2214201210339;4039;11;8;184;4;3.57;24.0;3.57;129.0;3.84;22.0;3.43;151.0;1
2214201210340;4043;11;8;184;4;3.34;24.0;3.34;129.0;3.86;22.0;3.43;151.0;1
2214201210341;4045;11;15;184;4;3.56;24.0;3.56;129.0;3.27;22.0;3.47;151.0;1
2214201210342;4066;11;8;184;4;3.63;24.0;3.63;129.0;3.44;22.0;3.4;151.0;1
2214201210343;4075;11;8;184;4;3.92;24.0;3.92;129.0;3.9;22.0;3.29;151.0;1
2214201210344;4100;11;13;184;4;3.88;24.0;3.88;129.0;3.68;22.0;3.43;151.0;1
2214201210345;4122;11;8;184;4;3.82;24.0;3.82;129.0;3.9;22.0;3.58;151.0;1
2214201210346;4164;11;8;184;4;3.7;24.0;3.7;129.0;3.85;22.0;3.38;151.0;1
2214201210347;4177;11;15;184;4;3.87;24.0;3.87;129.0;4.0;22.0;3.65;151.0;1
2214201210348;4185;11;8;184;4;3.88;24.0;3.88;129.0;3.66;22.0;3.49;151.0;1
2214201210349;4222;11;8;184;4;3.92;24.0;3.92;129.0;3.68;22.0;3.34;151.0;1
2214201210350;4223;11;15;184;4;3.63;24.0;3.63;129.0;3.7;22.0;3.41;151.0;1
2214201210351;4240;11;15;184;4;3.74;24.0;3.74;129.0;3.89;22.0;3.49;151.0;1
2214201210352;4255;11;8;184;4;3.68;24.0;3.68;129.0;3.64;22.0;3.44;151.0;1
2214201210353;4265;11;14;184;4;3.82;24.0;3.82;129.0;3.85;22.0;3.49;151.0;1
2214201210354;4295;11;8;184;4;3.85;24.0;3.85;129.0;3.7;22.0;3.42;151.0;1
2214201210355;2120;11;8;184;4;3.91;24.0;3.91;109.0;3.69;24.0;3.8;133.0;1
2214201210356;4258;11;8;184;4;3.68;24.0;3.68;109.0;3.66;24.0;3.67;133.0;1
2214201210358;3488;11;8;184;4;3.29;24.0;3.29;109.0;3.23;24.0;3.26;133.0;1
2214201210359;274;11;8;184;4;2.88;24.0;2.88;109.0;3.2;24.0;3.04;133.0;1
2214201210360;693;11;8;184;4;3.66;24.0;3.66;129.0;3.75;22.0;3.46;151.0;1
2214201210361;715;11;8;184;4;4.0;24.0;4.0;129.0;3.95;22.0;3.73;151.0;1
2214201210362;1099;11;14;184;4;3.88;24.0;3.88;129.0;3.86;22.0;3.54;151.0;1
2214201210363;1155;11;15;184;4;3.87;24.0;3.87;129.0;3.86;22.0;3.74;151.0;1
2214201210364;1402;11;8;184;4;3.65;24.0;3.65;129.0;3.81;22.0;3.37;151.0;1
2214201210365;1519;11;8;184;4;3.9;24.0;3.9;129.0;3.81;22.0;3.44;151.0;1
2214201210366;1521;11;8;184;4;3.68;24.0;3.68;129.0;3.8;22.0;3.28;151.0;1
2214201210367;1581;11;8;184;4;3.41;24.0;3.41;129.0;3.13;22.0;3.3;151.0;1
2214201210368;1713;11;8;184;4;3.95;24.0;3.95;129.0;3.9;22.0;3.63;151.0;1
2214201210369;1719;11;8;184;4;3.68;24.0;3.68;129.0;3.81;22.0;3.53;151.0;1
2214201210370;1905;11;13;184;4;3.75;24.0;3.75;129.0;3.31;22.0;3.15;151.0;1
2214201210371;2058;11;8;184;4;3.7;24.0;3.7;129.0;2.82;22.0;3.28;151.0;1
2214201210372;2073;11;14;184;4;3.79;24.0;3.79;129.0;3.9;22.0;3.68;151.0;1
2214201210373;2354;11;14;184;4;3.3;24.0;3.3;129.0;0.0;22.0;3.3;155.0;1
2214201210374;2615;11;8;184;4;3.75;24.0;3.75;129.0;3.37;22.0;3.32;151.0;1
2214201210375;2685;11;14;184;4;3.7;24.0;3.7;129.0;3.78;22.0;3.62;151.0;1
2214201210376;2759;11;8;184;4;3.5;24.0;3.5;129.0;3.95;22.0;3.54;151.0;1
2214201210377;3104;11;8;184;4;3.61;24.0;3.61;129.0;3.42;22.0;3.42;151.0;1
2214201210378;3304;11;8;184;4;3.93;24.0;3.93;129.0;3.66;22.0;3.21;151.0;1
2214201210379;3347;11;8;184;4;3.51;24.0;3.51;129.0;3.69;24.0;3.45;151.0;1
2214201210380;3659;11;12;184;4;3.76;24.0;3.76;129.0;3.8;22.0;3.43;151.0;1
2214201210381;3756;11;8;184;1;3.67;24.0;3.67;129.0;3.73;22.0;3.56;151.0;1
2214201210382;4014;11;12;184;4;3.9;24.0;3.9;129.0;3.75;22.0;3.46;151.0;1
2214201210383;4121;11;8;184;4;3.9;24.0;3.9;129.0;3.67;22.0;3.66;151.0;1
2214201210384;4166;11;12;184;4;3.75;24.0;3.75;129.0;3.77;22.0;3.47;151.0;1
2214201210385;4312;11;8;184;4;3.65;24.0;3.65;129.0;3.71;22.0;3.29;151.0;1
2214201210386;511;11;13;184;4;3.75;24.0;3.75;129.0;3.71;22.0;3.44;151.0;1
2214201210388;340;11;15;184;4;3.76;24.0;3.76;129.0;3.89;22.0;3.62;151.0;1
2214201210389;1671;11;8;184;4;3.9;24.0;3.9;129.0;3.81;22.0;3.68;151.0;1
2214201210390;2549;11;14;184;4;3.84;24.0;3.84;129.0;3.95;22.0;3.62;151.0;1
2214201210391;2589;11;8;184;4;3.78;24.0;3.78;129.0;3.8;22.0;3.63;151.0;1
2214201210392;136;11;4;184;1;3.18;24.0;3.18;129.0;3.22;24.0;3.2;151.0;1
2214201210393;3410;11;4;184;1;3.33;24.0;3.33;129.0;3.43;24.0;3.38;151.0;1
2214201210395;1716;11;8;184;4;3.73;24.0;3.73;129.0;3.95;22.0;3.6;151.0;1
2214201210396;3009;11;8;184;4;3.58;24.0;3.58;129.0;3.84;22.0;3.42;151.0;1
2214201210397;3100;11;8;184;4;3.34;24.0;3.34;129.0;3.55;22.0;3.41;151.0;1
2214201210398;143;11;8;184;4;3.85;24.0;3.85;129.0;3.66;22.0;3.45;151.0;1
2214201210399;885;11;13;184;4;3.48;24.0;3.48;129.0;3.59;22.0;3.39;151.0;1
2214201210400;1125;11;8;184;4;3.73;24.0;3.73;129.0;3.89;22.0;3.28;151.0;1
2214201210401;1187;11;15;184;4;3.53;24.0;3.53;129.0;3.6;22.0;3.43;151.0;1
2214201210402;1195;11;8;184;4;3.53;24.0;3.53;129.0;3.38;22.0;3.38;151.0;1
2214201210403;1365;11;8;184;4;3.68;24.0;3.68;129.0;3.8;22.0;3.58;151.0;1
2214201210404;1399;11;8;184;4;3.65;24.0;3.65;129.0;3.75;22.0;3.5;151.0;1
2214201210405;1635;11;8;184;3;3.68;24.0;3.68;129.0;3.75;22.0;3.42;151.0;1
2214201210406;1638;11;8;184;4;3.59;24.0;3.59;129.0;3.85;22.0;3.53;151.0;1
2214201210407;1693;11;8;184;4;3.67;24.0;3.67;129.0;3.71;22.0;3.44;151.0;1
2214201210408;1891;11;8;184;4;3.56;24.0;3.56;129.0;3.54;22.0;3.44;151.0;1
2214201210409;2069;11;8;184;4;3.58;24.0;3.58;129.0;3.85;22.0;3.45;151.0;1
2214201210410;2269;11;13;184;4;3.73;24.0;3.73;129.0;3.89;22.0;3.48;151.0;1
2214201210411;2875;11;8;184;4;3.78;24.0;3.78;129.0;3.81;22.0;3.6;151.0;1
2214201210412;3074;11;13;184;4;3.52;24.0;3.52;129.0;3.75;22.0;3.45;151.0;1
2214201210413;3330;11;8;184;4;3.64;24.0;3.64;129.0;3.8;22.0;3.45;151.0;1
2214201210414;3416;11;8;184;4;3.53;24.0;3.53;129.0;3.71;22.0;3.42;151.0;1
2214201210415;3435;11;8;184;0;3.58;24.0;3.58;129.0;3.66;22.0;3.51;151.0;1
2214201210416;3509;11;8;184;4;3.56;24.0;3.56;129.0;3.42;22.0;3.37;151.0;1
2214201210417;3848;11;8;184;4;3.46;24.0;3.46;129.0;3.7;22.0;3.34;151.0;1
2214201210418;4238;11;8;184;4;3.53;24.0;3.53;129.0;3.7;22.0;3.44;151.0;1
2214201210419;375;11;8;184;4;3.52;24.0;3.52;129.0;3.85;22.0;3.47;151.0;1
2214201210420;1588;11;15;184;4;3.27;24.0;3.27;129.0;3.48;22.0;3.42;151.0;1
2214201210421;2324;11;8;184;4;3.42;24.0;3.42;129.0;3.66;22.0;3.43;151.0;1
2214201210422;2406;11;8;184;2;2.99;24.0;2.99;129.0;3.29;22.0;3.24;151.0;1
2214201210423;3206;11;8;184;4;3.55;24.0;3.55;129.0;3.85;22.0;3.35;151.0;1
2214201210424;4192;11;8;184;4;3.74;24.0;3.74;129.0;3.95;22.0;3.5;151.0;1
2214201210425;416;11;8;184;4;3.77;24.0;3.77;129.0;3.85;22.0;3.43;151.0;1
2214201210426;63;11;8;184;4;3.75;24.0;3.75;129.0;3.95;22.0;3.67;151.0;1
2214201310121;283;11;8;184;4;3.35;23.0;3.35;23.0;3.38;20.0;3.36;43.0;1
2214201310123;2614;11;13;184;4;3.24;23.0;3.24;23.0;3.51;20.0;3.37;43.0;1
2214201310124;3291;11;8;184;4;3.12;23.0;3.12;23.0;3.32;20.0;3.21;43.0;1
2214201310125;3967;11;15;184;4;3.67;23.0;3.67;23.0;3.6;20.0;3.64;43.0;1
2214201310146;3215;11;4;184;1;3.8;23.0;3.8;23.0;1.78;20.0;2.86;43.0;1
2214201310147;3656;11;15;184;4;3.62;23.0;3.62;23.0;3.64;20.0;3.63;43.0;1
2214201310155;30;11;8;184;4;3.39;23.0;3.39;23.0;1.81;20.0;2.65;43.0;0
2214201310162;2703;11;8;184;4;3.47;23.0;3.47;23.0;3.47;20.0;3.47;43.0;1
2214201310164;2085;11;8;184;4;3.22;23.0;3.22;23.0;3.14;20.0;3.18;43.0;1
2214320110001;210;3;13;184;4;3.95;22.0;3.95;22.0;3.7;20.0;3.83;42.0;1
2214320110002;348;3;13;184;4;3.1;22.0;3.1;22.0;2.41;20.0;2.77;42.0;1
2214320110003;378;3;13;184;4;3.84;22.0;3.84;22.0;3.44;20.0;3.65;42.0;1
2214320110004;2673;3;8;184;4;3.89;22.0;3.89;22.0;3.67;20.0;3.78;42.0;1
2214320110005;1188;3;8;184;4;3.17;22.0;3.17;22.0;3.21;20.0;3.19;42.0;1
2214320110006;4284;3;8;184;4;3.78;22.0;3.78;22.0;3.45;20.0;3.62;42.0;1
2214320110007;268;3;13;184;4;3.8;22.0;3.8;22.0;3.64;20.0;3.72;42.0;1
2214320110008;904;3;14;184;4;3.0;22.0;3.0;22.0;0.94;20.0;2.02;42.0;0
2214320110009;1971;3;8;184;4;4.0;22.0;4.0;22.0;3.71;20.0;3.86;42.0;1
2214320110010;2898;3;15;184;4;3.81;22.0;3.81;22.0;3.48;20.0;3.65;42.0;1
2214320110011;3554;3;8;184;4;3.6;22.0;3.6;22.0;3.37;20.0;3.49;42.0;1
2214320110012;3086;3;13;184;4;3.11;22.0;3.11;22.0;2.77;20.0;2.95;42.0;1
2214320110013;672;3;8;184;4;2.5;22.0;2.5;22.0;2.74;20.0;2.61;42.0;0
2214320110014;2557;3;13;184;4;3.75;22.0;3.75;22.0;3.58;20.0;3.67;42.0;1
2214320110015;2207;3;13;184;4;3.72;22.0;3.72;22.0;3.21;20.0;3.48;42.0;1
2214320110016;3121;3;8;184;4;2.45;22.0;2.45;22.0;0.0;0.0;2.45;22.0;0
2214320110017;592;3;13;184;4;3.6;22.0;3.6;22.0;3.23;20.0;3.42;42.0;1
2214320110018;2336;3;13;184;4;3.74;22.0;3.74;22.0;3.46;20.0;3.61;42.0;1
2214320110019;963;3;8;184;4;3.92;22.0;3.92;22.0;3.67;20.0;3.8;42.0;1
2214320110020;2329;3;8;184;4;3.47;22.0;3.47;22.0;3.5;20.0;3.49;42.0;1
2214401110001;34;2;1;184;4;3.33;20.0;3.33;20.0;3.6;20.0;3.47;40.0;1
2214401110002;172;2;15;184;2;3.33;20.0;3.33;20.0;3.54;20.0;3.43;40.0;1
2214401110004;354;2;13;184;4;2.7;20.0;2.7;20.0;0.0;20.0;1.35;40.0;0
2214401110005;503;2;13;184;4;3.49;20.0;3.49;20.0;3.81;20.0;3.65;40.0;1
2214401110006;757;2;8;184;4;2.85;20.0;2.85;20.0;0.0;20.0;1.43;40.0;0
2214401110007;884;2;8;184;4;3.75;20.0;3.75;20.0;3.5;20.0;3.63;40.0;1
2214401110008;1104;2;8;184;4;3.41;20.0;3.41;20.0;3.65;20.0;3.53;40.0;1
2214401110010;2144;2;13;184;4;3.49;20.0;3.49;20.0;3.35;20.0;3.42;40.0;1
2214401110011;2577;2;8;184;4;3.75;20.0;3.75;20.0;3.9;20.0;3.83;40.0;1
2214401110012;2641;2;12;184;4;2.98;20.0;2.98;20.0;3.15;20.0;3.06;40.0;1
2214401110013;2717;2;8;184;4;3.61;20.0;3.61;20.0;3.78;20.0;3.7;40.0;1
2214401110014;2834;2;13;184;4;3.62;20.0;3.62;20.0;3.55;20.0;3.58;40.0;1
2214401110016;2978;2;12;184;4;2.91;20.0;2.91;20.0;3.33;20.0;3.12;40.0;1
2214401110017;3096;2;8;184;4;3.67;20.0;3.67;20.0;3.91;20.0;3.79;40.0;1
2214401110018;3256;2;12;184;4;3.35;20.0;3.35;20.0;3.52;20.0;3.44;40.0;1
2214401110019;3318;2;8;184;4;3.55;20.0;3.55;20.0;3.6;20.0;3.57;40.0;1
2214401110020;3441;2;14;184;4;3.39;20.0;3.39;20.0;3.7;20.0;3.54;40.0;1
2214401110021;3447;2;8;184;4;3.84;20.0;3.84;20.0;3.84;20.0;3.84;40.0;1
2214401110023;3748;2;1;184;3;3.85;20.0;3.85;20.0;3.74;20.0;3.8;40.0;1
2214401110024;2650;2;8;184;4;2.88;20.0;2.88;20.0;2.96;20.0;2.92;40.0;1
2214401110025;76;2;15;184;4;3.54;20.0;3.54;20.0;3.74;20.0;3.64;40.0;1
2214401110026;106;2;15;184;4;3.73;20.0;3.73;20.0;3.79;20.0;3.76;40.0;1
2214401110027;213;2;8;184;4;3.56;20.0;3.56;20.0;3.65;20.0;3.6;40.0;1
2214401110028;948;2;14;184;4;3.53;20.0;3.53;20.0;3.74;20.0;3.63;40.0;1
2214401110029;1795;2;8;184;4;3.62;20.0;3.62;20.0;3.63;20.0;3.63;40.0;1
2214401110030;1784;2;14;184;4;3.57;20.0;3.57;20.0;3.7;20.0;3.64;40.0;1
2214401110031;3372;2;14;184;4;3.56;20.0;3.56;20.0;3.75;20.0;3.65;40.0;1
2214401110033;1760;2;8;184;4;3.56;20.0;3.56;20.0;3.64;20.0;3.6;40.0;1
2214401110034;455;2;8;184;4;3.69;20.0;3.69;20.0;3.7;20.0;3.7;40.0;1
2214901110001;81;6;8;184;0;3.48;19.0;3.48;19.0;3.54;17.0;3.51;36.0;1
2214901110002;119;6;8;184;0;3.46;19.0;3.46;19.0;3.79;17.0;3.62;36.0;1
2214901110003;154;6;8;184;0;3.2;19.0;3.2;19.0;3.52;17.0;3.35;36.0;1
2214901110004;202;6;8;184;0;3.37;19.0;3.37;19.0;3.52;17.0;3.44;36.0;1
2214901110005;203;6;8;184;0;3.43;19.0;3.43;19.0;3.47;17.0;3.45;36.0;1
2214901110006;438;6;8;184;0;3.61;19.0;3.61;19.0;3.7;17.0;3.65;36.0;1
2214901110007;475;6;8;184;0;3.53;19.0;3.53;19.0;3.82;17.0;3.67;36.0;1
2214901110008;528;6;8;184;0;3.48;19.0;3.48;19.0;3.74;17.0;3.6;36.0;1
2214901110009;561;6;8;184;0;3.61;19.0;3.61;19.0;3.82;17.0;3.71;36.0;1
2214901110010;616;6;8;184;0;3.53;19.0;3.53;19.0;3.72;17.0;3.62;36.0;1
2214901110011;647;6;8;184;0;3.54;19.0;3.54;19.0;3.77;17.0;3.65;36.0;1
2214901110012;690;6;8;184;0;3.42;19.0;3.42;19.0;3.74;17.0;3.57;36.0;1
2214901110013;735;6;8;184;0;3.84;19.0;3.84;19.0;3.96;17.0;3.9;36.0;1
2214901110014;750;6;8;184;0;3.75;19.0;3.75;19.0;3.59;17.0;3.68;36.0;1
2214901110015;773;6;8;184;0;3.68;19.0;3.68;19.0;3.75;17.0;3.72;36.0;1
2214901110016;792;6;8;184;0;3.4;19.0;3.4;19.0;3.84;17.0;3.61;36.0;1
2214901110017;833;6;8;184;0;3.61;19.0;3.61;19.0;3.75;17.0;3.68;36.0;1
2214901110018;906;6;8;184;0;3.61;19.0;3.61;19.0;3.65;17.0;3.63;36.0;1
2214901110019;931;6;8;184;0;3.75;19.0;3.75;19.0;3.86;17.0;3.8;36.0;1
2214901110020;1017;6;8;184;0;3.68;19.0;3.68;19.0;3.93;17.0;3.8;36.0;1
2214901110021;1060;6;8;184;0;3.59;19.0;3.59;19.0;3.89;17.0;3.73;36.0;1
2214901110022;1080;6;8;184;0;3.73;19.0;3.73;19.0;4.0;17.0;3.86;36.0;1
2214901110023;1088;6;12;184;2;3.46;19.0;3.46;19.0;3.74;17.0;3.59;36.0;1
2214901110024;1109;6;8;184;0;3.56;19.0;3.56;19.0;3.79;17.0;3.67;36.0;1
2214901110025;1218;6;8;184;0;3.62;19.0;3.62;19.0;3.84;17.0;3.73;36.0;1
2214901110026;1281;6;8;184;0;3.54;19.0;3.54;19.0;3.95;17.0;3.73;36.0;1
2214901110027;1319;6;8;184;0;3.67;19.0;3.67;19.0;3.7;17.0;3.68;36.0;1
2214901110028;1344;6;8;184;0;3.53;19.0;3.53;19.0;3.75;17.0;3.63;36.0;1
2214901110029;1362;6;8;184;0;3.48;19.0;3.48;19.0;3.68;17.0;3.58;36.0;1
2214901110030;1399;6;8;184;4;3.43;19.0;3.43;19.0;3.68;17.0;3.55;36.0;1
2214901110031;1457;6;8;184;0;3.65;19.0;3.65;19.0;3.91;17.0;3.78;36.0;1
2214901110032;1543;6;8;184;0;3.42;19.0;3.42;19.0;3.79;17.0;3.59;36.0;1
2214901110033;1574;6;8;184;0;3.11;19.0;3.11;19.0;3.4;17.0;3.24;36.0;1
2214901110034;1607;6;8;184;0;3.54;19.0;3.54;19.0;3.61;17.0;3.58;36.0;1
2214901110035;1750;6;8;184;0;3.38;19.0;3.38;19.0;3.68;17.0;3.53;36.0;1
2214901110036;1752;6;8;184;0;3.43;19.0;3.43;19.0;3.72;17.0;3.57;36.0;1
2214901110037;1763;6;8;184;0;3.97;19.0;3.97;19.0;3.68;17.0;3.83;36.0;1
2214901110038;1790;6;8;184;0;3.43;19.0;3.43;19.0;3.72;17.0;3.57;36.0;1
2214901110039;1965;6;8;184;0;3.76;19.0;3.76;19.0;3.77;17.0;3.77;36.0;1
2214901110040;2023;6;8;184;0;3.31;19.0;3.31;19.0;3.63;17.0;3.46;36.0;1
2214901110041;2056;6;8;493;5;3.73;19.0;3.73;19.0;3.95;17.0;3.83;36.0;1
2214901110042;2093;6;8;184;0;3.72;19.0;3.72;19.0;3.95;17.0;3.83;36.0;1
2214901110043;2140;6;8;184;0;3.4;19.0;3.4;19.0;3.7;17.0;3.54;36.0;1
2214901110044;2214;6;8;184;4;3.61;19.0;3.61;19.0;3.88;17.0;3.73;36.0;1
2214901110045;2320;6;10;184;1;3.59;19.0;3.59;19.0;3.74;17.0;3.66;36.0;1
2214901110046;2389;6;8;184;0;3.78;19.0;3.78;19.0;3.79;17.0;3.78;36.0;1
2214901110047;2448;6;8;184;0;3.61;19.0;3.61;19.0;3.82;17.0;3.71;36.0;1
2214901110048;2487;6;8;184;0;3.53;19.0;3.53;19.0;3.79;17.0;3.65;36.0;1
2214901110049;2498;6;15;184;3;3.31;19.0;3.31;19.0;3.75;17.0;3.52;36.0;1
2214901110050;2505;6;8;184;0;3.36;19.0;3.36;19.0;3.75;17.0;3.54;36.0;1
2214901110051;2563;6;8;184;0;3.7;19.0;3.7;19.0;3.68;17.0;3.69;36.0;1
2214901110053;2630;6;8;184;0;3.68;19.0;3.68;19.0;3.82;17.0;3.75;36.0;1
2214901110054;2651;6;8;184;0;3.65;19.0;3.65;19.0;3.91;17.0;3.78;36.0;1
2214901110055;2695;6;8;184;0;3.68;19.0;3.68;19.0;3.86;17.0;3.77;36.0;1
2214901110056;2773;6;8;184;0;3.34;19.0;3.34;19.0;3.89;17.0;3.6;36.0;1
2214901110057;2820;6;14;184;6;3.61;19.0;3.61;19.0;3.84;17.0;3.72;36.0;1
2214901110058;2928;6;8;184;0;3.7;19.0;3.7;19.0;3.84;17.0;3.77;36.0;1
2214901110059;3014;6;8;184;0;3.57;19.0;3.57;19.0;3.59;17.0;3.58;36.0;1
2214901110060;3062;6;8;184;0;3.49;19.0;3.49;19.0;3.62;17.0;3.55;36.0;1
2214901110061;3088;6;8;184;0;3.73;19.0;3.73;19.0;3.95;17.0;3.83;36.0;1
2214901110062;3195;6;8;184;0;3.84;19.0;3.84;19.0;3.75;17.0;3.8;36.0;1
2214901110063;3204;6;8;184;0;3.61;19.0;3.61;19.0;3.75;17.0;3.68;36.0;1
2214901110064;3230;6;8;184;0;3.43;19.0;3.43;19.0;3.75;17.0;3.58;36.0;1
2214901110065;3236;6;8;184;0;3.26;19.0;3.26;19.0;3.65;17.0;3.44;36.0;1
2214901110066;3251;6;8;184;0;1.89;19.0;1.89;19.0;0.96;17.0;1.45;36.0;0
2214901110067;3260;6;8;184;0;3.46;19.0;3.46;19.0;3.72;17.0;3.58;36.0;1
2214901110068;3322;6;8;184;0;3.48;19.0;3.48;19.0;3.63;17.0;3.55;36.0;1
2214901110069;3335;6;8;184;0;3.65;19.0;3.65;19.0;3.72;17.0;3.68;36.0;1
2214901110070;3363;6;8;184;0;3.72;19.0;3.72;19.0;3.61;17.0;3.67;36.0;1
2214901110071;3413;6;8;184;0;3.59;19.0;3.59;19.0;3.75;17.0;3.67;36.0;1
2214901110072;3444;6;8;184;0;3.79;19.0;3.79;19.0;3.72;17.0;3.76;36.0;1
2214901110073;3474;6;8;184;0;3.7;19.0;3.7;19.0;3.65;17.0;3.68;36.0;1
2214901110075;3557;6;8;184;0;3.27;19.0;3.27;19.0;3.61;17.0;3.43;36.0;1
2214901110076;3593;6;8;184;0;3.65;19.0;3.65;19.0;3.82;17.0;3.73;36.0;1
2214901110077;3725;6;8;184;0;3.61;19.0;3.61;19.0;3.86;17.0;3.73;36.0;1
2214901110078;3843;6;8;184;0;3.81;19.0;3.81;19.0;3.86;17.0;3.83;36.0;1
2214901110079;3847;6;8;208;5;3.65;19.0;3.65;19.0;3.59;17.0;3.63;36.0;1
2214901110080;3890;6;8;184;0;3.84;19.0;3.84;19.0;3.88;17.0;3.86;36.0;1
2214901110081;3902;6;13;184;3;3.38;19.0;3.38;19.0;3.08;17.0;3.24;36.0;1
2214901110082;3912;6;8;184;0;3.57;19.0;3.57;19.0;3.74;17.0;3.65;36.0;1
2214901110083;3991;6;8;184;0;3.57;19.0;3.57;19.0;3.84;17.0;3.7;36.0;1
2214901110084;4006;6;8;184;0;3.78;19.0;3.78;19.0;3.82;17.0;3.8;36.0;1
2214901110085;4025;6;8;184;0;3.31;19.0;3.31;19.0;3.74;17.0;3.51;36.0;1
2214901110086;4028;6;8;184;0;3.83;19.0;3.83;19.0;3.72;17.0;3.78;36.0;1
2214901110087;4073;6;8;184;0;3.53;19.0;3.53;19.0;3.86;17.0;3.68;36.0;1
2214901110088;4117;6;8;184;0;3.45;19.0;3.45;19.0;3.65;17.0;3.54;36.0;1
2214901110089;4133;6;8;184;0;3.75;19.0;3.75;19.0;3.72;17.0;3.73;36.0;1
2214901110090;4259;6;8;184;0;3.17;19.0;3.17;19.0;3.74;17.0;3.44;36.0;1
2214901110091;4296;6;8;184;0;3.34;19.0;3.34;19.0;3.79;17.0;3.55;36.0;1
2214901210092;36;6;8;184;3;3.91;19.0;3.91;19.0;3.77;17.0;3.84;36.0;1
2214901210093;83;6;8;184;0;3.73;19.0;3.73;19.0;3.74;17.0;3.73;36.0;1
2214901210094;145;6;14;184;3;3.87;19.0;3.87;19.0;3.72;17.0;3.8;36.0;1
2214901210095;155;6;14;184;3;3.64;19.0;3.64;19.0;3.77;17.0;3.7;36.0;1
2214901210096;179;6;14;184;3;3.64;19.0;3.64;19.0;3.82;17.0;3.73;36.0;1
2214901210097;422;6;8;184;1;3.95;19.0;3.95;19.0;3.84;17.0;3.9;36.0;1
2214901210098;452;6;13;184;3;3.87;19.0;3.87;19.0;3.75;17.0;3.82;36.0;1
2214901210099;521;6;1;184;3;3.86;19.0;3.86;19.0;3.91;17.0;3.88;36.0;1
2214901210100;526;6;8;184;0;3.73;19.0;3.73;19.0;3.82;17.0;3.78;36.0;1
2214901210101;554;6;13;184;3;3.87;19.0;3.87;19.0;3.74;17.0;3.81;36.0;1
2214901210102;587;6;8;184;0;3.78;19.0;3.78;19.0;3.95;17.0;3.86;36.0;1
2214901210103;630;6;8;184;3;3.57;19.0;3.57;19.0;3.91;17.0;3.73;36.0;1
2214901210104;660;6;13;184;3;3.65;19.0;3.65;19.0;3.84;17.0;3.74;36.0;1
2214901210105;888;6;8;184;3;3.95;19.0;3.95;19.0;3.84;17.0;3.9;36.0;1
2214901210106;895;6;13;184;3;4.0;19.0;4.0;19.0;3.82;17.0;3.92;36.0;1
2214901210107;907;6;8;184;3;3.86;19.0;3.86;19.0;3.79;17.0;3.82;36.0;1
2214901210108;922;6;8;184;3;3.73;19.0;3.73;19.0;3.95;17.0;3.83;36.0;1
2214901210109;965;6;8;184;3;3.7;19.0;3.7;19.0;3.74;17.0;3.72;36.0;1
2214901210110;973;6;8;184;3;3.81;19.0;3.81;19.0;3.86;17.0;3.83;36.0;1
2214901210111;1046;6;13;184;3;3.29;19.0;3.29;19.0;3.48;17.0;3.38;36.0;1
2214901210112;1084;6;8;184;3;3.83;19.0;3.83;19.0;3.82;17.0;3.83;36.0;1
2214901210113;1196;6;8;184;0;3.86;19.0;3.86;19.0;3.74;17.0;3.8;36.0;1
2214901210114;1249;6;8;184;0;3.73;19.0;3.73;19.0;3.54;17.0;3.64;36.0;1
2214901210115;1307;6;8;184;3;3.78;19.0;3.78;19.0;3.79;17.0;3.78;36.0;1
2214901210116;1335;6;8;184;3;3.73;19.0;3.73;19.0;3.84;17.0;3.78;36.0;1
2214901210118;1356;6;14;184;3;3.65;19.0;3.65;19.0;3.95;17.0;3.79;36.0;1
2214901210119;1468;6;8;184;3;3.91;19.0;3.91;19.0;3.84;17.0;3.88;36.0;1
2214901210120;1586;6;15;184;3;3.78;19.0;3.78;19.0;3.82;17.0;3.8;36.0;1
2214901210121;1603;6;14;184;3;3.95;19.0;3.95;19.0;3.91;17.0;3.93;36.0;1
2214901210122;1679;6;8;184;0;3.61;19.0;3.61;19.0;3.82;17.0;3.71;36.0;1
2214901210123;1762;6;8;184;3;3.68;19.0;3.68;19.0;3.81;17.0;3.74;36.0;1
2214901210124;1800;6;8;184;3;3.86;19.0;3.86;19.0;3.84;17.0;3.85;36.0;1
2214901210125;1897;6;8;184;3;3.97;19.0;3.97;19.0;3.65;17.0;3.82;36.0;1
2214901210126;1906;6;12;184;2;3.95;19.0;3.95;19.0;3.77;17.0;3.87;36.0;1
2214901210127;1910;6;14;184;3;3.87;19.0;3.87;19.0;3.66;17.0;3.78;36.0;1
2214901210128;2049;6;8;184;3;3.68;19.0;3.68;19.0;3.77;17.0;3.73;36.0;1
2214901210129;2158;6;8;184;2;3.62;19.0;3.62;19.0;3.05;17.0;3.35;36.0;1
2214901210130;2491;6;1;184;3;3.61;19.0;3.61;19.0;3.95;17.0;3.77;36.0;1
2214901210131;2595;6;13;184;2;3.68;19.0;3.68;19.0;3.68;17.0;3.68;36.0;1
2214901210132;2605;6;14;184;3;3.54;19.0;3.54;19.0;3.66;17.0;3.6;36.0;1
2214901210133;2756;6;13;184;3;3.72;19.0;3.72;19.0;3.86;17.0;3.78;36.0;1
2214901210134;2758;6;8;184;3;3.91;19.0;3.91;19.0;3.6;17.0;3.76;36.0;1
2214901210135;2819;6;14;184;2;3.97;19.0;3.97;19.0;3.75;17.0;3.87;36.0;1
2214901210136;2847;6;8;184;0;3.67;19.0;3.67;19.0;3.84;17.0;3.75;36.0;1
2214901210137;2886;6;8;184;3;3.61;19.0;3.61;19.0;3.81;17.0;3.7;36.0;1
2214901210138;3008;6;1;184;3;3.7;19.0;3.7;19.0;3.84;17.0;3.77;36.0;1
2214901210139;3039;6;8;184;0;3.91;19.0;3.91;19.0;3.79;17.0;3.85;36.0;1
2214901210140;3142;6;15;184;3;3.91;19.0;3.91;19.0;3.86;17.0;3.88;36.0;1
2214901210141;3169;6;8;184;3;3.86;19.0;3.86;19.0;3.79;17.0;3.83;36.0;1
2214901210142;3233;6;12;184;3;3.97;19.0;3.97;19.0;3.74;17.0;3.86;36.0;1
2214901210143;3350;6;15;184;3;3.56;19.0;3.56;19.0;3.75;17.0;3.65;36.0;1
2214901210144;3425;6;8;184;0;3.68;19.0;3.68;19.0;3.81;17.0;3.74;36.0;1
2214901210145;3471;6;1;184;3;3.56;19.0;3.56;19.0;3.81;17.0;3.68;36.0;1
2214901210146;3535;6;8;184;3;3.7;19.0;3.7;19.0;3.84;17.0;3.77;36.0;1
2214901210147;3550;6;8;184;3;3.86;19.0;3.86;19.0;3.68;17.0;3.78;36.0;1
2214901210148;3606;6;13;184;3;3.62;19.0;3.62;19.0;3.81;17.0;3.71;36.0;1
2214901210149;3564;6;8;184;3;3.91;19.0;3.91;19.0;3.81;17.0;3.86;36.0;1
2214901210150;3804;6;13;184;2;3.95;19.0;3.95;19.0;3.47;17.0;3.73;36.0;1
2214901210151;3859;6;13;184;3;3.87;19.0;3.87;19.0;3.77;17.0;3.83;36.0;1
2214901210152;3879;6;13;184;3;3.56;19.0;3.56;19.0;3.65;17.0;3.6;36.0;1
2214901210153;4031;6;8;184;3;3.84;19.0;3.84;19.0;3.82;17.0;3.83;36.0;1
2214901210154;4127;6;13;184;3;3.86;19.0;3.86;19.0;3.88;17.0;3.87;36.0;1
2214901210155;4268;6;8;184;0;3.83;19.0;3.83;19.0;3.91;17.0;3.87;36.0;1
2214901210156;273;6;13;184;3;0.0;20.35910878112713;3.443432379287743;0.0;3.83;19.0;3.83;19.0;1
2214901210157;2307;6;14;184;3;0.0;20.35910878112713;3.443432379287743;0.0;3.65;19.0;3.65;19.0;1
2214901210158;2604;6;8;184;0;0.0;20.35910878112713;3.443432379287743;0.0;2.96;19.0;2.96;19.0;1
2214901210159;2686;6;15;184;3;0.0;20.35910878112713;3.443432379287743;0.0;3.86;19.0;3.86;19.0;1
2214901210160;2713;6;8;184;3;0.0;20.35910878112713;3.443432379287743;0.0;3.72;19.0;3.72;19.0;1
2214901210161;3259;6;13;184;3;0.0;20.35910878112713;3.443432379287743;0.0;3.67;19.0;3.67;19.0;1
2214901210162;3585;6;8;184;0;0.0;20.35910878112713;3.443432379287743;0.0;3.59;19.0;3.59;19.0;1
2214901210163;3932;6;8;184;0;0.0;20.35910878112713;3.443432379287743;0.0;3.62;19.0;3.62;19.0;1
2214901210164;4024;6;8;184;0;0.0;20.35910878112713;3.443432379287743;0.0;3.62;19.0;3.62;19.0;1
2214901210165;4218;6;8;184;0;0.0;20.35910878112713;3.443432379287743;0.0;3.62;19.0;3.62;19.0;1
2215201110001;462;10;13;184;4;3.23;18.0;3.23;18.0;3.31;19.0;3.27;37.0;1
2215201110002;502;10;8;184;4;3.57;18.0;3.57;18.0;3.84;19.0;3.71;37.0;1
2215201110003;778;10;8;184;3;3.27;18.0;3.27;18.0;3.56;19.0;3.42;37.0;1
2215201110004;853;10;8;184;4;3.49;18.0;3.49;18.0;3.54;19.0;3.51;37.0;1
2215201110005;1088;10;12;184;2;3.16;18.0;3.16;18.0;3.46;19.0;3.31;37.0;1
2215201110006;1183;10;12;184;2;3.12;18.0;3.12;18.0;3.57;19.0;3.35;37.0;1
2215201110007;1310;10;12;184;4;3.13;18.0;3.13;18.0;3.42;19.0;3.28;37.0;1
2215201110008;1502;10;8;184;4;3.07;18.0;3.07;18.0;3.42;19.0;3.25;37.0;1
2215201110009;1979;10;8;184;4;3.53;18.0;3.53;18.0;3.64;19.0;3.59;37.0;1
2215201110010;1994;10;15;184;4;3.32;18.0;3.32;18.0;3.33;19.0;3.33;37.0;1
2215201110011;2493;10;8;184;4;3.8;18.0;3.8;18.0;3.97;19.0;3.89;37.0;1
2215201110012;2533;10;15;184;4;2.97;18.0;2.97;18.0;3.37;19.0;3.17;37.0;1
2215201110013;2696;10;8;184;4;3.42;18.0;3.42;18.0;3.59;19.0;3.51;37.0;1
2215201110014;2712;10;8;184;4;3.08;18.0;3.08;18.0;3.53;19.0;3.31;37.0;1
2215201110015;2735;10;15;184;4;3.26;18.0;3.26;18.0;3.67;19.0;3.47;37.0;1
2215201110016;3508;10;8;184;4;3.42;18.0;3.42;18.0;3.57;19.0;3.5;37.0;1
2215201110017;3253;10;13;184;4;3.95;18.0;3.95;18.0;3.92;19.0;3.94;37.0;1
2215201110018;3631;10;8;184;4;3.62;18.0;3.62;18.0;3.67;19.0;3.65;37.0;1
2215201110019;3688;10;14;184;4;3.1;18.0;3.1;18.0;3.67;19.0;3.39;37.0;1
2215201110020;3689;10;13;184;4;3.93;18.0;3.93;18.0;3.87;19.0;3.9;37.0;1
2215201110021;3819;10;13;184;4;3.17;18.0;3.17;18.0;3.46;19.0;3.32;37.0;1
2215201110022;3885;10;8;184;0;3.42;18.0;3.42;18.0;3.6;19.0;3.51;37.0;1
2215201110023;3940;10;8;184;4;3.6;18.0;3.6;18.0;3.72;19.0;3.66;37.0;1
2215201110025;4052;10;12;184;3;3.59;18.0;3.59;18.0;3.69;19.0;3.64;37.0;1
2215201110026;4090;10;8;184;4;3.19;18.0;3.19;18.0;3.4;19.0;3.3;37.0;1
2215201110027;4110;10;8;184;3;3.46;18.0;3.46;18.0;3.46;19.0;3.46;37.0;1
2215201110028;4205;10;8;184;4;3.28;18.0;3.28;18.0;3.45;19.0;3.37;37.0;1
2215201110029;4233;10;8;184;4;4.0;18.0;4.0;18.0;3.89;19.0;3.94;37.0;1
2215201110030;4281;10;8;184;4;3.08;18.0;3.08;18.0;3.34;19.0;3.21;37.0;1
2215201110031;2006;10;8;184;4;3.19;18.0;3.19;18.0;3.43;19.0;3.31;37.0;1
2215201110032;1244;10;8;184;4;3.16;18.0;3.16;18.0;3.46;19.0;3.31;37.0;1
2215201110033;1454;10;15;184;4;3.85;18.0;3.85;18.0;3.66;19.0;3.75;37.0;1
2215201110035;2852;10;8;184;4;3.5;18.0;3.5;18.0;3.64;19.0;3.57;37.0;1
2215201110036;4003;10;8;184;4;3.7;18.0;3.7;18.0;0.0;19.0;1.8;37.0;0
2215201210038;3269;10;8;184;0;3.78;22.0;3.78;110.0;3.77;20.0;3.78;130.0;1
2215201210039;1124;10;8;184;0;4.0;22.0;4.0;110.0;3.97;20.0;3.99;130.0;1
2215201210040;3007;10;8;184;0;3.84;22.0;3.84;110.0;3.78;20.0;3.81;130.0;1
2215201210041;68;10;8;184;0;3.89;22.0;3.89;110.0;3.88;20.0;3.89;130.0;1
2215201210042;4169;10;8;184;0;3.77;22.0;3.77;110.0;3.63;20.0;3.7;130.0;1
2215201210043;854;10;8;184;0;3.86;22.0;3.86;110.0;3.97;20.0;3.91;130.0;1
2215201210044;946;10;8;184;0;3.57;22.0;3.57;110.0;3.85;20.0;3.7;130.0;1
2215201210045;2028;10;8;184;0;3.95;22.0;3.95;110.0;3.91;20.0;3.93;130.0;1
2215201210046;525;10;8;184;0;3.71;22.0;3.71;110.0;3.91;20.0;3.8;130.0;1
2215201210047;572;10;13;184;6;3.96;22.0;3.96;110.0;3.97;20.0;3.96;130.0;1
2215201210048;1395;10;8;184;0;3.86;22.0;3.86;110.0;3.88;20.0;3.87;130.0;1
2215201210049;1765;10;8;184;0;3.77;22.0;3.77;110.0;3.75;20.0;3.76;130.0;1
2215201210050;2052;10;8;184;0;3.92;22.0;3.92;110.0;3.91;20.0;3.91;130.0;1
2215201210051;2806;10;8;184;0;3.86;22.0;3.86;110.0;3.91;20.0;3.89;130.0;1
2215201210052;2958;10;8;184;0;3.95;22.0;3.95;110.0;3.91;20.0;3.93;130.0;1
2215201210053;3025;10;8;184;0;3.74;22.0;3.74;110.0;3.81;20.0;3.8;130.0;1
2215201210054;3461;10;8;184;0;3.86;22.0;3.86;110.0;3.88;20.0;3.87;130.0;1
2215201210055;2932;10;10;184;1;4.0;22.0;4.0;110.0;4.0;20.0;4.0;130.0;1
2215201210056;2999;10;8;184;0;3.48;22.0;3.48;110.0;3.63;20.0;3.55;130.0;1
2215201210057;4135;10;8;184;0;3.85;22.0;3.85;110.0;3.84;20.0;3.85;130.0;1
2215201210058;1604;10;8;184;0;3.86;22.0;3.86;110.0;3.77;20.0;3.82;130.0;1
2215201210059;2568;10;8;184;0;3.46;22.0;3.46;110.0;3.7;20.0;3.57;130.0;1
2215201210060;3949;10;8;184;0;3.89;22.0;3.89;110.0;3.94;20.0;3.91;130.0;1
2215401110001;457;1;8;184;4;3.7;20.0;3.7;20.0;3.79;19.0;3.75;39.0;1
2215401110002;887;1;8;184;4;3.8;20.0;3.8;20.0;3.82;19.0;3.81;39.0;1
2215401110003;984;1;8;184;4;3.41;20.0;3.41;20.0;3.59;19.0;3.5;39.0;1
2215401110004;2539;1;8;184;4;3.01;20.0;3.01;20.0;0.0;0.0;3.01;20.0;1
2215401110005;320;1;8;184;4;3.79;20.0;3.79;20.0;3.55;19.0;3.67;39.0;1
2215401110006;1554;1;8;184;4;3.23;20.0;3.23;20.0;3.35;19.0;3.29;39.0;1
2215401110007;1889;1;13;184;3;3.77;20.0;3.77;20.0;3.74;19.0;3.76;39.0;1
2215401110009;2842;1;15;184;4;2.91;20.0;2.91;20.0;3.14;19.0;3.02;39.0;1
2215401110010;3329;1;13;184;4;3.16;20.0;3.16;20.0;3.33;19.0;3.24;39.0;1
2215401110011;3405;1;8;184;4;3.19;20.0;3.19;20.0;3.26;19.0;3.22;39.0;1
2215401110012;3643;1;8;184;4;4.0;20.0;4.0;20.0;3.89;19.0;3.95;39.0;1
2215401110013;3694;1;8;184;4;3.9;20.0;3.9;20.0;3.89;19.0;3.89;39.0;1
2215401110015;3799;1;8;184;4;3.67;20.0;3.67;20.0;3.78;19.0;3.73;39.0;1
2215401110016;3835;1;8;184;2;4.0;20.0;4.0;20.0;3.78;19.0;3.89;39.0;1
2215401110017;3984;1;13;184;4;3.04;20.0;3.04;20.0;3.25;19.0;3.14;39.0;1
2215401110018;4095;1;14;184;4;3.35;20.0;3.35;20.0;3.36;19.0;3.35;39.0;1
2215401110019;3813;1;8;184;3;3.55;20.0;3.55;20.0;3.38;19.0;3.47;39.0;1
2215401110020;4044;1;8;184;4;3.29;20.0;3.29;20.0;3.45;19.0;3.37;39.0;1
2215401110021;1284;1;15;184;4;3.19;20.0;3.19;20.0;3.25;19.0;3.22;39.0;1
2215401110022;3433;1;10;184;2;4.0;20.0;4.0;20.0;3.92;19.0;3.96;39.0;1
2215401110023;1590;1;13;184;4;3.64;20.0;3.64;20.0;3.75;19.0;3.69;39.0;1
2215401110024;3946;1;12;184;4;3.67;20.0;3.67;20.0;3.72;19.0;3.69;39.0;1
2215401110025;4128;1;12;184;4;4.0;20.0;4.0;20.0;3.89;19.0;3.95;39.0;1
2215901210001;404;5;8;184;0;0.0;20.35910878112713;3.443432379287743;0.0;3.92;20.0;3.92;20.0;1
2215901210002;923;5;8;184;0;0.0;20.35910878112713;3.443432379287743;0.0;4.0;20.0;4.0;20.0;1
2215901210003;975;5;8;184;0;0.0;20.35910878112713;3.443432379287743;0.0;4.0;20.0;4.0;20.0;1
2215901210004;999;5;8;184;0;0.0;20.35910878112713;3.443432379287743;0.0;3.95;20.0;3.95;20.0;1
2215901210005;1339;5;8;184;0;0.0;20.35910878112713;3.443432379287743;0.0;3.21;20.0;3.21;20.0;1
2215901210006;1599;5;8;184;0;0.0;20.35910878112713;3.443432379287743;0.0;3.91;20.0;3.91;20.0;1
2215901210007;1637;5;8;184;0;0.0;20.35910878112713;3.443432379287743;0.0;4.0;20.0;4.0;20.0;1
2215901210008;1874;5;8;184;0;0.0;20.35910878112713;3.443432379287743;0.0;4.0;20.0;4.0;20.0;1
2215901210009;2020;5;8;184;0;0.0;20.35910878112713;3.443432379287743;0.0;4.0;20.0;4.0;20.0;1
2215901210010;2054;5;7;184;6;0.0;20.35910878112713;3.443432379287743;0.0;4.0;20.0;4.0;20.0;1
2215901210011;2066;5;13;184;2;0.0;20.35910878112713;3.443432379287743;0.0;3.77;20.0;3.77;20.0;1
2215901210012;2644;5;8;184;0;0.0;20.35910878112713;3.443432379287743;0.0;4.0;20.0;4.0;20.0;1
2215901210013;2715;5;8;184;0;0.0;20.35910878112713;3.443432379287743;0.0;3.95;20.0;3.95;20.0;1
2215901210014;2721;5;8;184;0;0.0;20.35910878112713;3.443432379287743;0.0;3.92;20.0;3.92;20.0;1
2215901210015;2856;5;8;184;0;0.0;20.35910878112713;3.443432379287743;0.0;4.0;20.0;4.0;20.0;1
2215901210016;3481;5;2;184;1;0.0;20.35910878112713;3.443432379287743;0.0;3.85;20.0;3.85;20.0;1
2215901210017;3759;5;8;184;0;0.0;20.35910878112713;3.443432379287743;0.0;3.85;20.0;3.85;20.0;1
2215901210018;3851;5;8;184;0;0.0;20.35910878112713;3.443432379287743;0.0;4.0;20.0;4.0;20.0;1
2215901210019;3873;5;8;184;0;0.0;20.35910878112713;3.443432379287743;0.0;4.0;20.0;4.0;20.0;1
2215901210020;3914;5;8;184;0;0.0;20.35910878112713;3.443432379287743;0.0;4.0;20.0;4.0;20.0;1
2215901210021;4038;5;8;184;0;0.0;20.35910878112713;3.443432379287743;0.0;4.0;20.0;4.0;20.0;1
2215901210022;4179;5;8;184;0;0.0;20.35910878112713;3.443432379287743;0.0;4.0;20.0;4.0;20.0;1
2215901210023;4191;5;8;184;0;0.0;20.35910878112713;3.443432379287743;0.0;4.0;20.0;4.0;20.0;1
2215901210024;1639;5;8;184;0;0.0;20.35910878112713;3.443432379287743;0.0;4.0;20.0;4.0;20.0;1
2222201110001;2137;19;8;184;4;2.87;21.0;2.87;21.0;2.81;22.0;2.84;43.0;1
2222201110002;3119;19;8;184;4;3.25;21.0;3.25;21.0;3.4;24.0;3.33;45.0;1
2222201110003;3180;19;15;184;4;3.2;21.0;3.2;21.0;3.17;24.0;3.18;45.0;1
2222201110004;116;19;8;184;4;3.14;21.0;3.14;21.0;3.04;24.0;3.09;45.0;1
2222201110005;1005;19;8;184;4;3.69;21.0;3.69;21.0;3.68;24.0;3.68;45.0;1
2222201110006;1077;19;12;184;4;3.86;21.0;3.86;21.0;3.75;24.0;3.8;45.0;1
2222201110009;2110;19;12;184;4;2.97;21.0;2.97;21.0;3.01;22.0;2.99;43.0;1
2222201110011;2235;19;13;184;2;3.24;21.0;3.24;21.0;3.17;24.0;3.2;45.0;1
2222201110012;2382;19;8;184;4;2.68;21.0;2.68;21.0;2.97;22.0;2.83;43.0;1
2222201110014;3301;19;8;184;4;3.48;21.0;3.48;21.0;3.41;24.0;3.44;45.0;1
2222201110015;3486;19;12;184;4;3.22;21.0;3.22;21.0;3.33;24.0;3.28;45.0;1
2222201110016;3607;19;8;184;4;3.28;21.0;3.28;21.0;3.31;24.0;3.3;45.0;1
2222201110017;3788;19;8;184;4;3.1;21.0;3.1;21.0;3.33;24.0;3.22;45.0;1
2222201110018;3846;19;8;184;4;3.25;21.0;3.25;21.0;3.48;24.0;3.37;45.0;1
2222201110019;3898;19;14;184;4;3.39;21.0;3.39;21.0;3.42;24.0;3.4;45.0;1
2222201110020;699;19;8;184;4;3.86;21.0;3.86;21.0;3.89;24.0;3.87;45.0;1
2222201110021;1268;19;8;184;4;3.07;21.0;3.07;21.0;3.6;24.0;3.35;45.0;1
2222201110022;1451;19;8;184;4;2.97;21.0;2.97;21.0;3.25;22.0;3.11;43.0;1
2222201110023;1614;19;8;184;4;2.77;21.0;2.77;21.0;3.14;22.0;2.96;43.0;1
2222201110024;1689;19;8;184;3;2.98;21.0;2.98;21.0;3.25;22.0;3.12;43.0;1
2222201110025;1705;19;8;184;4;3.04;21.0;3.04;21.0;3.42;24.0;3.24;45.0;1
2222201110026;3432;19;15;184;4;1.38;21.0;1.38;21.0;0.0;0.0;1.38;21.0;0
2222201110027;4016;19;8;184;4;3.08;21.0;3.08;21.0;3.25;24.0;3.17;45.0;1
2222201110028;241;19;13;184;4;3.08;21.0;3.08;21.0;3.14;24.0;3.11;45.0;1
2222201110029;409;19;13;184;4;3.6;21.0;3.6;21.0;3.56;24.0;3.58;45.0;1
2222201110030;534;19;8;184;4;2.96;21.0;2.96;21.0;2.89;22.0;2.92;43.0;1
2222201110031;1472;19;15;184;3;1.07;21.0;1.07;21.0;0.0;0.0;1.07;21.0;0
2222201110034;3257;19;8;184;4;2.93;21.0;2.93;21.0;0.73;22.0;1.8;43.0;0
2222201110037;2912;19;5;184;1;2.83;21.0;2.83;21.0;0.0;0.0;2.83;21.0;1
2222201110038;1236;19;12;184;4;2.95;21.0;2.95;21.0;3.15;22.0;3.05;43.0;1
2222201110039;1169;19;15;184;4;3.74;21.0;3.74;21.0;3.38;24.0;3.55;45.0;1
2222201210041;1033;19;8;184;4;3.83;19.0;3.83;114.0;3.73;19.0;3.78;133.0;1
2222201210042;2111;19;8;184;4;3.73;19.0;3.73;114.0;3.73;19.0;3.73;133.0;1
2222201210043;1126;19;8;184;4;3.86;19.0;3.86;114.0;3.73;19.0;3.79;133.0;1
2222201210044;1827;19;8;184;4;3.79;19.0;3.79;114.0;3.73;19.0;3.76;133.0;1
2222201210045;1621;19;8;184;4;3.66;19.0;3.66;114.0;3.46;19.0;3.56;133.0;1
2222201210046;1839;19;14;184;4;3.58;19.0;3.58;114.0;3.37;19.0;3.47;133.0;1
2222201210047;1119;19;13;184;4;3.75;19.0;3.75;114.0;3.49;19.0;3.62;133.0;1
2222201210048;3834;19;13;184;4;3.62;19.0;3.62;114.0;3.49;19.0;3.56;133.0;1
2223201110001;2413;7;8;184;4;3.75;20.0;3.75;20.0;3.85;20.0;3.8;40.0;1
2223201110002;292;7;8;184;4;3.66;20.0;3.66;20.0;3.7;20.0;3.68;40.0;1
2223201110003;1050;7;8;184;4;3.49;20.0;3.49;20.0;3.65;20.0;3.57;40.0;1
2223201110005;1566;7;8;184;4;3.25;20.0;3.25;20.0;3.65;20.0;3.45;40.0;1
2223201110006;1649;7;8;184;1;3.64;20.0;3.64;20.0;3.58;20.0;3.61;40.0;1
2223201110007;1675;7;13;184;4;3.7;20.0;3.7;20.0;3.85;20.0;3.78;40.0;1
2223201110008;1768;7;8;184;4;3.42;20.0;3.42;20.0;3.24;20.0;3.33;40.0;1
2223201110009;1776;7;8;184;4;3.37;20.0;3.37;20.0;3.43;20.0;3.4;40.0;1
2223201110010;1835;7;14;184;4;3.16;20.0;3.16;20.0;3.6;20.0;3.38;40.0;1
2223201110011;2282;7;8;184;4;3.04;20.0;3.04;20.0;0.5;20.0;1.77;40.0;0
2223201110012;2575;7;13;184;4;3.09;20.0;3.09;20.0;1.29;20.0;2.19;40.0;0
2223201110013;2639;7;15;184;4;3.51;20.0;3.51;20.0;3.74;20.0;3.63;40.0;1
2223201110014;3473;7;8;184;4;3.58;20.0;3.58;20.0;3.7;20.0;3.64;40.0;1
2223201110015;4112;7;4;184;1;3.52;20.0;3.52;20.0;3.39;20.0;3.45;40.0;1
2223201110016;17;7;8;184;4;3.43;20.0;3.43;20.0;3.58;20.0;3.5;40.0;1
2223201110017;276;7;13;184;4;3.11;20.0;3.11;20.0;2.93;20.0;3.02;40.0;1
2223201110018;656;7;8;184;4;3.17;20.0;3.17;20.0;3.08;20.0;3.13;40.0;1
2223201110019;1609;7;8;184;4;3.3;20.0;3.3;20.0;3.42;20.0;3.36;40.0;1
2223201110020;1741;7;13;184;4;3.42;20.0;3.42;20.0;2.98;20.0;3.2;40.0;1
2223201110021;2355;7;8;184;4;3.5;20.0;3.5;20.0;3.86;20.0;3.68;40.0;1
2223201110022;3108;7;8;184;4;3.36;20.0;3.36;20.0;3.5;20.0;3.43;40.0;1
2223201110023;4182;7;8;184;4;3.61;20.0;3.61;20.0;3.63;20.0;3.62;40.0;1
2223201110024;4237;7;8;184;4;3.49;20.0;3.49;20.0;3.69;20.0;3.59;40.0;1
2223201110025;4288;7;8;184;4;3.48;20.0;3.48;20.0;3.86;20.0;3.67;40.0;1
2223201110026;396;7;8;184;4;3.46;20.0;3.46;20.0;3.91;20.0;3.69;40.0;1
2223201110027;623;7;12;184;4;3.76;20.0;3.76;20.0;3.81;20.0;3.79;40.0;1
2223201110029;1777;7;8;184;4;3.6;20.0;3.6;20.0;3.33;20.0;3.46;40.0;1
2223201110030;2311;7;8;184;4;3.42;20.0;3.42;20.0;3.54;20.0;3.48;40.0;1
2223201110031;2514;7;8;184;4;3.4;20.0;3.4;20.0;3.19;20.0;3.3;40.0;1
2223201110032;3740;7;8;184;4;3.0;20.0;3.0;20.0;1.68;20.0;2.34;40.0;0
2223201110033;2525;7;14;184;4;3.52;20.0;3.52;20.0;3.31;20.0;3.42;40.0;1
2223201110034;3595;7;8;184;4;3.45;20.0;3.45;20.0;3.41;20.0;3.43;40.0;1
2223201110035;3561;7;12;184;4;3.65;20.0;3.65;20.0;3.75;20.0;3.7;40.0;1
2235201110001;328;17;8;184;4;3.41;20.0;3.41;20.0;3.76;20.0;3.59;40.0;1
2235201110002;3537;17;8;184;4;2.81;20.0;2.81;20.0;1.75;20.0;2.28;40.0;0
2235201110003;141;17;8;184;4;3.2;20.0;3.2;20.0;3.35;20.0;3.28;40.0;1
2235201110004;752;17;8;184;4;3.85;20.0;3.85;20.0;3.61;20.0;3.73;40.0;1
2235201110005;896;17;8;184;4;3.85;20.0;3.85;20.0;3.73;20.0;3.79;40.0;1
2235201110006;2133;17;12;184;4;3.83;20.0;3.83;20.0;3.61;20.0;3.72;40.0;1
2235201110007;2386;17;14;184;4;3.69;20.0;3.69;20.0;3.49;20.0;3.59;40.0;1
2235201110008;2619;17;8;184;4;3.31;20.0;3.31;20.0;3.31;20.0;3.31;40.0;1
2235201110009;2678;17;8;184;4;3.62;20.0;3.62;20.0;3.62;20.0;3.62;40.0;1
2235201110010;4035;17;8;184;4;3.85;20.0;3.85;20.0;3.8;20.0;3.82;40.0;1
2235201110011;35;17;8;184;4;3.94;20.0;3.94;20.0;3.83;20.0;3.89;40.0;1
2235201110013;3173;17;13;184;4;3.97;20.0;3.97;20.0;3.91;20.0;3.94;40.0;1
2235201110014;435;17;15;184;4;3.65;20.0;3.65;20.0;3.65;20.0;3.65;40.0;1
2235201110015;1820;17;8;184;4;3.7;20.0;3.7;20.0;3.13;20.0;3.42;40.0;1
2235201110016;1788;17;8;184;4;1.54;20.0;1.54;20.0;0.0;0.0;1.54;20.0;0
2235201110017;1983;17;8;184;4;2.91;20.0;2.91;20.0;0.0;0.0;2.91;20.0;1
2235201110018;2918;17;12;184;4;3.51;20.0;3.51;20.0;3.55;20.0;3.53;40.0;1
2235201110019;3034;17;15;184;4;3.58;20.0;3.58;20.0;3.66;20.0;3.62;40.0;1
2235201110020;3531;17;15;184;4;3.2;20.0;3.2;20.0;3.59;20.0;3.4;40.0;1
2235201110021;3731;17;13;184;4;3.73;20.0;3.73;20.0;3.74;20.0;3.73;40.0;1
2235201110022;3965;17;14;184;4;3.46;20.0;3.46;20.0;3.08;20.0;3.27;40.0;1
2235201110023;2033;17;8;184;4;3.86;20.0;3.86;20.0;3.9;20.0;3.88;40.0;1
2235201110025;2188;17;15;184;4;3.22;20.0;3.22;20.0;0.0;0.0;3.22;20.0;1
2235201110026;2191;17;8;184;4;3.39;20.0;3.39;20.0;3.39;20.0;3.39;40.0;1
2235201110029;2225;17;8;184;4;3.69;20.0;3.69;20.0;3.42;20.0;3.55;40.0;1
2235201110030;2109;17;13;184;4;3.52;20.0;3.52;20.0;3.88;20.0;3.7;40.0;1
2235201110031;711;17;8;184;4;2.92;20.0;2.92;20.0;2.04;20.0;2.48;40.0;0
2248201110001;1697;8;8;184;4;3.75;20.0;3.75;20.0;3.87;21.0;3.81;41.0;1
2248201110003;45;8;8;184;4;3.19;20.0;3.19;20.0;3.29;21.0;3.24;41.0;1
2248201110005;138;8;8;184;4;2.76;20.0;2.76;20.0;2.8;21.0;2.78;41.0;1
2248201110006;162;8;8;184;4;2.71;20.0;2.71;20.0;3.29;21.0;3.01;41.0;1
2248201110007;178;8;8;184;4;3.05;20.0;3.05;20.0;3.3;21.0;3.18;41.0;1
2248201110008;187;8;13;184;4;3.2;20.0;3.2;20.0;3.33;21.0;3.27;41.0;1
2248201110009;215;8;14;184;4;3.47;20.0;3.47;20.0;3.69;21.0;3.58;41.0;1
2248201110010;245;8;15;184;4;2.49;20.0;2.49;20.0;2.91;21.0;2.7;41.0;0
2248201110012;279;8;8;184;4;2.38;20.0;2.38;20.0;2.3;21.0;2.34;41.0;0
2248201110013;280;8;14;184;4;2.95;20.0;2.95;20.0;3.33;21.0;3.15;41.0;1
2248201110014;293;8;13;184;4;2.85;20.0;2.85;20.0;3.42;21.0;3.14;41.0;1
2248201110016;306;8;8;184;4;3.66;20.0;3.66;20.0;3.9;21.0;3.78;41.0;1
2248201110017;310;8;8;184;4;3.5;20.0;3.5;20.0;3.65;21.0;3.58;41.0;1
2248201110018;322;8;8;184;4;2.57;20.0;2.57;20.0;2.6;21.0;2.59;41.0;0
2248201110019;384;8;4;184;1;3.23;20.0;3.23;20.0;3.55;21.0;3.39;41.0;1
2248201110020;393;8;8;184;4;2.94;20.0;2.94;20.0;3.13;21.0;3.03;41.0;1
2248201110021;422;8;8;184;1;3.03;20.0;3.03;20.0;3.26;21.0;3.15;41.0;1
2248201110022;436;8;8;184;4;3.23;20.0;3.23;20.0;3.45;21.0;3.34;41.0;1
2248201110023;445;8;15;184;4;3.36;20.0;3.36;20.0;3.79;21.0;3.58;41.0;1
2248201110024;546;8;15;184;4;3.36;20.0;3.36;20.0;3.9;21.0;3.64;41.0;1
2248201110025;553;8;15;184;4;3.19;20.0;3.19;20.0;3.61;21.0;3.4;41.0;1
2248201110026;591;8;15;184;4;2.9;20.0;2.9;20.0;3.53;21.0;3.22;41.0;1
2248201110027;673;8;8;184;4;2.63;20.0;2.63;20.0;2.79;21.0;2.71;41.0;0
2248201110028;727;8;8;184;4;2.91;20.0;2.91;20.0;3.33;21.0;3.12;41.0;1
2248201110029;803;8;8;184;4;3.06;20.0;3.06;20.0;3.72;21.0;3.4;41.0;1
2248201110030;826;8;13;184;4;2.83;20.0;2.83;20.0;3.5;21.0;3.18;41.0;1
2248201110031;938;8;8;184;4;2.9;20.0;2.9;20.0;3.28;21.0;3.1;41.0;1
2248201110032;962;8;13;184;4;2.77;20.0;2.77;20.0;2.98;21.0;2.88;41.0;1
2248201110033;980;8;14;184;4;2.79;20.0;2.79;20.0;3.03;21.0;2.91;41.0;1
2248201110034;1085;8;8;184;4;2.97;20.0;2.97;20.0;3.08;21.0;3.03;41.0;1
2248201110035;1091;8;8;184;4;3.85;20.0;3.85;20.0;3.91;21.0;3.88;41.0;1
2248201110036;1145;8;8;184;4;3.13;20.0;3.13;20.0;3.73;21.0;3.43;41.0;1
2248201110037;1160;8;8;184;4;3.65;20.0;3.65;20.0;3.94;21.0;3.8;41.0;1
2248201110038;1173;8;14;184;4;3.99;20.0;3.99;20.0;3.97;21.0;3.98;41.0;1
2248201110040;1198;8;15;184;4;2.83;20.0;2.83;20.0;2.97;21.0;2.9;41.0;1
2248201110041;1211;8;8;184;4;3.55;20.0;3.55;20.0;3.84;21.0;3.7;41.0;1
2248201110042;1213;8;13;184;4;2.96;20.0;2.96;20.0;3.55;21.0;3.26;41.0;1
2248201110043;1229;8;8;184;4;2.69;20.0;2.69;20.0;3.14;21.0;2.92;41.0;1
2248201110044;1287;8;12;184;4;2.81;20.0;2.81;20.0;3.22;21.0;3.02;41.0;1
2248201110045;1368;8;13;184;4;2.75;20.0;2.75;20.0;2.93;21.0;2.84;41.0;1
2248201110046;1379;8;8;184;4;3.12;20.0;3.12;20.0;3.63;21.0;3.38;41.0;1
2248201110047;1418;8;12;184;4;2.63;20.0;2.63;20.0;2.97;21.0;2.8;41.0;1
2248201110048;1522;8;13;184;4;3.14;20.0;3.14;20.0;3.44;21.0;3.3;41.0;1
2248201110049;1523;8;12;184;4;2.86;20.0;2.86;20.0;3.23;21.0;3.05;41.0;1
2248201110050;1570;8;15;184;4;2.99;20.0;2.99;20.0;3.53;21.0;3.26;41.0;1
2248201110051;1577;8;8;184;4;2.9;20.0;2.9;20.0;3.16;21.0;3.03;41.0;1
2248201110052;1633;8;8;184;4;3.7;20.0;3.7;20.0;3.54;21.0;3.62;41.0;1
2248201110053;1668;8;13;184;4;2.81;20.0;2.81;20.0;3.41;21.0;3.12;41.0;1
2248201110055;1694;8;13;184;4;2.46;20.0;2.46;20.0;3.38;21.0;2.93;41.0;1
2248201110056;1708;8;14;184;4;3.24;20.0;3.24;20.0;3.7;21.0;3.47;41.0;1
2248201110057;1729;8;8;184;4;3.35;20.0;3.35;20.0;3.76;21.0;3.56;41.0;1
2248201110058;1732;8;8;184;0;2.71;20.0;2.71;20.0;3.24;21.0;2.98;41.0;1
2248201110059;1780;8;8;184;4;3.66;20.0;3.66;20.0;3.91;21.0;3.79;41.0;1
2248201110060;1794;8;13;184;4;3.48;20.0;3.48;20.0;3.79;21.0;3.64;41.0;1
2248201110061;1861;8;13;184;4;2.07;20.0;2.07;20.0;2.59;21.0;2.34;41.0;0
2248201110062;1921;8;12;184;4;2.74;20.0;2.74;20.0;3.31;21.0;3.03;41.0;1
2248201110063;1952;8;10;184;1;3.43;20.0;3.43;20.0;3.89;21.0;3.66;41.0;1
2248201110064;1998;8;13;184;4;3.14;20.0;3.14;20.0;0.0;21.0;1.53;41.0;0
2248201110065;2041;8;13;184;4;3.34;20.0;3.34;20.0;3.74;21.0;3.54;41.0;1
2248201110066;2058;8;8;184;4;2.41;20.0;2.41;20.0;3.1;21.0;2.76;41.0;1
2248201110067;2218;8;14;184;4;3.2;20.0;3.2;20.0;3.78;21.0;3.5;41.0;1
2248201110068;2097;8;8;184;4;2.12;20.0;2.12;20.0;0.0;21.0;1.03;41.0;0
2248201110069;2227;8;8;184;4;3.42;20.0;3.42;20.0;3.74;21.0;3.59;41.0;1
2248201110070;2303;8;13;184;4;3.2;20.0;3.2;20.0;3.39;21.0;3.3;41.0;1
2248201110072;2371;8;8;184;4;3.77;20.0;3.77;20.0;3.87;21.0;3.82;41.0;1
2248201110073;2406;8;8;184;2;2.86;20.0;2.86;20.0;2.99;21.0;2.92;41.0;1
2248201110074;2412;8;13;184;4;3.63;20.0;3.63;20.0;3.79;21.0;3.71;41.0;1
2248201110075;2464;8;14;184;4;3.52;20.0;3.52;20.0;3.67;21.0;3.6;41.0;1
2248201110076;2486;8;8;184;4;3.12;20.0;3.12;20.0;3.25;21.0;3.19;41.0;1
2248201110077;2518;8;8;184;4;2.69;20.0;2.69;20.0;3.26;21.0;2.99;41.0;1
2248201110078;2519;8;12;184;4;3.46;20.0;3.46;20.0;3.45;21.0;3.46;41.0;1
2248201110079;2527;8;2;184;1;2.53;20.0;2.53;20.0;2.81;21.0;2.68;41.0;0
2248201110080;2536;8;2;184;1;3.03;20.0;3.03;20.0;3.3;21.0;3.17;41.0;1
2248201110081;2569;8;8;184;4;3.26;20.0;3.26;20.0;3.83;21.0;3.55;41.0;1
2248201110084;2637;8;8;184;4;3.12;20.0;3.12;20.0;2.99;21.0;3.05;41.0;1
2248201110085;2663;8;13;184;4;2.48;20.0;2.48;20.0;2.97;21.0;2.73;41.0;0
2248201110086;2676;8;12;184;4;3.05;20.0;3.05;20.0;3.39;21.0;3.22;41.0;1
2248201110087;2709;8;12;184;4;3.34;20.0;3.34;20.0;3.5;21.0;3.42;41.0;1
2248201110088;2737;8;8;184;4;3.12;20.0;3.12;20.0;3.83;21.0;3.48;41.0;1
2248201110089;2745;8;14;184;4;3.1;20.0;3.1;20.0;3.58;21.0;3.34;41.0;1
2248201110090;2762;8;8;184;4;3.35;20.0;3.35;20.0;3.66;21.0;3.51;41.0;1
2248201110091;2778;8;13;184;4;2.46;20.0;2.46;20.0;3.1;21.0;2.79;41.0;1
2248201110092;2795;8;8;184;4;3.58;20.0;3.58;20.0;3.71;21.0;3.65;41.0;1
2248201110093;2879;8;14;184;4;3.69;20.0;3.69;20.0;3.78;21.0;3.74;41.0;1
2248201110094;2903;8;13;184;4;2.25;20.0;2.25;20.0;2.24;21.0;2.24;41.0;0
2248201110095;2939;8;13;184;4;3.31;20.0;3.31;20.0;3.54;21.0;3.43;41.0;1
2248201110096;2943;8;13;184;4;2.4;20.0;2.4;20.0;2.9;21.0;2.65;41.0;0
2248201110097;2947;8;8;184;4;2.69;20.0;2.69;20.0;3.32;21.0;3.01;41.0;1
2248201110098;3038;8;8;184;4;2.75;20.0;2.75;20.0;3.36;21.0;3.06;41.0;1
2248201110099;3058;8;8;184;4;2.63;20.0;2.63;20.0;3.19;21.0;2.92;41.0;1
2248201110100;3114;8;15;184;4;2.96;20.0;2.96;20.0;3.3;21.0;3.14;41.0;1
2248201110101;3130;8;8;184;4;3.49;20.0;3.49;20.0;3.63;21.0;3.56;41.0;1
2248201110103;3232;8;15;184;4;2.85;20.0;2.85;20.0;3.17;21.0;3.01;41.0;1
2248201110104;3250;8;8;184;4;2.86;20.0;2.86;20.0;3.46;21.0;3.17;41.0;1
2248201110105;3277;8;8;184;2;3.11;20.0;3.11;20.0;3.69;21.0;3.41;41.0;1
2248201110106;3279;8;8;184;1;3.5;20.0;3.5;20.0;3.81;21.0;3.66;41.0;1
2248201110107;3293;8;13;184;4;2.55;20.0;2.55;20.0;2.42;21.0;2.48;41.0;0
2248201110109;3366;8;15;184;4;3.45;20.0;3.45;20.0;3.79;21.0;3.62;41.0;1
2248201110110;3383;8;8;184;4;2.93;20.0;2.93;20.0;3.32;21.0;3.13;41.0;1
2248201110111;3402;8;3;184;1;2.4;20.0;2.4;20.0;2.88;21.0;2.65;41.0;0
2248201110113;3409;8;8;184;4;3.16;20.0;3.16;20.0;3.86;21.0;3.52;41.0;1
2248201110114;3411;8;8;184;4;3.17;20.0;3.17;20.0;3.6;21.0;3.39;41.0;1
2248201110115;3438;8;8;184;4;3.24;20.0;3.24;20.0;3.57;21.0;3.4;41.0;1
2248201110117;3457;8;8;184;4;2.4;20.0;2.4;20.0;0.38;21.0;1.37;41.0;0
2248201110119;3542;8;8;184;4;2.83;20.0;2.83;20.0;3.16;21.0;3.0;41.0;1
2248201110120;3579;8;14;184;4;3.0;20.0;3.0;20.0;3.21;21.0;3.11;41.0;1
2248201110121;3658;8;15;184;4;2.32;20.0;2.32;20.0;3.04;21.0;2.69;41.0;0
2248201110122;3670;8;12;184;4;3.78;20.0;3.78;20.0;3.89;21.0;3.83;41.0;1
2248201110123;3699;8;13;184;4;3.5;20.0;3.5;20.0;3.68;21.0;3.59;41.0;1
2248201110124;3701;8;8;184;4;3.03;20.0;3.03;20.0;3.59;21.0;3.32;41.0;1
2248201110125;3732;8;8;184;4;0.47;20.0;0.47;20.0;0.0;0.0;0.47;20.0;0
2248201110126;3733;8;15;184;4;3.13;20.0;3.13;20.0;3.13;21.0;3.13;41.0;1
2248201110127;3783;8;8;184;4;2.68;20.0;2.68;20.0;3.18;21.0;2.94;41.0;1
2248201110128;3784;8;15;184;4;2.66;20.0;2.66;20.0;3.2;21.0;2.93;41.0;1
2248201110129;3796;8;8;184;4;3.84;20.0;3.84;20.0;3.89;21.0;3.86;41.0;1
2248201110130;3831;8;12;184;4;3.59;20.0;3.59;20.0;4.0;21.0;3.8;41.0;1
2248201110131;3858;8;8;184;4;2.21;20.0;2.21;20.0;2.83;21.0;2.53;41.0;0
2248201110132;3868;8;13;184;4;3.54;20.0;3.54;20.0;3.79;21.0;3.67;41.0;1
2248201110133;4002;8;13;184;4;2.78;20.0;2.78;20.0;3.3;21.0;3.05;41.0;1
2248201110134;4047;8;8;184;4;2.24;20.0;2.24;20.0;2.16;21.0;2.2;41.0;0
2248201110135;4079;8;12;184;4;2.92;20.0;2.92;20.0;3.43;21.0;3.18;41.0;1
2248201110137;4152;8;13;184;4;2.86;20.0;2.86;20.0;3.33;21.0;3.1;41.0;1
2248201110138;4190;8;15;184;4;2.93;20.0;2.93;20.0;3.13;21.0;3.03;41.0;1
2248201110139;4299;8;13;184;4;2.83;20.0;2.83;20.0;3.14;21.0;2.99;41.0;1
2248201110140;4310;8;8;184;4;3.39;20.0;3.39;20.0;3.67;21.0;3.53;41.0;1
2248201110141;2003;8;8;184;4;2.61;20.0;2.61;20.0;0.0;0.0;2.61;20.0;0
2248201110142;2205;8;8;184;4;2.87;20.0;2.87;20.0;3.26;21.0;3.07;41.0;1
2248201110143;1353;8;12;184;4;2.96;20.0;2.96;20.0;3.4;21.0;3.33;41.0;1
2248201110144;24;8;15;184;4;3.73;20.0;3.73;20.0;3.96;21.0;3.85;41.0;1
2248201110145;56;8;8;184;4;0.7;20.0;0.7;20.0;0.0;21.0;0.34;41.0;0
2248201110146;226;8;8;184;4;3.24;20.0;3.24;20.0;3.36;21.0;3.3;41.0;1
2248201110147;533;8;13;184;4;3.85;20.0;3.85;20.0;3.94;21.0;3.9;41.0;1
2248201110148;728;8;8;184;4;2.17;20.0;2.17;20.0;2.64;21.0;2.41;41.0;0
2248201110149;770;8;8;184;4;3.34;20.0;3.34;20.0;3.65;21.0;3.5;41.0;1
2248201110150;794;8;8;184;4;3.08;20.0;3.08;20.0;3.52;21.0;3.3;41.0;1
2248201110151;1112;8;8;184;4;3.03;20.0;3.03;20.0;3.45;21.0;3.25;41.0;1
2248201110152;1311;8;8;184;4;3.7;20.0;3.7;20.0;3.79;21.0;3.75;41.0;1
2248201110153;1337;8;13;184;4;2.24;20.0;2.24;20.0;2.91;21.0;2.58;41.0;0
2248201110154;1510;8;8;184;4;2.44;20.0;2.44;20.0;3.17;21.0;2.81;41.0;1
2248201110155;1564;8;8;184;4;2.45;20.0;2.45;20.0;3.14;21.0;2.8;41.0;1
2248201110156;1817;8;8;184;4;3.19;20.0;3.19;20.0;3.47;21.0;3.33;41.0;1
2248201110157;1977;8;8;184;4;3.24;20.0;3.24;20.0;3.72;21.0;3.48;41.0;1
2248201110158;2032;8;8;184;4;3.14;20.0;3.14;20.0;3.36;21.0;3.25;41.0;1
2248201110159;2165;8;8;184;4;3.54;20.0;3.54;20.0;3.77;21.0;3.66;41.0;1
2248201110160;2194;8;8;184;4;3.3;20.0;3.3;20.0;3.39;21.0;3.35;41.0;1
2248201110161;2255;8;8;184;4;2.73;20.0;2.73;20.0;3.05;21.0;2.89;41.0;1
2248201110162;2361;8;15;184;4;3.59;20.0;3.59;20.0;3.67;21.0;3.63;41.0;1
2248201110164;2517;8;8;184;4;3.67;20.0;3.67;20.0;3.86;21.0;3.77;41.0;1
2248201110165;2542;8;8;184;4;3.35;20.0;3.35;20.0;3.52;21.0;3.44;41.0;1
2248201110166;2559;8;8;184;4;3.17;20.0;3.17;20.0;3.45;21.0;3.31;41.0;1
2248201110167;2662;8;8;184;4;2.82;20.0;2.82;20.0;3.49;21.0;3.16;41.0;1
2248201110168;2691;8;8;184;4;3.04;20.0;3.04;20.0;3.57;21.0;3.31;41.0;1
2248201110169;2906;8;8;184;4;3.58;20.0;3.58;20.0;3.94;21.0;3.77;41.0;1
2248201110170;3021;8;8;184;3;3.77;20.0;3.77;20.0;3.85;21.0;3.81;41.0;1
2248201110171;3060;8;13;184;4;3.56;20.0;3.56;20.0;3.64;21.0;3.6;41.0;1
2248201110172;3078;8;13;184;4;3.23;20.0;3.23;20.0;3.91;21.0;3.58;41.0;1
2248201110173;3270;8;13;184;4;3.41;20.0;3.41;20.0;3.65;21.0;3.53;41.0;1
2248201110174;3400;8;8;184;4;3.31;20.0;3.31;20.0;3.62;21.0;3.47;41.0;1
2248201110175;3910;8;8;184;4;2.83;20.0;2.83;20.0;3.6;21.0;3.22;41.0;1
2248201110176;3948;8;13;184;4;3.37;20.0;3.37;20.0;3.46;21.0;3.41;41.0;1
2248201110178;4203;8;14;184;4;2.41;20.0;2.41;20.0;3.05;21.0;2.74;41.0;0
2248201110179;4247;8;13;184;4;3.19;20.0;3.19;20.0;3.8;21.0;3.5;41.0;1
2248201110180;2937;8;8;184;4;3.56;20.0;3.56;20.0;3.91;21.0;3.74;41.0;1
2248401110001;970;0;14;184;4;3.83;20.0;3.83;20.0;3.83;22.0;3.83;42.0;1
2248401110002;2871;0;13;184;2;3.75;20.0;3.75;20.0;3.95;22.0;3.85;42.0;1
2248401110003;3046;0;8;184;4;3.65;20.0;3.65;20.0;3.66;22.0;3.66;42.0;1
2248401110004;401;0;13;184;4;3.69;20.0;3.69;20.0;3.65;22.0;3.66;42.0;1
2248401110005;930;0;8;184;4;3.65;20.0;3.65;20.0;3.55;22.0;3.6;42.0;1
2248401110007;1511;0;13;184;4;3.37;20.0;3.37;20.0;0.0;0.0;3.37;20.0;1
2248401110008;1890;0;13;184;4;3.55;20.0;3.55;20.0;3.45;22.0;3.5;42.0;1
2248401110009;2102;0;8;184;4;3.03;20.0;3.03;20.0;2.64;22.0;2.82;42.0;1
2248401110011;2254;0;13;184;4;3.58;20.0;3.58;20.0;2.9;22.0;3.23;42.0;1
2248401110012;2294;0;8;184;4;3.55;20.0;3.55;20.0;2.89;22.0;3.21;42.0;1
2248401110013;2785;0;8;184;4;3.63;20.0;3.63;20.0;3.25;22.0;3.43;42.0;1
2248401110014;3743;0;14;184;4;3.45;20.0;3.45;20.0;2.9;22.0;3.16;42.0;1
2248401110015;3778;0;8;184;4;3.73;20.0;3.73;20.0;3.66;22.0;3.69;42.0;1
2248401110016;603;0;13;184;4;3.01;20.0;3.01;20.0;3.0;22.0;3.01;42.0;1
2248401110017;1209;0;8;184;4;3.87;20.0;3.87;20.0;3.81;22.0;3.84;42.0;1
2248401110018;2343;0;8;184;4;3.28;20.0;3.28;20.0;2.68;22.0;2.97;42.0;1
2248401110019;1359;0;8;184;4;3.64;20.0;3.64;20.0;3.14;22.0;3.38;42.0;1
2248401110020;1807;0;15;184;4;3.28;20.0;3.28;20.0;2.8;22.0;3.03;42.0;1
2248401110021;3091;0;8;184;4;3.51;20.0;3.51;20.0;3.38;22.0;3.44;42.0;1
2248401110022;3419;0;8;184;4;3.76;20.0;3.76;20.0;3.86;22.0;3.81;42.0;1
2248401110023;874;0;8;184;4;3.85;20.0;3.85;20.0;3.65;22.0;3.74;42.0;1
2248401110024;1715;0;8;184;4;3.79;20.0;3.79;20.0;3.82;22.0;3.8;42.0;1
2248401110025;2927;0;13;184;4;3.45;20.0;3.45;20.0;3.31;22.0;3.38;42.0;1
2248401110026;2289;0;13;184;4;3.48;20.0;3.48;20.0;3.33;22.0;3.4;42.0;1
2248401110027;2473;0;8;184;4;3.35;20.0;3.35;20.0;3.05;22.0;3.2;42.0;1
2248401110028;3996;0;12;184;4;3.56;20.0;3.56;20.0;3.45;22.0;3.51;42.0;1
2255201110001;3310;9;8;184;4;3.57;19.0;3.57;19.0;3.65;20.0;3.61;39.0;1
2255201110002;3546;9;15;184;4;3.68;19.0;3.68;19.0;3.8;20.0;3.75;39.0;1
2255201110003;152;9;2;184;1;3.1;19.0;3.1;19.0;0.55;22.0;1.73;41.0;0
2255201110004;344;9;13;184;4;3.43;19.0;3.43;19.0;3.55;20.0;3.49;39.0;1
2255201110005;453;9;8;184;4;3.56;19.0;3.56;19.0;3.73;20.0;3.65;39.0;1
2255201110006;1041;9;8;184;4;3.76;19.0;3.76;19.0;3.7;20.0;3.73;39.0;1
2255201110009;1661;9;12;184;4;3.78;19.0;3.78;19.0;3.67;20.0;3.72;39.0;1
2255201110010;1872;9;8;184;4;3.21;19.0;3.21;19.0;3.04;20.0;3.12;39.0;1
2255201110012;2279;9;1;184;3;3.81;19.0;3.81;19.0;3.83;20.0;3.82;39.0;1
2255201110013;2353;9;8;184;4;3.59;19.0;3.59;19.0;3.55;20.0;3.57;39.0;1
2255201110014;2368;9;14;184;4;3.56;19.0;3.56;19.0;3.27;20.0;3.41;39.0;1
2255201110015;3194;9;8;184;4;3.81;19.0;3.81;19.0;3.69;20.0;3.75;39.0;1
2255201110016;3234;9;8;184;4;3.76;19.0;3.76;19.0;3.79;20.0;3.78;39.0;1
2255201110017;3666;9;12;184;4;3.51;19.0;3.51;19.0;3.55;20.0;3.53;39.0;1
2255201110018;3693;9;13;184;4;3.76;19.0;3.76;19.0;3.35;20.0;3.55;39.0;1
2255201110019;4138;9;14;184;4;3.59;19.0;3.59;19.0;3.38;20.0;3.48;39.0;1
2255201110020;4157;9;8;184;4;3.34;19.0;3.34;19.0;3.8;20.0;3.58;39.0;1
2255201110021;4264;9;15;184;4;3.35;19.0;3.35;19.0;3.6;20.0;3.48;39.0;1
2255201110022;4271;9;8;184;4;3.49;19.0;3.49;19.0;3.53;20.0;3.51;39.0;1
2255201110024;1057;9;8;184;4;3.62;19.0;3.62;19.0;3.6;20.0;3.61;39.0;1
2255201110026;3495;9;8;184;4;3.54;19.0;3.54;19.0;3.72;20.0;3.63;39.0;1
2255201110027;3983;9;8;184;4;3.65;19.0;3.65;19.0;3.7;20.0;3.68;39.0;1
2255201110028;1108;9;8;184;4;3.68;19.0;3.68;19.0;3.61;20.0;3.65;39.0;1
2255201110029;3168;9;8;184;4;3.68;19.0;3.68;19.0;3.76;20.0;3.72;39.0;1
2255201110031;3247;9;8;184;4;3.54;19.0;3.54;19.0;3.62;20.0;3.58;39.0;1
2255201110032;157;9;15;184;4;3.68;19.0;3.68;19.0;3.51;20.0;3.59;39.0;1
2255201110033;2091;9;14;184;4;3.55;19.0;3.55;19.0;3.23;20.0;3.38;39.0;1
2255201110034;625;9;15;184;4;3.59;19.0;3.59;19.0;3.35;20.0;3.47;39.0;1
2255201110035;1305;9;13;184;4;3.64;19.0;3.64;19.0;3.78;20.0;3.71;39.0;1
2255201110036;1508;9;8;184;4;3.23;19.0;3.23;19.0;0.6;20.0;1.88;39.0;0
2255201210038;4069;9;8;184;4;3.73;18.0;3.73;95.0;3.69;23.0;3.71;118.0;1
2261206110001;614;16;8;184;4;3.8;22.0;3.8;22.0;3.91;23.0;3.85;45.0;1
2261206110002;2857;16;14;184;4;3.47;22.0;3.47;22.0;3.91;23.0;3.69;45.0;1
2261206110004;3439;16;8;184;2;3.97;22.0;3.97;22.0;3.97;23.0;3.97;45.0;1
2261206110006;3061;16;8;184;4;3.89;22.0;3.89;22.0;3.97;23.0;3.93;45.0;1
2261206110008;3132;16;15;184;4;3.81;22.0;3.81;22.0;1.0;23.0;2.37;45.0;0
2261206110009;3117;16;8;184;4;3.86;22.0;3.86;22.0;3.95;23.0;3.91;45.0;1
2261206110010;48;16;8;184;4;3.77;22.0;3.77;22.0;0.22;23.0;1.95;45.0;0
2273201110001;1073;18;13;184;3;3.9;20.0;3.9;20.0;3.79;20.0;3.84;40.0;1
2273201110002;2998;18;8;184;4;3.69;20.0;3.69;20.0;3.61;20.0;3.65;40.0;1
2273201110003;191;18;8;184;4;3.33;20.0;3.33;20.0;3.52;20.0;3.42;40.0;1
2273201110004;251;18;15;184;4;4.0;20.0;4.0;20.0;3.83;20.0;3.92;40.0;1
2273201110005;294;18;14;184;4;3.32;20.0;3.32;20.0;3.61;20.0;3.46;40.0;1
2273201110006;299;18;8;184;4;3.38;20.0;3.38;20.0;3.65;20.0;3.52;40.0;1
2273201110007;506;18;8;184;4;3.5;20.0;3.5;20.0;3.77;20.0;3.64;40.0;1
2273201110008;612;18;15;184;3;3.6;20.0;3.6;20.0;3.6;20.0;3.6;40.0;1
2273201110009;718;18;8;184;4;3.58;20.0;3.58;20.0;3.61;20.0;3.6;40.0;1
2273201110010;894;18;8;184;4;3.65;20.0;3.65;20.0;3.61;20.0;3.63;40.0;1
2273201110011;905;18;14;184;4;3.33;20.0;3.33;20.0;3.35;20.0;3.34;40.0;1
2273201110012;1135;18;8;184;4;3.2;20.0;3.2;20.0;3.55;20.0;3.38;40.0;1
2273201110013;1168;18;8;184;4;3.44;20.0;3.44;20.0;3.6;20.0;3.52;40.0;1
2273201110014;1178;18;8;184;4;3.37;20.0;3.37;20.0;3.63;20.0;3.5;40.0;1
2273201110015;1210;18;8;184;4;3.58;20.0;3.58;20.0;3.52;20.0;3.55;40.0;1
2273201110016;1350;18;8;184;4;3.65;20.0;3.65;20.0;3.64;20.0;3.65;40.0;1
2273201110017;1663;18;8;184;4;3.46;20.0;3.46;20.0;3.65;20.0;3.56;40.0;1
2273201110018;1993;18;8;184;4;3.79;20.0;3.79;20.0;3.8;20.0;3.8;40.0;1
2273201110019;2013;18;8;184;4;3.41;20.0;3.41;20.0;3.65;20.0;3.53;40.0;1
2273201110020;2044;18;15;184;4;3.45;20.0;3.45;20.0;3.55;20.0;3.5;40.0;1
2273201110021;2055;18;13;184;4;3.51;20.0;3.51;20.0;3.61;20.0;3.56;40.0;1
2273201110022;2175;18;8;184;4;3.62;20.0;3.62;20.0;3.85;20.0;3.74;40.0;1
2273201110023;2221;18;8;184;4;3.48;20.0;3.48;20.0;3.6;20.0;3.54;40.0;1
2273201110024;2263;18;13;184;4;3.15;20.0;3.15;20.0;3.5;20.0;3.33;40.0;1
2273201110025;2489;18;13;184;4;3.38;20.0;3.38;20.0;3.63;20.0;3.5;40.0;1
2273201110026;2580;18;8;184;4;3.26;20.0;3.26;20.0;3.55;20.0;3.41;40.0;1
2273201110027;2668;18;8;184;4;3.17;20.0;3.17;20.0;1.21;20.0;2.19;40.0;0
2273201110028;2770;18;15;184;2;3.53;20.0;3.53;20.0;3.63;20.0;3.58;40.0;1
2273201110029;2904;18;8;184;3;3.67;20.0;3.67;20.0;3.65;20.0;3.67;40.0;1
2273201110030;3092;18;8;184;4;3.25;20.0;3.25;20.0;3.5;20.0;3.38;40.0;1
2273201110031;3098;18;12;184;4;3.55;20.0;3.55;20.0;3.63;20.0;3.58;40.0;1
2273201110032;3134;18;12;184;4;3.45;20.0;3.45;20.0;3.69;20.0;3.56;40.0;1
2273201110034;3170;18;8;184;4;3.66;20.0;3.66;20.0;3.56;20.0;3.61;40.0;1
2273201110035;3219;18;13;184;4;3.43;20.0;3.43;20.0;3.48;20.0;3.45;40.0;1
2273201110037;3841;18;8;184;4;3.26;20.0;3.26;20.0;3.52;20.0;3.39;40.0;1
2273201110038;3896;18;8;184;4;3.33;20.0;3.33;20.0;3.49;20.0;3.41;40.0;1
2273201110039;4000;18;8;184;4;3.76;20.0;3.76;20.0;3.61;20.0;3.69;40.0;1
2273201110040;4123;18;8;184;4;3.67;20.0;3.67;20.0;3.83;20.0;3.75;40.0;1
2273201110042;872;18;14;184;4;3.9;20.0;3.9;20.0;3.91;20.0;3.9;40.0;1
2273201110043;1469;18;12;184;4;3.83;20.0;3.83;20.0;3.8;20.0;3.82;40.0;1
2273201110044;1899;18;8;184;4;3.83;20.0;3.83;20.0;3.8;20.0;3.82;40.0;1
2273201110045;2508;18;8;184;4;3.79;20.0;3.79;20.0;3.65;20.0;3.72;40.0;1
2273201110046;3211;18;15;184;4;3.41;20.0;3.41;20.0;3.8;20.0;3.61;40.0;1
2273201110047;190;18;8;184;4;3.83;20.0;3.83;20.0;3.86;20.0;3.85;40.0;1
2273201110048;507;18;8;184;4;3.75;20.0;3.75;20.0;3.76;20.0;3.75;40.0;1
2273201110049;769;18;15;184;4;3.58;20.0;3.58;20.0;3.63;20.0;3.6;40.0;1
2273201110050;1022;18;13;184;4;3.67;20.0;3.67;20.0;3.61;20.0;3.64;40.0;1
2273201110051;1778;18;12;184;4;3.72;20.0;3.72;20.0;3.58;20.0;3.65;40.0;1
2273201110052;2583;18;8;184;4;3.44;20.0;3.44;20.0;3.56;20.0;3.5;40.0;1
2273201110053;2688;18;13;184;4;3.55;20.0;3.55;20.0;3.5;20.0;3.53;40.0;1
2273201110054;3279;18;8;184;1;3.76;20.0;3.76;20.0;3.85;20.0;3.8;40.0;1
2273201110055;3342;18;13;184;4;3.27;20.0;3.27;20.0;3.63;20.0;3.45;40.0;1
2273201110056;3583;18;14;184;4;3.55;20.0;3.55;20.0;3.67;20.0;3.61;40.0;1
2273201110057;3957;18;12;184;4;3.64;20.0;3.64;20.0;3.65;20.0;3.65;40.0;1
2273201110058;3987;18;13;184;4;3.75;20.0;3.75;20.0;3.61;20.0;3.68;40.0;1
2273201110060;364;18;8;184;4;3.6;20.0;3.6;20.0;3.92;20.0;3.76;40.0;1
2273201110061;594;18;8;184;4;3.34;20.0;3.34;20.0;3.71;20.0;3.53;40.0;1
2273201110062;1299;18;15;184;4;3.61;20.0;3.61;20.0;3.64;20.0;3.63;40.0;1
2273201110064;1907;18;13;184;4;3.69;20.0;3.69;20.0;3.67;20.0;3.68;40.0;1
2273201110065;2699;18;15;184;4;3.6;20.0;3.6;20.0;3.4;20.0;3.5;40.0;1
2273201110066;2114;18;8;184;4;3.56;20.0;3.56;20.0;3.7;20.0;3.63;40.0;1
2273201110067;3611;18;13;184;4;3.61;20.0;3.61;20.0;3.61;20.0;3.61;40.0;1
2273201110068;308;18;8;184;4;3.3;20.0;3.3;20.0;3.56;20.0;3.44;40.0;1
2273201110069;1815;18;8;184;4;3.64;20.0;3.64;20.0;3.69;20.0;3.66;40.0;1
2273201110070;3274;18;1;184;3;3.44;20.0;3.44;20.0;0.62;20.0;2.03;40.0;0
2273201110071;537;18;8;184;4;3.5;20.0;3.5;20.0;3.13;23.0;3.3;43.0;1
2273201110072;3043;18;8;184;4;3.41;20.0;3.41;20.0;3.58;20.0;3.5;40.0;1
2273201110073;813;18;13;184;4;3.69;20.0;3.69;20.0;3.79;20.0;3.74;40.0;1
2273201110074;1539;18;8;184;4;3.65;20.0;3.65;20.0;3.33;20.0;3.49;40.0;1
2273201110075;1480;18;13;184;4;3.25;20.0;3.25;20.0;3.08;20.0;3.17;40.0;1
2273201110076;3830;18;14;184;4;3.26;20.0;3.26;20.0;0.47;20.0;1.86;40.0;0
2273201110077;1804;18;13;184;4;3.31;20.0;3.31;20.0;3.45;20.0;3.38;40.0;1
2273201110078;831;18;13;184;4;3.71;20.0;3.71;20.0;0.0;0.0;3.71;20.0;1
2273201110079;2456;18;14;184;4;3.09;20.0;3.09;20.0;3.49;20.0;3.29;40.0;1
2273201110080;3975;18;8;184;4;3.72;20.0;3.72;20.0;0.0;0.0;3.72;20.0;1
2273201110081;3982;18;8;184;4;3.8;20.0;3.8;20.0;3.86;20.0;3.83;40.0;1
2273201110082;3729;18;8;184;4;3.94;20.0;3.94;20.0;3.95;20.0;3.95;40.0;1
2273201110083;736;18;13;184;4;4.0;20.0;4.0;20.0;3.95;20.0;3.98;40.0;1
2273201110084;2863;18;8;184;4;3.9;20.0;3.9;20.0;3.91;20.0;3.9;40.0;1
2273201110085;1419;18;15;184;2;3.5;20.0;3.5;20.0;3.64;20.0;3.57;40.0;1
2273201110086;151;18;15;184;4;3.08;20.0;3.08;20.0;3.56;20.0;3.33;40.0;1
2273201110087;2074;18;15;184;4;3.48;20.0;3.48;20.0;3.34;20.0;3.41;40.0;1
2273201110088;3453;18;8;184;4;3.27;20.0;3.27;20.0;3.37;20.0;3.32;40.0;1
2273201110089;1619;18;15;184;4;3.97;20.0;3.97;20.0;3.86;20.0;3.92;40.0;1
2273201110091;4027;18;8;184;4;3.94;20.0;3.94;20.0;3.91;20.0;3.92;40.0;1
2273201120059;323;18;15;184;4;3.62;10.0;3.62;10.0;2.42;19.0;2.83;146.0;1
2284202110001;837;15;15;184;4;3.17;19.0;3.17;19.0;3.19;20.0;3.18;39.0;1
2284202110002;3030;15;13;184;2;3.78;19.0;3.78;19.0;3.52;20.0;3.65;39.0;1
2284202110004;3604;15;10;184;1;3.72;19.0;3.72;19.0;3.79;20.0;3.75;39.0;1
2284202110005;3719;15;13;184;4;3.97;19.0;3.97;19.0;3.88;20.0;3.92;39.0;1
2284202110006;2800;15;12;184;4;3.87;19.0;3.87;19.0;3.74;20.0;3.8;39.0;1
2284202110007;1226;15;8;184;4;2.99;19.0;2.99;19.0;3.2;20.0;3.1;39.0;1
2284202110008;606;15;15;184;4;3.35;19.0;3.35;19.0;0.0;0.0;3.35;19.0;1
2284202110009;1984;15;8;184;2;3.61;19.0;3.61;19.0;3.5;20.0;3.56;39.0;1
2284202110010;3268;15;13;184;4;3.51;19.0;3.51;19.0;3.46;20.0;3.48;39.0;1
2284202110011;3702;15;13;184;4;3.48;19.0;3.48;19.0;3.42;20.0;3.45;39.0;1
2284202110012;4260;15;8;184;4;3.68;19.0;3.68;19.0;3.63;20.0;3.65;39.0;1
2284202110013;4261;15;8;184;4;3.84;19.0;3.84;19.0;3.76;20.0;3.8;39.0;1
2286233110001;265;14;8;184;4;3.97;21.0;3.97;21.0;3.83;21.0;3.9;42.0;1
2286233110002;1546;14;10;184;2;3.8;21.0;3.8;21.0;3.86;21.0;3.83;42.0;1
2286233110003;1943;14;8;184;4;3.79;21.0;3.79;21.0;3.77;21.0;3.78;42.0;1
2286233110005;2798;14;13;184;4;3.77;21.0;3.77;21.0;3.77;21.0;3.77;42.0;1
2286233110006;3558;14;8;184;4;3.86;21.0;3.86;21.0;3.83;21.0;3.84;42.0;1
2286233110007;3622;14;12;184;4;3.94;21.0;3.94;21.0;3.86;21.0;3.9;42.0;1
2286233110008;3716;14;15;184;2;3.74;21.0;3.74;21.0;3.8;21.0;3.77;42.0;1
2286233110009;3886;14;8;184;4;3.97;21.0;3.97;21.0;4.0;21.0;3.99;42.0;1
2286233110010;2817;14;8;184;4;3.7;21.0;3.7;21.0;3.8;21.0;3.75;42.0;1
2286233110011;2828;14;15;184;2;3.73;21.0;3.73;21.0;3.83;21.0;3.78;42.0;1
2286233110012;2948;14;8;184;2;3.8;21.0;3.8;21.0;3.77;21.0;3.79;42.0;1
2286233110013;2704;14;13;184;2;3.83;21.0;3.83;21.0;3.83;21.0;3.83;42.0;1
2286233110014;2963;14;15;184;4;3.97;21.0;3.97;21.0;3.97;21.0;3.97;42.0;1
2286233110015;3747;14;8;184;4;3.68;21.0;3.68;21.0;3.69;21.0;3.68;42.0;1
2286233110016;714;14;8;184;4;3.56;21.0;3.56;21.0;3.66;21.0;3.61;42.0;1
2286233110017;1605;14;13;184;4;3.76;21.0;3.76;21.0;3.86;21.0;3.81;42.0;1
2286233110018;2090;14;8;184;4;3.82;21.0;3.82;21.0;3.86;21.0;3.84;42.0;1
2286233110019;1074;14;14;184;4;3.83;21.0;3.83;21.0;3.83;21.0;3.83;42.0;1
2286233110020;1427;14;8;184;4;3.74;21.0;3.74;21.0;3.74;21.0;3.74;42.0;1
2286233110021;2753;14;14;184;4;3.58;21.0;3.58;21.0;3.74;21.0;3.66;42.0;1
2286233110022;161;14;8;184;4;3.55;21.0;3.55;21.0;3.69;21.0;3.62;42.0;1
2286233110023;403;14;13;184;4;3.97;21.0;3.97;21.0;3.91;21.0;3.94;42.0;1
2286233110024;933;14;15;184;4;3.73;21.0;3.73;21.0;3.83;21.0;3.78;42.0;1
2286233110025;3389;14;15;184;4;3.68;21.0;3.68;21.0;3.57;21.0;3.62;42.0;1
2286233110026;2735;14;15;184;4;3.83;21.0;3.83;21.0;0.87;21.0;2.35;42.0;0
2286233110027;3818;14;8;184;4;3.76;21.0;3.76;21.0;3.77;21.0;3.77;42.0;1
2286233110028;4307;14;14;184;4;3.73;21.0;3.73;21.0;3.5;21.0;3.62;42.0;1
2286233110030;3730;14;5;184;1;3.61;21.0;3.61;21.0;3.71;21.0;3.66;42.0;1
2288201110001;2391;12;8;184;4;3.8;20.0;3.8;20.0;3.71;21.0;3.76;41.0;1
2288201110002;3212;12;8;184;4;3.79;20.0;3.79;20.0;3.71;21.0;3.75;41.0;1
2288201110003;1447;12;1;184;3;3.7;20.0;3.7;20.0;3.79;21.0;3.74;41.0;1
2288201110004;1727;12;14;184;4;3.69;20.0;3.69;20.0;3.61;21.0;3.65;41.0;1
2288201110005;2925;12;13;184;4;3.45;20.0;3.45;20.0;3.47;21.0;3.46;41.0;1
2288201110006;3082;12;8;184;4;3.82;20.0;3.82;20.0;3.79;21.0;3.8;41.0;1
2288201110007;3120;12;8;184;4;3.75;20.0;3.75;20.0;3.61;21.0;3.68;41.0;1
2288201110008;3152;12;13;184;3;3.61;20.0;3.61;20.0;0.0;21.0;1.76;41.0;0
2288201110009;443;12;8;184;4;3.71;20.0;3.71;20.0;3.69;21.0;3.7;41.0;1
2288201110010;2860;12;13;184;4;3.79;20.0;3.79;20.0;3.73;21.0;3.76;41.0;1
2288201110011;2593;12;8;184;4;3.75;20.0;3.75;20.0;3.69;21.0;3.71;41.0;1
2288201110013;1654;12;12;184;4;3.61;20.0;3.61;20.0;3.59;21.0;3.6;41.0;1
2288201110014;18;12;8;184;4;3.76;20.0;3.76;20.0;3.71;21.0;3.74;41.0;1
2288201110015;1253;12;14;184;4;3.27;20.0;3.27;20.0;2.97;21.0;3.12;41.0;1
2288201110016;3202;12;8;184;2;3.4;20.0;3.4;20.0;3.15;21.0;3.27;41.0;1
2288201110017;3915;12;8;184;4;3.56;20.0;3.56;20.0;3.47;21.0;3.51;41.0;1
2288201110018;4013;12;8;184;4;3.4;20.0;3.4;20.0;3.08;21.0;3.24;41.0;1
2288201120019;2838;12;13;184;2;0.0;20.35910878112713;3.443432379287743;0.0;3.38;12.0;3.38;54.0;1
2288203110001;1372;13;8;184;4;3.69;20.0;3.69;20.0;3.78;20.0;3.73;40.0;1
2288203110002;2174;13;8;184;4;3.86;20.0;3.86;20.0;3.78;20.0;3.82;40.0;1
2288203110003;3106;13;15;184;4;3.63;20.0;3.63;20.0;3.72;20.0;3.67;40.0;1
2288203110005;3775;13;14;184;4;3.73;20.0;3.73;20.0;3.85;20.0;3.79;40.0;1
2288203110007;1049;13;13;184;4;3.72;20.0;3.72;20.0;3.72;20.0;3.72;40.0;1
2288203110008;1148;13;8;184;4;3.67;20.0;3.67;20.0;3.75;20.0;3.71;40.0;1
2288203110010;1764;13;15;184;4;3.61;20.0;3.61;20.0;3.78;20.0;3.7;40.0;1
2288203110011;3047;13;13;184;4;3.54;20.0;3.54;20.0;3.68;20.0;3.61;40.0;1
2288203110012;4289;13;8;184;4;3.65;20.0;3.65;20.0;3.72;20.0;3.69;40.0;1
2288203110014;123;13;8;184;4;3.78;20.0;3.78;20.0;3.78;20.0;3.78;40.0;1
2288203120013;674;13;14;184;4;3.69;20.0;3.69;57.0;3.5;24.0;3.58;81.0;1
2314101110001;62;20;15;184;2;3.9;18.0;3.9;18.0;3.33;12.0;3.67;30.0;1
2314101110002;67;20;8;184;0;3.93;18.0;3.93;18.0;3.33;12.0;3.69;30.0;1
2314101110003;996;20;8;184;0;3.9;18.0;3.9;18.0;3.33;12.0;3.67;30.0;1
2314101110004;1189;20;8;184;0;3.87;18.0;3.87;18.0;3.33;12.0;3.65;30.0;1
2314101110005;1442;20;8;184;0;3.83;18.0;3.83;18.0;4.0;12.0;3.9;30.0;1
2314101110006;1902;20;8;184;0;3.87;18.0;3.87;18.0;3.33;12.0;3.65;30.0;1
2314101110007;2531;20;8;184;0;3.76;18.0;3.76;18.0;4.0;12.0;3.85;30.0;1
2314101110008;3057;20;8;184;0;3.97;18.0;3.97;18.0;3.33;12.0;3.71;30.0;1
2314101110009;912;20;8;184;0;3.9;18.0;3.9;18.0;4.0;12.0;3.94;30.0;1
2314101110010;1544;20;8;184;0;3.86;18.0;3.86;18.0;4.0;12.0;3.91;30.0;1
2314101110011;1631;20;8;184;2;3.87;18.0;3.87;18.0;0.0;0.0;3.87;18.0;1
2314101110012;1928;20;13;446;5;3.76;18.0;3.76;18.0;4.0;12.0;3.85;30.0;1
2314101110013;2874;20;8;184;0;3.79;18.0;3.79;18.0;4.0;12.0;3.87;30.0;1
2314101110014;3070;20;8;184;0;3.79;18.0;3.79;18.0;4.0;12.0;3.87;30.0;1
2314101110015;3404;20;8;184;0;3.82;18.0;3.82;18.0;4.0;12.0;3.89;30.0;1
2314101110016;2315;20;8;421;5;3.97;18.0;3.97;18.0;3.33;12.0;3.71;30.0;1
2314101110017;1080;20;8;184;0;3.93;18.0;3.93;18.0;4.0;12.0;3.96;30.0;1
2314201110073;363;11;15;148;5;3.35;19.0;3.35;19.0;3.4;20.0;3.37;39.0;1
2314201110074;2182;11;15;157;5;3.35;19.0;3.35;19.0;3.34;20.0;3.34;39.0;1
2314201110075;2209;11;8;184;3;3.58;19.0;3.58;19.0;0.4;20.0;1.95;39.0;0
2314201110076;2720;11;8;394;5;3.62;19.0;3.62;19.0;3.83;20.0;3.73;39.0;1
2314201110077;2890;11;14;426;5;3.49;19.0;3.49;19.0;3.67;20.0;3.59;39.0;1
2314201110078;4064;11;8;184;2;3.95;19.0;3.95;19.0;3.81;20.0;3.88;39.0;1
2314201110079;4;11;8;184;0;3.26;19.0;3.26;19.0;3.17;20.0;3.22;39.0;1
2314201110080;20;11;15;228;5;3.86;19.0;3.86;19.0;3.65;20.0;3.75;39.0;1
2314201110081;87;11;15;9;5;3.11;19.0;3.11;19.0;3.08;20.0;3.09;39.0;1
2314201110082;141;11;8;184;4;3.17;19.0;3.17;19.0;3.67;20.0;3.43;39.0;1
2314201110083;2;11;8;184;0;0.63;19.0;0.63;19.0;0.0;0.0;0.63;19.0;0
2314201110084;218;11;8;532;5;2.64;23.0;2.64;23.0;3.3;20.0;2.95;43.0;1
2314201110085;236;11;8;416;5;3.0;19.0;3.0;19.0;3.08;20.0;3.04;39.0;1
2314201110087;228;11;8;184;0;0.21;19.0;0.21;19.0;0.0;0.0;0.21;19.0;0
2314201110088;263;11;8;409;5;3.43;19.0;3.43;19.0;3.44;20.0;3.43;39.0;1
2314201110089;277;11;12;308;5;3.26;19.0;3.26;19.0;3.42;20.0;3.34;39.0;1
2314201110090;312;11;15;264;5;3.61;19.0;3.61;19.0;3.7;20.0;3.65;39.0;1
2314201110091;319;11;8;491;5;3.3;19.0;3.3;19.0;3.19;20.0;3.24;39.0;1
2314201110093;381;11;13;253;5;3.83;19.0;3.83;19.0;3.87;20.0;3.85;39.0;1
2314201110094;382;11;13;51;5;3.65;19.0;3.65;19.0;3.57;20.0;3.61;39.0;1
2314201110096;454;11;8;385;5;3.25;19.0;3.25;19.0;3.1;20.0;3.17;39.0;1
2314201110097;558;11;15;401;5;3.22;19.0;3.22;19.0;3.11;20.0;3.16;39.0;1
2314201110098;619;11;8;444;5;3.19;19.0;3.19;19.0;3.31;20.0;3.25;39.0;1
2314201110100;653;11;8;516;5;3.11;19.0;3.11;19.0;3.19;20.0;3.15;39.0;1
2314201110101;707;11;13;233;5;3.26;19.0;3.26;19.0;2.88;20.0;3.07;39.0;1
2314201110102;725;11;8;77;5;3.63;19.0;3.63;19.0;3.76;20.0;3.7;39.0;1
2314201110103;730;11;8;56;5;3.41;19.0;3.41;19.0;3.57;20.0;3.49;39.0;1
2314201110105;774;11;8;442;5;3.3;19.0;3.3;19.0;3.36;20.0;3.33;39.0;1
2314201110106;783;11;12;523;5;3.22;19.0;3.22;19.0;2.98;20.0;3.09;39.0;1
2314201110107;784;11;12;76;5;2.75;19.0;2.75;19.0;1.58;20.0;2.15;39.0;0
2314201110108;798;11;8;287;5;3.35;19.0;3.35;19.0;3.7;20.0;3.53;39.0;1
2314201110109;834;11;15;362;5;3.72;19.0;3.72;19.0;3.54;20.0;3.63;39.0;1
2314201110110;845;11;8;184;4;3.54;19.0;3.54;19.0;3.57;20.0;3.55;39.0;1
2314201110111;915;11;8;400;5;3.0;19.0;3.0;19.0;3.15;20.0;3.07;39.0;1
2314201110112;952;11;8;415;5;3.11;19.0;3.11;19.0;3.11;20.0;3.11;39.0;1
2314201110113;957;11;8;14;5;3.35;19.0;3.35;19.0;3.67;20.0;3.51;39.0;1
2314201110114;995;11;8;48;5;3.41;19.0;3.41;19.0;3.32;20.0;3.36;39.0;1
2314201110115;1012;11;8;184;5;3.11;19.0;3.11;19.0;3.0;20.0;3.05;39.0;1
2314201110116;1035;11;8;277;5;3.36;19.0;3.36;19.0;3.41;20.0;3.39;39.0;1
2314201110117;1037;11;8;345;5;3.17;19.0;3.17;19.0;3.14;20.0;3.15;39.0;1
2314201110118;1089;11;15;202;5;3.11;19.0;3.11;19.0;3.3;20.0;3.21;39.0;1
2314201110119;1111;11;8;535;5;3.35;19.0;3.35;19.0;3.19;20.0;3.26;39.0;1
2314201110120;1157;11;14;69;5;3.19;19.0;3.19;19.0;3.35;20.0;3.27;39.0;1
2314201110121;1240;11;13;261;5;3.11;19.0;3.11;19.0;3.11;20.0;3.11;39.0;1
2314201110122;1259;11;13;229;5;3.35;19.0;3.35;19.0;3.58;20.0;3.46;39.0;1
2314201110123;1264;11;12;224;5;3.37;19.0;3.37;19.0;3.56;20.0;3.47;39.0;1
2314201110124;1269;11;8;184;4;3.43;19.0;3.43;19.0;3.6;20.0;3.52;39.0;1
2314201110125;1274;11;12;534;5;3.0;19.0;3.0;19.0;2.95;20.0;2.97;39.0;1
2314201110126;1275;11;8;42;5;3.11;19.0;3.11;19.0;3.17;20.0;3.14;39.0;1
2314201110127;1296;11;8;292;5;3.32;19.0;3.32;19.0;3.44;20.0;3.38;39.0;1
2314201110128;1308;11;13;290;5;3.11;19.0;3.11;19.0;3.11;20.0;3.11;39.0;1
2314201110129;1347;11;8;184;3;3.26;19.0;3.26;19.0;3.26;20.0;3.26;39.0;1
2314201110130;1391;11;13;338;5;3.35;19.0;3.35;19.0;3.13;20.0;3.24;39.0;1
2314201110132;1430;11;8;247;5;3.35;19.0;3.35;19.0;3.41;20.0;3.38;39.0;1
2314201110133;1456;11;8;351;5;3.41;19.0;3.41;19.0;3.45;20.0;3.43;39.0;1
2314201110134;1558;11;8;269;5;3.04;19.0;3.04;19.0;2.95;20.0;2.99;39.0;1
2314201110135;1618;11;12;417;5;3.28;19.0;3.28;19.0;3.27;20.0;3.28;39.0;1
2314201110136;1655;11;8;357;5;2.94;19.0;2.94;19.0;3.14;20.0;3.04;39.0;1
2314201110137;1669;11;8;23;5;3.17;19.0;3.17;19.0;3.29;20.0;3.23;39.0;1
2314201110138;1673;11;13;346;5;3.22;19.0;3.22;19.0;3.44;20.0;3.33;39.0;1
2314201110139;1674;11;12;486;5;3.26;19.0;3.26;19.0;3.42;20.0;3.34;39.0;1
2314201110140;1706;11;8;508;5;3.47;19.0;3.47;19.0;3.67;20.0;3.58;39.0;1
2314201110141;1805;11;13;275;5;3.36;19.0;3.36;19.0;3.44;20.0;3.4;39.0;1
2314201110142;1875;11;8;428;5;3.26;19.0;3.26;19.0;3.26;20.0;3.26;39.0;1
2314201110143;1881;11;8;232;5;3.35;19.0;3.35;19.0;3.55;20.0;3.45;39.0;1
2314201110144;1904;11;8;185;5;2.94;19.0;2.94;19.0;2.82;20.0;2.88;39.0;1
2314201110145;1915;11;8;527;5;3.35;19.0;3.35;19.0;3.46;20.0;3.41;39.0;1
2314201110146;1919;11;13;403;5;3.56;19.0;3.56;19.0;3.59;20.0;3.57;39.0;1
2314201110147;1930;11;14;372;5;3.04;19.0;3.04;19.0;2.85;20.0;2.94;39.0;1
2314201110148;1937;11;14;445;5;3.45;19.0;3.45;19.0;3.42;20.0;3.44;39.0;1
2314201110149;1963;11;8;17;5;3.07;19.0;3.07;19.0;0.98;20.0;2.0;39.0;0
2314201110150;1976;11;13;248;5;3.35;19.0;3.35;19.0;3.55;20.0;3.45;39.0;1
2314201110151;2002;11;8;404;5;3.26;19.0;3.26;19.0;1.47;20.0;2.34;39.0;0
2314201110152;2009;11;8;257;5;3.11;19.0;3.11;19.0;3.04;20.0;3.07;39.0;1
2314201110153;2029;11;8;244;5;3.41;19.0;3.41;19.0;3.29;20.0;3.35;39.0;1
2314201110154;2107;11;8;86;5;3.22;19.0;3.22;19.0;3.3;20.0;3.26;39.0;1
2314201110155;2139;11;8;404;5;2.97;19.0;2.97;19.0;1.7;20.0;2.32;39.0;0
2314201110156;2153;11;8;259;5;3.57;19.0;3.57;19.0;3.58;20.0;3.58;39.0;1
2314201110157;2228;11;15;376;5;3.07;19.0;3.07;19.0;3.31;20.0;3.2;39.0;1
2314201110158;2252;11;13;215;5;3.26;19.0;3.26;19.0;3.4;20.0;3.33;39.0;1
2314201110159;2258;11;15;69;5;0.63;19.0;0.63;19.0;0.0;0.0;0.63;19.0;0
2314201110160;2285;11;8;275;5;2.53;19.0;2.53;19.0;3.04;20.0;2.79;39.0;1
2314201110161;2292;11;8;19;5;3.22;19.0;3.22;19.0;3.4;20.0;3.31;39.0;1
2314201110163;2312;11;8;279;5;3.67;19.0;3.67;19.0;3.75;20.0;3.71;39.0;1
2314201110164;2326;11;13;404;5;3.76;19.0;3.76;19.0;3.67;20.0;3.72;39.0;1
2314201110165;2331;11;8;110;5;3.04;19.0;3.04;19.0;2.95;20.0;2.99;39.0;1
2314201110166;2332;11;8;87;5;3.56;19.0;3.56;19.0;3.64;20.0;3.6;39.0;1
2314201110167;2523;11;8;383;5;3.35;19.0;3.35;19.0;3.42;20.0;3.38;39.0;1
2314201110168;2548;11;8;370;5;3.25;19.0;3.25;19.0;3.21;20.0;3.23;39.0;1
2314201110169;2553;11;13;397;5;3.62;19.0;3.62;19.0;3.72;20.0;3.67;39.0;1
2314201110170;2623;11;13;136;5;3.47;19.0;3.47;19.0;3.59;20.0;3.53;39.0;1
2314201110171;2633;11;8;432;5;3.11;19.0;3.11;19.0;3.35;20.0;3.23;39.0;1
2314201110173;2797;11;8;47;5;3.11;19.0;3.11;19.0;2.98;20.0;3.04;39.0;1
2314201110174;2804;11;8;271;5;3.35;19.0;3.35;19.0;3.33;20.0;3.34;39.0;1
2314201110175;2812;11;12;504;5;3.07;19.0;3.07;19.0;3.1;20.0;3.09;39.0;1
2314201110176;2831;11;8;355;5;3.11;19.0;3.11;19.0;2.92;20.0;3.01;39.0;1
2314201110178;2895;11;12;337;5;4.0;19.0;4.0;19.0;3.92;20.0;3.96;39.0;1
2314201110179;2911;11;8;331;5;3.11;19.0;3.11;19.0;3.29;20.0;3.2;39.0;1
2314201110180;2931;11;2;184;1;3.39;19.0;3.39;19.0;3.69;20.0;3.54;39.0;1
2314201110181;2938;11;8;361;5;3.91;19.0;3.91;19.0;3.8;20.0;3.85;39.0;1
2314201110182;2962;11;12;236;5;3.11;19.0;3.11;19.0;3.11;20.0;3.11;39.0;1
2314201110183;3158;11;12;431;5;3.78;19.0;3.78;19.0;3.59;20.0;3.68;39.0;1
2314201110184;3244;11;15;275;5;3.3;19.0;3.3;19.0;3.7;20.0;3.51;39.0;1
2314201110185;3288;11;8;206;5;3.63;19.0;3.63;19.0;3.58;20.0;3.61;39.0;1
2314201110186;3289;11;8;163;5;3.07;19.0;3.07;19.0;0.64;20.0;1.83;39.0;0
2314201110187;3306;11;8;123;5;3.73;19.0;3.73;19.0;3.86;20.0;3.8;39.0;1
2314201110188;3325;11;15;234;5;3.56;19.0;3.56;19.0;3.59;20.0;3.57;39.0;1
2314201110189;3379;11;8;315;5;3.61;19.0;3.61;19.0;3.61;20.0;3.61;39.0;1
2314201110190;3498;11;8;184;0;3.65;19.0;3.65;19.0;3.45;20.0;3.55;39.0;1
2314201110191;3545;11;14;449;5;3.07;19.0;3.07;19.0;3.44;20.0;3.26;39.0;1
2314201110192;3587;11;15;184;2;3.78;19.0;3.78;19.0;3.67;20.0;3.73;39.0;1
2314201110193;3716;11;15;184;2;3.41;19.0;3.41;19.0;3.49;20.0;3.45;39.0;1
2314201110194;3720;11;15;43;5;3.56;19.0;3.56;19.0;3.67;20.0;3.62;39.0;1
2314201110195;3721;11;12;418;5;3.35;19.0;3.35;19.0;3.5;20.0;3.43;39.0;1
2314201110196;3739;11;14;423;5;3.35;19.0;3.35;19.0;3.21;20.0;3.28;39.0;1
2314201110197;3758;11;8;184;4;3.73;19.0;3.73;19.0;3.88;20.0;3.81;39.0;1
2314201110198;3766;11;13;395;5;3.83;19.0;3.83;19.0;3.85;20.0;3.84;39.0;1
2314201110199;3812;11;15;114;5;3.72;19.0;3.72;19.0;3.67;20.0;3.69;39.0;1
2314201110200;3925;11;8;115;5;3.3;19.0;3.3;19.0;3.32;20.0;3.31;39.0;1
2314201110201;3926;11;13;354;5;3.22;19.0;3.22;19.0;3.27;20.0;3.24;39.0;1
2314201110202;3990;11;8;184;5;3.22;19.0;3.22;19.0;3.1;20.0;3.16;39.0;1
2314201110203;4070;11;13;187;5;3.11;19.0;3.11;19.0;3.24;20.0;3.17;39.0;1
2314201110204;4081;11;8;347;5;3.36;19.0;3.36;19.0;3.23;20.0;3.29;39.0;1
2314201110205;4154;11;8;427;5;3.19;19.0;3.19;19.0;3.3;20.0;3.25;39.0;1
2314201110206;4176;11;8;367;5;3.11;19.0;3.11;19.0;3.4;20.0;3.25;39.0;1
2314201110207;4204;11;14;101;5;3.89;19.0;3.89;19.0;3.86;20.0;3.88;39.0;1
2314201110208;4231;11;13;70;5;3.89;19.0;3.89;19.0;3.86;20.0;3.88;39.0;1
2314201110209;4280;11;12;175;5;3.11;19.0;3.11;19.0;3.38;20.0;3.25;39.0;1
2314201110210;4285;11;13;379;5;3.73;19.0;3.73;19.0;3.88;20.0;3.81;39.0;1
2314201110218;1098;11;8;18;5;3.22;19.0;3.22;19.0;3.08;20.0;3.15;39.0;1
2314201110219;2621;11;13;514;5;3.26;19.0;3.26;19.0;0.0;0.0;3.26;19.0;1
2314201110225;317;11;12;461;5;3.04;19.0;3.04;19.0;2.85;20.0;2.94;39.0;1
2314201110287;2954;11;8;104;5;3.26;19.0;3.26;19.0;3.29;20.0;3.28;39.0;1
2314201210001;21;11;6;184;6;3.83;24.0;3.83;129.0;3.65;22.0;3.51;151.0;1
2314201210002;175;11;6;184;6;3.89;24.0;3.89;129.0;3.76;22.0;3.5;151.0;1
2314201210003;575;11;6;184;6;3.8;24.0;3.8;129.0;3.85;22.0;3.67;151.0;1
2314201210004;968;11;6;184;6;4.0;24.0;4.0;129.0;3.95;22.0;3.62;151.0;1
2314201210005;1330;11;6;184;6;4.0;24.0;4.0;129.0;3.75;22.0;3.79;151.0;1
2314201210006;1360;11;8;184;0;3.76;24.0;3.76;129.0;3.8;22.0;3.53;151.0;1
2314201210007;1394;11;8;184;0;3.8;24.0;3.31;129.0;3.77;22.0;3.38;151.0;1
2314201210008;1414;11;6;184;6;3.84;24.0;3.84;129.0;3.86;22.0;3.64;151.0;1
2314201210009;1488;11;6;184;6;3.81;24.0;3.32;129.0;3.81;22.0;3.39;151.0;1
2314201210010;1550;11;6;184;6;3.89;24.0;3.89;129.0;3.89;22.0;3.54;151.0;1
2314201210011;1555;11;6;184;6;3.98;24.0;3.98;129.0;3.77;22.0;3.8;151.0;1
2314201210012;1614;11;8;184;4;3.89;24.0;3.89;129.0;3.59;22.0;3.48;151.0;1
2314201210013;1813;11;6;184;6;3.93;24.0;3.93;129.0;3.53;22.0;3.43;151.0;1
2314201210014;1887;11;6;184;6;3.96;24.0;3.96;129.0;3.84;22.0;3.61;151.0;1
2314201210015;2201;11;6;184;6;4.0;24.0;4.0;129.0;3.59;22.0;3.55;151.0;1
2314201210016;2316;11;8;184;0;3.83;24.0;3.83;129.0;3.52;22.0;3.51;151.0;1
2314201210017;2755;11;8;184;0;1.33;24.0;1.33;129.0;0.0;0.0;1.33;24.0;0
2314201210018;3069;11;8;184;0;3.75;24.0;3.34;129.0;3.51;22.0;3.36;151.0;1
2314201210019;3079;11;8;184;0;3.53;24.0;3.3;129.0;3.53;22.0;3.34;151.0;1
2314201210020;3493;11;6;184;6;3.84;24.0;3.84;129.0;3.74;22.0;3.45;151.0;1
2314201210021;3484;11;8;184;0;3.76;24.0;3.76;129.0;3.59;22.0;3.41;151.0;1
2314201210022;3572;11;6;184;6;4.0;24.0;4.0;129.0;3.89;22.0;3.8;151.0;1
2314201210023;3855;11;8;3;5;4.0;24.0;4.0;129.0;3.95;22.0;3.62;151.0;1
2314201210024;3876;11;6;184;6;3.89;24.0;3.89;129.0;3.78;22.0;3.55;151.0;1
2314201210025;3904;11;6;184;6;3.98;24.0;3.98;129.0;3.81;22.0;3.65;151.0;1
2314201210026;3913;11;8;184;0;3.98;24.0;3.98;129.0;3.74;22.0;3.55;151.0;1
2314201210027;3937;11;6;184;6;3.95;24.0;3.95;129.0;3.9;22.0;3.53;151.0;1
2314201210028;4017;11;6;184;6;4.0;24.0;4.0;129.0;3.95;22.0;3.74;151.0;1
2314201210029;4027;11;8;184;4;3.9;24.0;3.9;129.0;3.8;22.0;3.56;151.0;1
2314201210030;4062;11;6;184;6;3.91;24.0;3.91;129.0;3.84;22.0;3.55;151.0;1
2314201210031;4125;11;6;184;6;3.88;24.0;3.88;129.0;3.81;22.0;3.63;151.0;1
2314201210032;4173;11;6;184;6;4.0;24.0;4.0;129.0;3.95;22.0;3.64;151.0;1
2314201210033;4178;11;6;184;6;3.67;24.0;3.67;129.0;3.65;22.0;3.52;151.0;1
2314201210034;4239;11;6;184;6;3.81;24.0;3.81;129.0;3.85;22.0;3.71;151.0;1
2314201210035;169;11;8;184;0;3.89;24.0;3.89;129.0;3.82;22.0;3.54;151.0;1
2314201210036;662;11;6;184;6;3.48;24.0;3.48;129.0;3.38;22.0;3.21;151.0;1
2314201210037;909;11;8;184;0;3.55;24.0;3.55;129.0;3.9;22.0;3.5;151.0;1
2314201210038;1003;11;8;184;0;3.91;24.0;3.91;129.0;3.74;22.0;3.67;151.0;1
2314201210039;1291;11;6;184;6;3.85;24.0;3.85;129.0;3.71;22.0;3.67;151.0;1
2314201210040;1332;11;8;184;0;3.79;24.0;3.79;129.0;3.82;22.0;3.6;151.0;1
2314201210041;1412;11;8;184;0;3.48;24.0;3.48;129.0;3.4;22.0;3.15;151.0;1
2314201210042;1452;11;8;184;0;3.79;24.0;3.79;129.0;3.7;22.0;3.55;151.0;1
2314201210044;1576;11;8;184;0;3.95;24.0;3.95;129.0;3.86;22.0;3.62;151.0;1
2314201210045;1600;11;8;184;0;3.9;24.0;3.9;129.0;3.86;22.0;3.59;151.0;1
2314201210046;1629;11;8;184;0;3.85;24.0;3.85;129.0;3.85;22.0;3.57;151.0;1
2314201210047;1909;11;8;184;4;3.55;24.0;3.55;129.0;3.42;22.0;3.28;151.0;1
2314201210048;2130;11;6;184;6;4.0;24.0;4.0;129.0;3.95;22.0;3.61;151.0;1
2314201210049;2356;11;6;184;6;3.91;24.0;3.91;129.0;3.67;22.0;3.52;151.0;1
2314201210050;2599;11;6;184;6;3.86;24.0;3.86;129.0;3.8;22.0;3.79;151.0;1
2314201210051;2814;11;6;184;6;3.81;24.0;3.81;129.0;3.59;22.0;3.62;151.0;1
2314201210052;3045;11;8;184;0;3.64;24.0;3.64;129.0;3.82;22.0;3.55;151.0;1
2314201210053;3075;11;8;184;0;3.85;24.0;3.85;129.0;3.73;22.0;3.58;151.0;1
2314201210054;3371;11;8;184;0;3.72;24.0;3.72;129.0;3.8;22.0;3.57;151.0;1
2314201210055;3502;11;6;184;6;3.9;24.0;3.9;129.0;3.95;22.0;3.57;151.0;1
2314201210056;3617;11;8;184;0;3.78;24.0;3.78;129.0;3.53;22.0;3.2;151.0;1
2314201210057;3650;11;8;184;0;3.22;24.0;3.22;129.0;3.8;22.0;3.31;151.0;1
2314201210058;3801;11;6;184;6;3.86;24.0;3.86;129.0;3.73;22.0;3.76;151.0;1
2314201210059;3850;11;8;184;0;3.73;24.0;3.73;129.0;3.71;22.0;3.49;151.0;1
2314201210060;3856;11;6;184;6;3.89;24.0;3.89;129.0;3.78;22.0;3.71;151.0;1
2314201210061;3866;11;8;184;0;3.96;24.0;3.96;129.0;3.85;22.0;3.71;151.0;1
2314201210062;3894;11;8;184;0;3.84;24.0;3.84;129.0;3.8;22.0;3.57;151.0;1
2314201210063;3902;11;13;184;3;3.61;24.0;3.61;129.0;3.62;22.0;3.26;151.0;1
2314201210064;3918;11;6;184;6;3.84;24.0;3.84;129.0;3.85;22.0;3.58;151.0;1
2314201210065;4036;11;8;184;0;3.93;24.0;3.93;129.0;3.82;22.0;3.58;151.0;1
2314201210066;4059;11;6;184;6;3.83;24.0;3.83;129.0;3.75;22.0;3.44;151.0;1
2314201210067;4104;11;6;184;6;3.84;24.0;3.84;129.0;3.84;22.0;3.69;151.0;1
2314201210068;4109;11;8;184;0;3.9;24.0;3.9;129.0;3.82;22.0;3.55;151.0;1
2314201210069;4132;11;8;184;0;3.56;24.0;3.56;129.0;3.81;22.0;3.55;151.0;1
2314201210070;4167;11;6;184;6;3.94;24.0;3.94;129.0;3.9;22.0;3.6;151.0;1
2314201210071;4275;11;6;184;6;3.89;24.0;3.89;129.0;3.69;22.0;3.7;151.0;1
2314201210072;4290;11;8;184;0;3.81;24.0;3.81;129.0;3.6;22.0;3.47;151.0;1
2314201210211;1656;11;12;499;5;3.49;24.0;3.49;105.0;3.62;24.0;3.56;48.0;1
2314201210212;2157;11;12;167;5;3.42;24.0;3.42;105.0;0.84;24.0;2.13;48.0;0
2314201210213;3374;11;8;164;5;3.32;24.0;3.32;105.0;3.75;24.0;3.53;48.0;1
2314201210214;3787;11;12;518;5;3.43;24.0;3.43;105.0;3.52;24.0;3.47;48.0;1
2314201210215;3941;11;8;1;5;3.41;24.0;3.41;129.0;3.78;22.0;3.59;151.0;1
2314201210216;4226;11;8;166;5;3.61;24.0;3.61;105.0;3.79;24.0;3.7;48.0;1
2314201210217;4287;11;8;518;5;3.34;24.0;3.34;105.0;3.52;24.0;3.43;48.0;1
2314201210220;3378;11;12;165;5;3.12;24.0;3.12;105.0;3.03;24.0;3.07;48.0;1
2314201210221;3368;11;8;500;5;3.43;24.0;3.43;105.0;3.38;24.0;3.4;48.0;1
2314201210222;3171;11;8;184;2;3.56;24.0;3.56;105.0;3.3;24.0;3.43;48.0;1
2314201210223;1036;11;13;184;2;3.54;24.0;3.54;105.0;3.58;24.0;3.56;48.0;1
2314201210224;1383;11;12;184;2;3.52;24.0;3.52;105.0;3.58;24.0;3.55;48.0;1
2314201210226;7;11;8;184;4;3.74;24.0;3.74;129.0;2.88;22.0;3.33;46.0;1
2314201210227;220;11;8;184;0;3.91;24.0;3.91;129.0;3.85;22.0;3.54;151.0;1
2314201210228;309;11;6;184;6;3.84;24.0;3.84;129.0;3.7;22.0;3.5;151.0;1
2314201210229;385;11;8;184;0;3.88;24.0;3.88;129.0;3.81;22.0;3.51;151.0;1
2314201210230;477;11;6;184;6;3.27;24.0;3.27;129.0;3.56;22.0;3.31;151.0;1
2314201210231;480;11;6;184;6;3.25;24.0;3.25;129.0;3.55;22.0;3.32;151.0;1
2314201210232;562;11;6;184;6;3.8;24.0;3.8;129.0;3.63;22.0;3.42;151.0;1
2314201210233;652;11;6;184;6;3.8;24.0;3.8;129.0;3.74;22.0;3.55;151.0;1
2314201210234;695;11;6;184;6;3.62;24.0;3.62;129.0;3.67;22.0;3.49;151.0;1
2314201210235;924;11;6;184;6;3.86;24.0;3.86;129.0;3.7;22.0;3.47;151.0;1
2314201210236;979;11;8;184;0;3.29;24.0;3.29;129.0;3.66;22.0;3.5;151.0;1
2314201210237;1042;11;6;184;6;3.98;24.0;3.98;129.0;3.84;22.0;3.57;151.0;1
2314201210238;1185;11;8;184;0;3.95;24.0;3.95;129.0;3.8;22.0;3.66;151.0;1
2314201210239;1040;11;6;184;6;3.81;24.0;3.81;129.0;3.85;22.0;3.51;151.0;1
2314201210240;1443;11;8;184;0;3.38;24.0;3.38;129.0;3.73;22.0;3.39;151.0;1
2314201210241;1483;11;8;184;0;3.68;24.0;3.68;129.0;3.71;22.0;3.45;151.0;1
2314201210242;1557;11;6;184;6;3.88;24.0;3.88;129.0;3.89;22.0;3.51;151.0;1
2314201210243;1615;11;8;184;0;2.87;24.0;3.28;129.0;3.71;22.0;3.5;151.0;1
2314201210244;1634;11;6;184;6;3.33;24.0;3.33;129.0;3.77;22.0;3.41;151.0;1
2314201210245;1678;11;6;184;6;3.31;24.0;3.31;129.0;3.71;22.0;3.52;151.0;1
2314201210246;1718;11;8;184;0;3.16;24.0;3.16;129.0;3.25;22.0;3.41;151.0;1
2314201210247;1809;11;6;184;6;3.93;24.0;3.93;129.0;3.71;22.0;3.5;151.0;1
2314201210248;1958;11;10;184;1;3.9;24.0;3.9;129.0;3.9;22.0;3.53;151.0;1
2314201210249;2462;11;8;184;0;3.83;24.0;3.83;129.0;0.0;0.0;3.82;24.0;1
2314201210250;2733;11;8;184;0;3.56;24.0;3.56;129.0;3.86;22.0;3.46;151.0;1
2314201210251;2844;11;8;184;0;3.81;24.0;3.81;129.0;3.57;22.0;3.46;151.0;1
2314201210252;3052;11;8;184;0;3.44;24.0;3.44;129.0;3.77;22.0;3.58;151.0;1
2314201210253;3210;11;6;184;6;3.75;24.0;3.75;129.0;3.67;22.0;3.39;151.0;1
2314201210254;3226;11;8;184;0;3.9;24.0;3.9;129.0;3.8;22.0;3.66;151.0;1
2314201210255;3605;11;6;184;6;3.6;24.0;3.6;129.0;3.62;22.0;3.53;151.0;1
2314201210256;3623;11;6;184;6;3.76;24.0;3.76;129.0;3.53;22.0;3.4;151.0;1
2314201210257;3760;11;8;184;0;3.69;24.0;3.69;129.0;3.86;22.0;3.63;151.0;1
2314201210258;3862;11;8;184;0;3.91;24.0;3.91;129.0;3.81;22.0;3.53;151.0;1
2314201210259;3893;11;8;184;0;3.9;24.0;3.9;129.0;3.7;22.0;3.43;151.0;1
2314201210260;4033;11;6;184;6;3.76;24.0;3.76;129.0;3.55;22.0;3.41;151.0;1
2314201210261;4065;11;6;184;6;3.6;24.0;3.6;129.0;3.41;22.0;3.49;151.0;1
2314201210262;4199;11;6;184;6;3.55;24.0;3.55;129.0;3.71;22.0;3.55;151.0;1
2314201210263;4211;11;6;184;6;3.96;24.0;3.96;129.0;3.69;22.0;3.56;151.0;1
2314201210264;13;11;6;184;6;3.89;24.0;3.89;129.0;3.74;22.0;3.43;151.0;1
2314201210265;23;11;8;184;0;3.84;24.0;3.84;129.0;3.03;22.0;3.45;46.0;1
2314201210266;548;11;6;184;6;3.88;24.0;3.88;129.0;3.8;22.0;3.55;151.0;1
2314201210267;568;11;8;184;0;3.24;24.0;3.24;129.0;3.38;22.0;3.4;151.0;1
2314201210268;578;11;8;184;0;3.35;24.0;3.35;129.0;3.89;22.0;3.42;151.0;1
2314201210269;776;11;8;184;0;3.56;24.0;3.56;129.0;3.57;22.0;3.42;151.0;1
2314201210270;928;11;8;184;0;3.68;24.0;3.68;129.0;3.75;22.0;3.59;151.0;1
2314201210271;1373;11;8;184;0;3.79;24.0;3.79;129.0;3.81;22.0;3.57;151.0;1
2314201210272;1387;11;6;184;6;4.0;24.0;4.0;129.0;3.8;22.0;3.64;151.0;1
2314201210273;1484;11;8;184;0;3.71;24.0;3.71;129.0;3.8;22.0;3.73;151.0;1
2314201210274;1514;11;8;184;0;3.39;24.0;3.39;129.0;3.95;22.0;3.46;151.0;1
2314201210275;1860;11;6;184;6;3.84;24.0;3.84;129.0;3.86;22.0;3.62;151.0;1
2314201210276;2078;11;6;184;6;3.98;24.0;3.98;129.0;3.89;22.0;3.65;151.0;1
2314201210277;2236;11;8;4;5;3.88;24.0;3.88;129.0;3.8;22.0;3.69;151.0;1
2314201210278;2967;11;8;184;0;0.75;24.0;3.0;129.0;0.0;0.0;0.75;24.0;0
2314201210279;3056;11;8;184;0;3.61;24.0;3.61;129.0;3.85;22.0;3.54;151.0;1
2314201210281;3528;11;8;184;0;3.45;24.0;3.45;129.0;3.85;22.0;3.44;151.0;1
2314201210282;3653;11;6;184;6;3.71;24.0;3.71;129.0;3.7;22.0;3.52;151.0;1
2314201210283;3921;11;8;184;0;3.79;24.0;3.79;24.0;3.81;22.0;3.62;151.0;1
2314201210284;4040;11;8;184;0;3.45;24.0;3.45;24.0;3.85;22.0;3.5;151.0;1
2314201210285;4214;11;6;184;6;3.71;24.0;3.71;24.0;3.85;22.0;3.47;151.0;1
2314201210286;4243;11;6;184;6;4.0;24.0;4.0;129.0;3.8;22.0;3.62;151.0;1
2314201210288;397;11;8;156;5;3.25;24.0;3.25;105.0;3.15;24.0;3.2;48.0;1
2314201210289;4111;11;13;184;2;3.27;24.0;3.27;105.0;3.27;24.0;3.27;48.0;1
2314201210290;448;11;8;184;0;3.5;24.0;3.5;129.0;3.72;22.0;3.35;151.0;1
2314201210291;3963;11;15;183;5;3.62;24.0;3.62;24.0;3.39;24.0;3.51;48.0;1
2314320110001;3;3;13;270;5;3.94;20.0;3.94;20.0;3.9;20.0;3.92;40.0;1
2314320110002;147;3;8;184;3;3.43;20.0;3.43;20.0;3.81;20.0;3.62;40.0;1
2314320110003;224;3;8;33;5;2.58;20.0;2.58;20.0;2.21;20.0;2.4;40.0;0
2314320110004;261;3;8;490;5;3.65;20.0;3.65;20.0;3.78;20.0;3.71;40.0;1
2314320110005;297;3;8;244;5;3.49;20.0;3.49;20.0;3.78;20.0;3.64;40.0;1
2314320110006;298;3;8;317;5;3.48;20.0;3.48;20.0;3.58;20.0;3.53;40.0;1
2314320110007;314;3;13;184;4;3.88;20.0;3.88;20.0;3.91;20.0;3.9;40.0;1
2314320110008;367;3;12;231;5;3.72;20.0;3.72;20.0;3.87;20.0;3.8;40.0;1
2314320110009;410;3;13;49;5;3.58;20.0;3.58;20.0;3.61;20.0;3.6;40.0;1
2314320110010;449;3;15;347;5;3.7;20.0;3.7;20.0;3.75;20.0;3.73;40.0;1
2314320110011;543;3;8;340;5;3.35;20.0;3.35;20.0;3.65;20.0;3.5;40.0;1
2314320110012;574;3;8;436;5;3.78;20.0;3.78;20.0;3.94;20.0;3.86;40.0;1
2314320110013;581;3;8;63;5;3.58;20.0;3.58;20.0;3.78;20.0;3.68;40.0;1
2314320110014;682;3;13;242;5;3.55;20.0;3.55;20.0;3.64;20.0;3.59;40.0;1
2314320110015;703;3;15;432;5;3.68;20.0;3.68;20.0;3.65;20.0;3.67;40.0;1
2314320110016;863;3;13;336;5;3.45;20.0;3.45;20.0;3.67;20.0;3.56;40.0;1
2314320110018;1043;3;13;282;5;3.32;20.0;3.32;20.0;3.67;20.0;3.49;40.0;1
2314320110019;1128;3;8;70;5;3.51;20.0;3.51;20.0;3.21;20.0;3.36;40.0;1
2314320110020;1190;3;13;319;5;3.58;20.0;3.58;20.0;3.9;20.0;3.74;40.0;1
2314320110021;1245;3;13;239;5;3.61;20.0;3.61;20.0;3.83;20.0;3.72;40.0;1
2314320110022;1352;3;15;88;5;3.65;20.0;3.65;20.0;3.82;20.0;3.74;40.0;1
2314320110023;1413;3;8;36;5;3.82;20.0;3.82;20.0;3.81;20.0;3.81;40.0;1
2314320110024;1448;3;8;139;5;3.32;20.0;3.32;20.0;3.64;20.0;3.48;40.0;1
2314320110025;1451;3;8;184;4;3.42;20.0;3.42;20.0;3.76;20.0;3.59;40.0;1
2314320110026;1494;3;8;377;5;3.88;20.0;3.88;20.0;3.88;20.0;3.88;40.0;1
2314320110027;1504;3;8;16;5;3.52;20.0;3.52;20.0;3.47;20.0;3.5;40.0;1
2314320110028;1517;3;8;99;5;3.62;20.0;3.62;20.0;3.91;20.0;3.76;40.0;1
2314320110029;1556;3;14;328;5;3.35;20.0;3.35;20.0;3.83;20.0;3.59;40.0;1
2314320110030;1584;3;8;65;5;3.59;20.0;3.59;20.0;3.78;20.0;3.69;40.0;1
2314320110031;1651;3;12;417;5;3.25;20.0;3.25;20.0;0.0;0.0;3.25;20.0;1
2314320110032;1797;3;8;184;0;3.46;20.0;3.46;20.0;3.65;20.0;3.55;40.0;1
2314320110033;1851;3;8;184;0;3.38;20.0;3.38;20.0;3.54;20.0;3.46;40.0;1
2314320110034;1932;3;15;94;5;3.56;20.0;3.56;20.0;3.76;20.0;3.66;40.0;1
2314320110035;1933;3;15;360;5;3.61;20.0;3.61;20.0;3.81;20.0;3.71;40.0;1
2314320110036;1970;3;15;263;5;3.43;20.0;3.43;20.0;3.72;20.0;3.58;40.0;1
2314320110037;1975;3;12;420;5;3.46;20.0;3.46;20.0;3.81;18.0;3.62;38.0;1
2314320110038;1992;3;15;142;5;3.78;20.0;3.78;20.0;3.76;20.0;3.77;40.0;1
2314320110039;2126;3;8;2;5;2.9;20.0;2.9;20.0;3.51;20.0;3.2;40.0;1
2314320110040;2135;3;13;50;5;3.74;20.0;3.74;20.0;3.85;20.0;3.8;40.0;1
2314320110041;2166;3;8;483;5;3.58;20.0;3.58;20.0;3.87;20.0;3.73;40.0;1
2314320110042;2173;3;12;410;5;3.56;20.0;3.56;20.0;3.13;20.0;3.34;40.0;1
2314320110043;2220;3;14;71;5;3.35;20.0;3.35;20.0;3.65;20.0;3.5;40.0;1
2314320110044;2235;3;13;184;2;3.64;20.0;3.64;20.0;3.42;20.0;3.53;40.0;1
2314320110046;2250;3;8;125;5;3.44;20.0;3.44;20.0;3.69;20.0;3.56;40.0;1
2314320110047;2253;3;8;151;5;3.64;20.0;3.64;20.0;3.63;20.0;3.64;40.0;1
2314320110048;2256;3;8;67;5;3.52;20.0;3.52;20.0;3.58;20.0;3.55;40.0;1
2314320110049;2262;3;8;531;5;3.2;20.0;3.2;20.0;0.0;0.0;3.2;20.0;1
2314320110050;2295;3;8;16;5;3.0;20.0;3.0;20.0;2.91;20.0;2.95;40.0;1
2314320110051;2304;3;8;184;0;3.35;20.0;3.35;20.0;3.76;20.0;3.56;40.0;1
2314320110052;2317;3;8;398;5;3.45;20.0;3.45;20.0;3.71;20.0;3.58;40.0;1
2314320110053;2393;3;8;184;4;3.54;20.0;3.54;20.0;3.85;20.0;3.7;40.0;1
2314320110055;2423;3;14;53;5;3.68;20.0;3.68;20.0;3.83;20.0;3.75;40.0;1
2314320110056;2430;3;8;82;5;3.71;20.0;3.71;20.0;3.74;20.0;3.72;40.0;1
2314320110057;2461;3;8;184;2;3.5;20.0;3.5;20.0;3.67;20.0;3.59;40.0;1
2314320110058;2520;3;8;359;5;3.68;20.0;3.68;20.0;3.67;20.0;3.68;40.0;1
2314320110059;2538;3;8;136;5;3.29;20.0;3.29;20.0;3.74;20.0;3.51;40.0;1
2314320110060;2584;3;15;71;5;3.84;20.0;3.84;20.0;3.9;20.0;3.87;40.0;1
2314320110062;2608;3;8;307;5;3.62;20.0;3.62;20.0;3.67;20.0;3.65;40.0;1
2314320110063;2635;3;13;72;5;3.58;20.0;3.58;20.0;3.88;20.0;3.73;40.0;1
2314320110064;2689;3;13;196;5;3.94;20.0;3.94;20.0;3.87;20.0;3.9;40.0;1
2314320110065;2792;3;8;197;5;3.26;20.0;3.26;20.0;3.69;20.0;3.48;40.0;1
2314320110066;2910;3;8;456;5;2.16;20.0;2.16;20.0;3.26;20.0;2.71;40.0;0
2314320110067;2929;3;13;201;5;3.67;20.0;3.67;20.0;3.67;20.0;3.67;40.0;1
2314320110068;2992;3;13;349;5;3.68;20.0;3.68;20.0;3.84;20.0;3.76;40.0;1
2314320110069;2993;3;13;349;5;3.74;20.0;3.74;20.0;3.87;20.0;3.8;40.0;1
2314320110070;3085;3;13;184;5;3.43;20.0;3.43;20.0;3.83;20.0;3.63;40.0;1
2314320110071;3116;3;8;195;5;3.84;20.0;3.84;20.0;3.84;20.0;3.84;40.0;1
2314320110072;3172;3;8;246;5;3.72;20.0;3.72;20.0;3.9;20.0;3.81;40.0;1
2314320110073;3264;3;13;259;5;3.49;20.0;3.49;20.0;3.8;20.0;3.65;40.0;1
2314320110074;3343;3;8;328;5;3.39;20.0;3.39;20.0;3.77;20.0;3.58;40.0;1
2314320110075;3381;3;8;530;5;3.62;20.0;3.62;20.0;3.57;20.0;3.6;40.0;1
2314320110076;3479;3;13;285;5;3.87;20.0;3.87;20.0;3.9;20.0;3.89;40.0;1
2314320110077;3492;3;14;184;2;3.64;20.0;3.64;20.0;3.8;20.0;3.72;40.0;1
2314320110078;3494;3;13;119;5;3.71;20.0;3.71;20.0;3.69;20.0;3.7;40.0;1
2314320110079;3640;3;8;365;5;3.55;20.0;3.55;20.0;3.38;20.0;3.46;40.0;1
2314320110080;3654;3;13;262;5;3.55;20.0;3.55;20.0;3.66;20.0;3.6;40.0;1
2314320110081;3716;3;15;184;2;3.55;20.0;3.55;20.0;3.78;20.0;3.67;40.0;1
2314320110082;3724;3;8;336;5;3.78;20.0;3.78;20.0;3.8;20.0;3.79;40.0;1
2314320110083;3807;3;13;402;5;3.74;20.0;3.74;20.0;3.88;20.0;3.81;40.0;1
2314320110084;3811;3;13;97;5;3.67;20.0;3.67;20.0;3.76;20.0;3.71;40.0;1
2314320110085;3854;3;8;273;5;3.63;20.0;3.63;20.0;3.7;20.0;3.67;40.0;1
2314320110086;4053;3;15;238;5;3.69;20.0;3.69;20.0;3.85;20.0;3.77;40.0;1
2314320110087;4058;3;12;43;5;3.58;20.0;3.58;20.0;3.91;20.0;3.75;40.0;1
2314320110088;4134;3;8;136;5;2.85;20.0;2.85;20.0;2.37;20.0;2.61;40.0;0
2314320110089;4147;3;12;394;5;3.94;20.0;3.94;20.0;3.94;20.0;3.94;40.0;1
2314320110090;4225;3;13;254;5;3.71;20.0;3.71;20.0;0.0;0.0;3.71;20.0;1
2314320110091;4262;3;8;227;5;3.25;20.0;3.25;20.0;3.74;20.0;3.49;40.0;1
2314320110092;2296;3;8;31;5;3.65;20.0;3.65;20.0;3.86;20.0;3.76;40.0;1
2314320110093;2439;3;8;64;5;3.87;20.0;3.87;20.0;3.91;20.0;3.89;40.0;1
2314320110094;4060;3;8;424;5;3.59;20.0;3.59;20.0;3.67;20.0;3.63;40.0;1
2314320110095;1967;3;13;429;5;3.64;20.0;3.64;20.0;3.8;20.0;3.72;40.0;1
2314320110096;2458;3;12;35;5;3.81;20.0;3.81;20.0;3.86;20.0;3.84;40.0;1
2314401110001;231;2;8;408;5;3.82;20.0;3.82;20.0;3.82;18.0;3.82;38.0;1
2314401110002;1176;2;13;256;5;3.88;20.0;3.88;20.0;3.82;18.0;3.85;38.0;1
2314401110003;2186;2;8;44;5;3.81;20.0;3.81;20.0;3.86;18.0;3.83;38.0;1
2314401110004;2497;2;13;84;5;3.88;20.0;3.88;20.0;3.81;18.0;3.84;38.0;1
2314401110005;2862;2;8;502;5;3.43;20.0;3.43;20.0;3.64;18.0;3.53;38.0;1
2314401110006;3985;2;13;376;5;3.88;20.0;3.88;20.0;3.82;18.0;3.85;38.0;1
2314401110007;304;2;8;56;5;3.6;20.0;3.6;20.0;3.53;18.0;3.57;38.0;1
2314401110008;487;2;8;184;5;3.4;20.0;3.4;20.0;3.73;18.0;3.56;38.0;1
2314401110009;632;2;14;69;5;3.54;20.0;3.54;20.0;3.73;18.0;3.63;38.0;1
2314401110010;677;2;8;251;5;3.44;20.0;3.44;20.0;3.56;18.0;3.5;38.0;1
2314401110011;1260;2;12;411;5;3.68;20.0;3.68;20.0;3.86;18.0;3.76;38.0;1
2314401110012;1987;2;8;123;5;3.41;20.0;3.41;20.0;3.61;18.0;3.51;38.0;1
2314401110013;2064;2;8;305;5;3.94;20.0;3.94;20.0;3.9;18.0;3.92;38.0;1
2314401110014;2245;2;12;54;5;3.23;20.0;3.23;20.0;3.3;18.0;3.26;38.0;1
2314401110015;2534;2;8;12;5;3.75;20.0;3.75;20.0;3.69;18.0;3.72;38.0;1
2314401110016;2573;2;14;57;5;3.49;20.0;3.49;20.0;3.61;18.0;3.55;38.0;1
2314401110017;2772;2;13;257;5;3.91;20.0;3.91;20.0;3.82;18.0;3.87;38.0;1
2314401110018;2889;2;8;184;0;3.49;20.0;3.49;20.0;3.72;18.0;3.6;38.0;1
2314401110019;2997;2;8;181;5;3.16;20.0;3.16;20.0;3.48;18.0;3.31;38.0;1
2314401110020;3376;2;8;132;5;3.66;20.0;3.66;20.0;3.64;18.0;3.65;38.0;1
2314401110021;3414;2;14;102;5;3.2;20.0;3.2;20.0;3.44;18.0;3.32;38.0;1
2314401110022;4101;2;8;333;5;3.6;20.0;3.6;20.0;3.64;18.0;3.62;38.0;1
2314401110023;4113;2;8;11;5;3.5;20.0;3.5;20.0;3.69;18.0;3.59;38.0;1
2314901110001;39;6;2;184;1;3.56;19.0;3.56;19.0;3.72;17.0;3.63;36.0;1
2314901110002;50;6;8;184;1;3.49;19.0;3.49;19.0;3.54;17.0;3.51;36.0;1
2314901110003;95;6;8;184;1;3.41;19.0;3.41;19.0;3.74;17.0;3.56;36.0;1
2314901110004;112;6;8;184;1;3.43;19.0;3.43;19.0;3.7;17.0;3.56;36.0;1
2314901110005;194;6;3;184;1;3.45;19.0;3.45;19.0;3.63;17.0;3.53;36.0;1
2314901110006;324;6;8;184;1;3.4;19.0;3.4;19.0;3.61;14.0;3.49;33.0;1
2314901110007;325;6;10;184;1;3.62;19.0;3.62;19.0;3.89;17.0;3.75;36.0;1
2314901110008;355;6;8;184;0;3.43;19.0;3.43;19.0;3.72;17.0;3.57;36.0;1
2314901110009;369;6;4;184;1;3.56;19.0;3.56;19.0;3.63;17.0;3.59;36.0;1
2314901110010;434;6;4;184;1;3.72;19.0;3.72;19.0;3.95;17.0;3.82;36.0;1
2314901110011;471;6;10;184;1;3.61;19.0;3.61;19.0;3.82;17.0;3.71;36.0;1
2314901110012;565;6;4;184;1;3.73;19.0;3.73;19.0;3.82;17.0;3.78;36.0;1
2314901110013;608;6;8;184;1;3.61;19.0;3.61;19.0;3.79;17.0;3.69;36.0;1
2314901110014;640;6;5;184;1;3.45;19.0;3.45;19.0;3.77;17.0;3.6;36.0;1
2314901110015;706;6;2;184;1;3.4;19.0;3.4;19.0;3.68;17.0;3.53;36.0;1
2314901110016;801;6;8;184;1;3.45;19.0;3.45;19.0;3.75;17.0;3.59;36.0;1
2314901110017;914;6;5;184;1;3.28;19.0;3.28;19.0;3.75;17.0;3.5;36.0;1
2314901110018;916;6;2;184;1;3.68;19.0;3.68;19.0;3.74;17.0;3.71;36.0;1
2314901110019;951;6;4;184;1;3.62;19.0;3.62;19.0;3.89;17.0;3.75;36.0;1
2314901110020;1010;6;4;184;1;3.43;19.0;3.43;19.0;3.58;17.0;3.5;36.0;1
2314901110021;1093;6;4;184;1;3.61;19.0;3.61;19.0;3.58;17.0;3.59;36.0;1
2314901110022;1200;6;10;184;1;3.24;19.0;3.24;19.0;3.81;17.0;3.51;36.0;1
2314901110024;1231;6;4;184;1;3.61;19.0;3.61;19.0;3.79;17.0;3.69;36.0;1
2314901110025;1415;6;2;184;1;3.49;19.0;3.49;19.0;3.86;17.0;3.67;36.0;1
2314901110026;1482;6;2;184;1;3.23;19.0;3.23;19.0;3.79;17.0;3.49;36.0;1
2314901110027;1700;6;10;184;1;3.49;19.0;3.49;19.0;3.68;17.0;3.58;36.0;1
2314901110028;1712;6;10;184;1;3.53;19.0;3.53;19.0;3.72;17.0;3.62;36.0;1
2314901110029;1733;6;8;184;0;3.43;19.0;3.43;19.0;3.75;17.0;3.58;36.0;1
2314901110030;1799;6;8;184;1;3.75;19.0;3.75;19.0;3.82;17.0;3.78;36.0;1
2314901110031;1842;6;2;184;1;3.54;19.0;3.54;19.0;3.74;17.0;3.63;36.0;1
2314901110032;1923;6;8;184;1;3.64;19.0;3.64;19.0;3.79;17.0;3.71;36.0;1
2314901110033;1929;6;4;184;1;3.15;19.0;3.15;19.0;3.77;17.0;3.44;36.0;1
2314901110034;1960;6;8;184;1;3.53;19.0;3.53;19.0;3.72;17.0;3.62;36.0;1
2314901110035;2024;6;2;184;1;3.65;19.0;3.65;19.0;3.57;17.0;3.61;36.0;1
2314901110036;2242;6;2;184;1;3.53;19.0;3.53;19.0;3.68;17.0;3.6;36.0;1
2314901110037;2454;6;10;184;1;3.57;19.0;3.57;19.0;3.63;17.0;3.6;36.0;1
2314901110038;2485;6;5;184;1;3.36;19.0;3.36;19.0;3.68;17.0;3.51;36.0;1
2314901110039;2537;6;10;184;1;3.53;19.0;3.53;19.0;3.56;17.0;3.54;36.0;1
2314901110040;2592;6;8;184;1;3.65;19.0;3.65;19.0;3.77;17.0;3.71;36.0;1
2314901110041;2654;6;10;184;1;3.29;19.0;3.29;19.0;3.7;17.0;3.49;36.0;1
2314901110042;2727;6;4;184;1;3.43;19.0;3.43;19.0;3.74;17.0;3.57;36.0;1
2314901110043;2823;6;8;184;3;3.61;19.0;3.61;19.0;3.79;17.0;3.69;36.0;1
2314901110044;2914;6;8;184;0;3.43;19.0;3.43;19.0;3.74;17.0;3.57;36.0;1
2314901110045;2933;6;2;184;1;3.65;19.0;3.65;19.0;3.75;17.0;3.7;36.0;1
2314901110046;2987;6;10;184;1;3.29;19.0;3.29;19.0;3.66;17.0;3.47;36.0;1
2314901110047;2995;6;2;184;1;3.34;19.0;3.34;19.0;3.79;17.0;3.55;36.0;1
2314901110048;3029;6;8;184;1;3.65;19.0;3.65;19.0;3.86;17.0;3.75;36.0;1
2314901110049;3032;6;8;184;1;3.4;19.0;3.4;19.0;3.61;17.0;3.5;36.0;1
2314901110050;3041;6;4;184;1;3.73;19.0;3.73;19.0;3.79;17.0;3.76;36.0;1
2314901110051;3175;6;4;184;1;3.42;19.0;3.42;19.0;3.75;17.0;3.57;36.0;1
2314901110052;3216;6;8;184;1;3.78;19.0;3.78;19.0;3.74;17.0;3.76;36.0;1
2314901110053;3299;6;8;184;1;3.38;19.0;3.38;19.0;3.79;17.0;3.57;36.0;1
2314901110054;3365;6;4;184;1;3.54;19.0;3.54;19.0;3.79;17.0;3.66;36.0;1
2314901110055;3406;6;8;184;1;3.56;19.0;3.56;19.0;3.54;17.0;3.55;36.0;1
2314901110056;3507;6;10;184;1;3.4;19.0;3.4;19.0;3.59;17.0;3.49;36.0;1
2314901110057;3604;6;10;184;1;3.56;19.0;3.56;19.0;3.84;17.0;3.69;36.0;1
2314901110058;3609;6;8;184;1;3.49;19.0;3.49;19.0;3.63;17.0;3.56;36.0;1
2314901110059;3637;6;4;184;1;3.65;19.0;3.65;19.0;3.84;17.0;3.74;36.0;1
2314901110060;3660;6;4;184;1;3.75;19.0;3.75;19.0;3.89;17.0;3.82;36.0;1
2314901110061;3704;6;10;184;1;3.56;19.0;3.56;19.0;3.74;17.0;3.64;36.0;1
2314901110062;3826;6;10;184;1;3.65;19.0;3.65;19.0;3.79;17.0;3.72;36.0;1
2314901110063;3935;6;8;184;1;3.49;19.0;3.49;19.0;3.74;17.0;3.61;36.0;1
2314901110064;4131;6;8;184;1;3.4;19.0;3.4;19.0;3.59;14.0;3.48;33.0;1
2314901110065;4155;6;8;184;1;3.54;19.0;3.54;19.0;3.72;17.0;3.63;36.0;1
2314901110066;4249;6;8;184;1;3.48;19.0;3.48;19.0;3.79;17.0;3.63;36.0;1
2314901110067;4309;6;4;184;1;3.4;19.0;3.4;19.0;3.63;17.0;3.51;36.0;1
2314901110083;705;6;8;184;0;3.7;19.0;3.7;19.0;3.75;17.0;3.72;36.0;1
2314901110227;444;6;8;184;0;0.0;20.35910878112713;3.443432379287743;0.0;3.7;19.0;3.7;19.0;1
2314901110228;637;6;8;184;6;0.0;20.35910878112713;3.443432379287743;0.0;3.49;19.0;3.49;19.0;1
2314901110229;3022;6;8;184;0;0.0;20.35910878112713;3.443432379287743;0.0;3.65;19.0;3.65;19.0;1
2314901110230;3198;6;10;184;1;0.0;20.35910878112713;3.443432379287743;0.0;3.83;19.0;3.83;19.0;1
2314901110231;3451;6;8;184;0;0.0;20.35910878112713;3.443432379287743;0.0;3.67;19.0;3.67;19.0;1
2314901110243;1702;6;8;184;1;0.0;20.35910878112713;3.443432379287743;0.0;3.54;19.0;3.54;19.0;1
2314901210068;14;6;8;184;4;3.59;19.0;3.59;19.0;3.91;17.0;3.74;36.0;1
2314901210069;63;6;8;184;4;3.78;19.0;3.78;19.0;3.75;17.0;3.77;36.0;1
2314901210070;143;6;8;184;4;3.95;19.0;3.95;19.0;3.72;17.0;3.84;36.0;1
2314901210071;186;6;15;184;4;3.78;19.0;3.78;19.0;3.65;17.0;3.72;36.0;1
2314901210072;212;6;8;184;4;3.97;19.0;3.97;19.0;3.68;17.0;3.83;36.0;1
2314901210073;260;6;8;184;4;3.83;19.0;3.83;19.0;4.0;17.0;3.91;36.0;1
2314901210074;340;6;15;184;4;3.75;19.0;3.75;19.0;3.79;17.0;3.77;36.0;1
2314901210075;374;6;15;184;4;3.95;19.0;3.95;19.0;3.58;17.0;3.78;36.0;1
2314901210076;481;6;8;184;4;3.75;19.0;3.75;19.0;3.96;17.0;3.85;36.0;1
2314901210077;498;6;2;184;3;3.45;19.0;3.45;19.0;3.81;17.0;3.62;36.0;1
2314901210078;549;6;8;184;4;3.92;19.0;3.92;19.0;3.82;17.0;3.88;36.0;1
2314901210079;559;6;8;184;3;3.79;19.0;3.79;19.0;3.54;17.0;3.68;36.0;1
2314901210080;600;6;8;184;4;3.75;19.0;3.75;19.0;3.84;17.0;3.79;36.0;1
2314901210081;631;6;8;184;4;3.75;19.0;3.75;19.0;3.89;17.0;3.82;36.0;1
2314901210082;704;6;15;184;4;3.75;19.0;3.75;19.0;3.89;17.0;3.82;36.0;1
2314901210084;715;6;8;184;4;3.75;19.0;3.75;19.0;3.75;17.0;3.75;36.0;1
2314901210085;741;6;8;184;4;3.53;19.0;3.53;19.0;3.88;17.0;3.69;36.0;1
2314901210086;748;6;8;184;4;3.92;19.0;3.92;19.0;3.63;17.0;3.78;36.0;1
2314901210087;786;6;8;184;4;3.65;19.0;3.65;19.0;3.88;17.0;3.76;36.0;1
2314901210088;892;6;8;184;4;3.7;19.0;3.7;19.0;3.86;17.0;3.78;36.0;1
2314901210089;911;6;8;184;4;3.97;19.0;3.97;19.0;3.68;17.0;3.83;36.0;1
2314901210090;921;6;8;184;4;3.73;19.0;3.73;19.0;3.68;17.0;3.71;36.0;1
2314901210091;929;6;8;184;4;3.75;19.0;3.75;19.0;3.82;17.0;3.78;36.0;1
2314901210092;976;6;13;184;4;3.65;19.0;3.65;19.0;3.75;17.0;3.7;36.0;1
2314901210093;1020;6;8;184;4;3.92;19.0;3.92;19.0;3.58;17.0;3.76;36.0;1
2314901210094;1023;6;13;184;4;2.22;19.0;2.22;19.0;0.0;0.0;2.22;19.0;0
2314901210095;1030;6;8;184;4;3.83;19.0;3.83;19.0;4.0;17.0;3.91;36.0;1
2314901210096;1051;6;13;184;4;3.75;19.0;3.75;19.0;3.81;17.0;3.78;36.0;1
2314901210097;1072;6;8;184;0;3.49;19.0;3.49;19.0;3.86;17.0;3.67;36.0;1
2314901210098;1086;6;13;184;4;3.92;19.0;3.92;19.0;3.89;17.0;3.91;36.0;1
2314901210099;1097;6;8;184;4;4.0;19.0;4.0;19.0;3.81;17.0;3.91;36.0;1
2314901210100;1099;6;14;184;4;3.7;19.0;3.7;19.0;3.84;17.0;3.77;36.0;1
2314901210101;1125;6;8;184;4;3.75;19.0;3.75;19.0;3.96;17.0;3.85;36.0;1
2314901210102;1138;6;8;184;4;3.75;19.0;3.75;19.0;3.68;17.0;3.72;36.0;1
2314901210103;1154;6;8;184;4;3.67;19.0;3.67;19.0;3.86;17.0;3.76;36.0;1
2314901210104;1155;6;15;184;4;3.97;19.0;3.97;19.0;3.91;17.0;3.94;36.0;1
2314901210105;1187;6;15;184;4;3.62;19.0;3.62;19.0;3.88;17.0;3.74;36.0;1
2314901210106;1252;6;8;184;4;3.87;19.0;3.87;19.0;3.96;17.0;3.92;36.0;1
2314901210107;1289;6;8;184;4;3.73;19.0;3.73;19.0;3.68;17.0;3.71;36.0;1
2314901210108;1306;6;15;184;4;3.75;19.0;3.75;19.0;3.82;17.0;3.78;36.0;1
2314901210109;1312;6;15;184;4;3.73;19.0;3.73;19.0;3.84;17.0;3.78;36.0;1
2314901210110;1322;6;8;184;4;3.92;19.0;3.92;19.0;3.68;17.0;3.81;36.0;1
2314901210111;1341;6;8;184;5;3.75;19.0;3.75;19.0;3.84;17.0;3.79;36.0;1
2314901210112;1365;6;8;184;4;3.75;19.0;3.75;19.0;3.91;17.0;3.82;36.0;1
2314901210113;1375;6;15;184;4;3.87;19.0;3.87;19.0;3.77;17.0;3.82;36.0;1
2314901210114;1377;6;13;184;2;3.53;19.0;3.53;19.0;3.89;17.0;3.7;36.0;1
2314901210115;1392;6;13;184;4;0.39;19.0;0.39;19.0;0.0;0.0;0.39;19.0;0
2314901210116;1393;6;13;184;4;3.7;19.0;3.7;19.0;3.75;17.0;3.72;36.0;1
2314901210117;1399;6;8;184;4;3.67;19.0;3.67;19.0;3.86;17.0;3.76;36.0;1
2314901210118;1431;6;8;184;4;3.79;19.0;3.79;19.0;3.63;17.0;3.72;36.0;1
2314901210119;1440;6;8;184;4;3.97;19.0;3.97;19.0;3.82;17.0;3.9;36.0;1
2314901210120;1446;6;13;184;4;3.7;19.0;3.7;19.0;3.86;17.0;3.78;36.0;1
2314901210121;1460;6;8;184;4;3.7;19.0;3.7;19.0;3.79;17.0;3.74;36.0;1
2314901210122;1471;6;8;184;4;3.73;19.0;3.73;19.0;3.75;17.0;3.74;36.0;1
2314901210123;1513;6;13;184;4;3.54;19.0;3.54;19.0;3.84;17.0;3.68;36.0;1
2314901210124;1530;6;13;184;3;3.62;19.0;3.62;19.0;3.88;17.0;3.74;36.0;1
2314901210125;1540;6;13;184;3;3.92;19.0;3.92;19.0;3.86;17.0;3.89;36.0;1
2314901210126;1567;6;10;184;1;3.92;19.0;3.92;19.0;3.68;17.0;3.81;36.0;1
2314901210128;1648;6;8;184;1;3.79;19.0;3.79;19.0;3.68;17.0;3.74;36.0;1
2314901210129;1671;6;8;184;4;3.79;19.0;3.79;19.0;4.0;17.0;3.89;36.0;1
2314901210130;1713;6;8;184;4;3.87;19.0;3.87;19.0;4.0;17.0;3.93;36.0;1
2314901210131;1716;6;8;184;4;3.79;19.0;3.79;19.0;4.0;17.0;3.89;36.0;1
2314901210132;1717;6;13;184;4;3.92;19.0;3.92;19.0;3.77;17.0;3.85;36.0;1
2314901210133;1737;6;8;184;4;3.89;19.0;3.89;19.0;3.84;17.0;3.87;36.0;1
2314901210134;1743;6;14;184;4;3.72;19.0;3.72;19.0;3.72;17.0;3.72;36.0;1
2314901210135;1856;6;8;184;0;3.78;19.0;3.78;19.0;3.79;17.0;3.78;36.0;1
2314901210136;1868;6;13;184;4;3.73;19.0;3.73;19.0;3.72;17.0;3.72;36.0;1
2314901210137;1891;6;8;184;4;3.78;19.0;3.78;19.0;3.86;17.0;3.82;36.0;1
2314901210138;1903;6;8;184;4;3.79;19.0;3.79;19.0;3.59;17.0;3.7;36.0;1
2314901210139;1909;6;8;184;4;3.79;19.0;3.79;19.0;3.74;17.0;3.77;36.0;1
2314901210140;1941;6;8;184;4;3.73;19.0;3.73;19.0;3.74;17.0;3.73;36.0;1
2314901210141;2037;6;13;184;4;3.76;19.0;3.76;19.0;3.68;17.0;3.72;36.0;1
2314901210142;2129;6;8;184;4;3.7;19.0;3.7;19.0;3.74;17.0;3.72;36.0;1
2314901210143;2145;6;8;184;3;3.97;19.0;3.97;19.0;3.81;17.0;3.89;36.0;1
2314901210144;2301;6;8;184;4;3.84;19.0;3.84;19.0;3.93;17.0;3.88;36.0;1
2314901210145;2365;6;13;184;4;3.7;19.0;3.7;19.0;3.66;17.0;3.68;36.0;1
2314901210146;2437;6;8;184;4;3.57;19.0;3.57;19.0;3.88;17.0;3.72;36.0;1
2314901210147;2450;6;8;184;4;3.57;19.0;3.57;19.0;3.91;17.0;3.73;36.0;1
2314901210148;2475;6;8;184;4;3.7;19.0;3.7;19.0;3.79;17.0;3.74;36.0;1
2314901210149;2484;6;8;184;4;3.72;19.0;3.72;19.0;3.88;17.0;3.79;36.0;1
2314901210150;2504;6;13;184;4;3.7;19.0;3.7;19.0;3.88;17.0;3.78;36.0;1
2314901210151;2549;6;14;184;4;3.79;19.0;3.79;19.0;3.96;17.0;3.88;36.0;1
2314901210152;2572;6;13;184;4;3.7;19.0;3.7;19.0;3.84;17.0;3.77;36.0;1
2314901210153;2589;6;8;184;4;3.79;19.0;3.79;19.0;3.66;17.0;3.73;36.0;1
2314901210154;2615;6;8;184;4;3.83;19.0;3.83;19.0;3.61;17.0;3.72;36.0;1
2314901210155;2657;6;8;184;4;3.79;19.0;3.79;19.0;3.96;17.0;3.88;36.0;1
2314901210156;2681;6;8;184;4;3.54;19.0;3.54;19.0;3.91;17.0;3.72;36.0;1
2314901210157;2685;6;14;184;4;3.95;19.0;3.95;19.0;3.48;17.0;3.73;36.0;1
2314901210158;2687;6;8;184;4;3.97;19.0;3.97;19.0;3.96;17.0;3.97;36.0;1
2314901210159;2725;6;8;184;4;3.76;19.0;3.76;19.0;3.89;17.0;3.82;36.0;1
2314901210160;2759;6;8;184;4;3.78;19.0;3.78;19.0;3.82;17.0;3.8;36.0;1
2314901210161;2811;6;8;184;4;3.54;19.0;3.54;19.0;3.93;17.0;3.72;36.0;1
2314901210162;2826;6;13;184;4;3.54;19.0;3.54;19.0;3.93;17.0;3.72;36.0;1
2314901210163;2853;6;8;184;4;3.72;19.0;3.72;19.0;3.91;17.0;3.81;36.0;1
2314901210164;2859;6;14;184;4;3.75;19.0;3.75;19.0;3.95;17.0;3.84;36.0;1
2314901210165;2875;6;8;184;4;4.0;19.0;4.0;19.0;3.82;17.0;3.92;36.0;1
2314901210166;2976;6;13;184;4;3.75;19.0;3.75;19.0;3.82;17.0;3.78;36.0;1
2314901210167;2990;6;8;184;4;3.75;19.0;3.75;19.0;3.74;17.0;3.74;36.0;1
2314901210168;3001;6;8;184;4;3.83;19.0;3.83;19.0;4.0;17.0;3.91;36.0;1
2314901210169;3009;6;8;184;4;3.7;19.0;3.7;19.0;3.86;17.0;3.78;36.0;1
2314901210170;3028;6;13;184;3;3.78;19.0;3.78;19.0;3.86;17.0;3.82;36.0;1
2314901210171;3068;6;8;184;4;3.75;19.0;3.75;19.0;3.96;17.0;3.85;36.0;1
2314901210172;3076;6;13;184;4;3.7;19.0;3.7;19.0;3.86;17.0;3.78;36.0;1
2314901210173;3077;6;8;184;4;3.75;19.0;3.75;19.0;3.68;17.0;3.72;36.0;1
2314901210174;3100;6;8;184;4;3.78;19.0;3.78;19.0;3.7;17.0;3.74;36.0;1
2314901210175;3102;6;13;184;4;3.84;19.0;3.84;19.0;3.88;17.0;3.86;36.0;1
2314901210176;3104;6;8;184;4;3.75;19.0;3.75;19.0;3.91;17.0;3.82;36.0;1
2314901210177;3105;6;8;184;4;3.75;19.0;3.75;19.0;4.0;17.0;3.87;36.0;1
2314901210178;3271;6;8;184;4;3.72;19.0;3.72;19.0;3.91;17.0;3.81;36.0;1
2314901210179;3302;6;8;184;4;4.0;19.0;4.0;19.0;3.96;17.0;3.98;36.0;1
2314901210180;3304;6;8;184;4;3.65;19.0;3.65;19.0;3.81;17.0;3.72;36.0;1
2314901210181;3347;6;8;184;4;3.75;19.0;3.75;19.0;3.89;17.0;3.82;36.0;1
2314901210182;3358;6;8;184;4;3.75;19.0;3.75;19.0;3.79;17.0;3.77;36.0;1
2314901210183;3364;6;8;184;4;3.83;19.0;3.83;19.0;3.95;17.0;3.88;36.0;1
2314901210184;3367;6;15;184;4;3.67;19.0;3.67;19.0;3.77;17.0;3.72;36.0;1
2314901210185;3497;6;8;184;4;3.92;19.0;3.92;19.0;4.0;17.0;3.96;36.0;1
2314901210186;3501;6;8;184;4;3.91;19.0;3.91;19.0;3.84;17.0;3.88;36.0;1
2314901210187;3506;6;8;184;0;3.92;19.0;3.92;19.0;3.81;17.0;3.87;36.0;1
2314901210188;3510;6;13;184;4;3.7;19.0;3.7;19.0;3.77;17.0;3.73;36.0;1
2314901210189;3549;6;14;184;4;3.78;19.0;3.78;19.0;3.95;17.0;3.86;36.0;1
2314901210190;3556;6;8;184;4;3.92;19.0;3.92;19.0;3.86;17.0;3.89;36.0;1
2314901210191;3573;6;8;184;4;3.67;19.0;3.67;19.0;3.96;17.0;3.81;36.0;1
2314901210192;3603;6;8;184;2;3.87;19.0;3.87;19.0;3.96;17.0;3.92;36.0;1
2314901210193;3659;6;12;184;4;3.78;19.0;3.78;19.0;3.89;17.0;3.83;36.0;1
2314901210194;3696;6;8;184;4;3.75;19.0;3.75;19.0;3.88;17.0;3.81;36.0;1
2314901210195;3753;6;8;184;4;3.92;19.0;3.92;19.0;3.79;17.0;3.86;36.0;1
2314901210196;3756;6;8;184;1;3.75;19.0;3.75;19.0;3.86;17.0;3.8;36.0;1
2314901210197;3802;6;8;184;4;3.62;19.0;3.62;19.0;3.77;17.0;3.69;36.0;1
2314901210198;3842;6;13;184;4;3.92;19.0;3.92;19.0;3.88;17.0;3.9;36.0;1
2314901210199;3857;6;13;184;4;3.75;19.0;3.75;19.0;3.81;17.0;3.78;36.0;1
2314901210200;3882;6;13;184;4;3.75;19.0;3.75;19.0;3.74;17.0;3.74;36.0;1
2314901210201;3886;6;8;184;4;3.75;19.0;3.75;19.0;3.89;17.0;3.82;36.0;1
2314901210202;3887;6;13;184;4;3.79;19.0;3.79;19.0;3.91;17.0;3.85;36.0;1
2314901210203;3907;6;8;184;4;3.75;19.0;3.75;19.0;4.0;17.0;3.87;36.0;1
2314901210204;3933;6;13;184;4;3.7;19.0;3.7;19.0;3.68;17.0;3.69;36.0;1
2314901210205;3994;6;15;184;4;3.78;19.0;3.78;19.0;3.75;17.0;3.77;36.0;1
2314901210206;4011;6;8;184;4;3.75;19.0;3.75;19.0;3.77;17.0;3.76;36.0;1
2314901210207;4039;6;8;184;4;3.75;19.0;3.75;19.0;3.74;17.0;3.74;36.0;1
2314901210208;4066;6;8;184;4;3.53;19.0;3.53;19.0;3.88;17.0;3.69;36.0;1
2314901210209;4075;6;8;184;4;3.79;19.0;3.79;19.0;3.63;17.0;3.72;36.0;1
2314901210210;4100;6;13;184;4;3.83;19.0;3.83;19.0;3.63;17.0;3.73;36.0;1
2314901210211;4121;6;8;184;4;3.83;19.0;3.83;19.0;3.66;17.0;3.75;36.0;1
2314901210212;4122;6;8;184;4;3.72;19.0;3.72;19.0;3.95;17.0;3.82;36.0;1
2314901210213;4144;6;8;184;3;3.61;19.0;3.61;19.0;3.77;17.0;3.68;36.0;1
2314901210214;4164;6;8;184;4;3.92;19.0;3.92;19.0;3.93;17.0;3.93;36.0;1
2314901210215;4166;6;12;184;4;3.75;19.0;3.75;19.0;3.74;17.0;3.74;36.0;1
2314901210216;4177;6;15;184;4;3.95;19.0;3.95;19.0;4.0;17.0;3.97;36.0;1
2314901210217;4185;6;8;184;4;3.72;19.0;3.72;19.0;3.66;17.0;3.69;36.0;1
2314901210218;4188;6;8;184;0;3.67;19.0;3.67;19.0;3.6;17.0;3.64;36.0;1
2314901210219;4192;6;8;184;4;3.75;19.0;3.75;19.0;3.93;17.0;3.83;36.0;1
2314901210220;4222;6;8;184;4;3.79;19.0;3.79;19.0;3.91;17.0;3.85;36.0;1
2314901210221;4223;6;15;184;4;3.72;19.0;3.72;19.0;3.77;17.0;3.74;36.0;1
2314901210222;4238;6;8;184;4;3.67;19.0;3.67;19.0;3.86;17.0;3.76;36.0;1
2314901210223;4240;6;15;184;4;3.97;19.0;3.97;19.0;3.82;17.0;3.9;36.0;1
2314901210224;4255;6;8;184;4;3.87;19.0;3.87;19.0;4.0;17.0;3.93;36.0;1
2314901210225;4265;6;14;184;4;3.87;19.0;3.87;19.0;3.89;17.0;3.88;36.0;1
2314901210226;4295;6;8;184;4;3.54;19.0;3.54;19.0;3.89;17.0;3.71;36.0;1
2314901210232;182;6;8;184;4;0.0;20.35910878112713;3.443432379287743;0.0;3.83;19.0;3.83;19.0;1
2314901210233;566;6;8;184;4;0.0;20.35910878112713;3.443432379287743;0.0;3.7;19.0;3.7;19.0;1
2314901210234;992;6;8;184;4;0.0;20.35910878112713;3.443432379287743;0.0;3.83;19.0;3.83;19.0;1
2314901210235;1227;6;13;184;4;0.0;20.35910878112713;3.443432379287743;0.0;3.83;19.0;3.83;19.0;1
2314901210236;2070;6;8;184;0;0.0;20.35910878112713;3.443432379287743;0.0;2.28;19.0;2.28;19.0;0
2314901210237;2672;6;13;184;4;0.0;20.35910878112713;3.443432379287743;0.0;3.87;19.0;3.87;19.0;1
2314901210238;3145;6;8;184;4;0.0;20.35910878112713;3.443432379287743;0.0;3.83;19.0;3.83;19.0;1
2314901210239;3410;6;4;184;1;0.0;20.35910878112713;3.443432379287743;0.0;3.78;19.0;3.78;19.0;1
2314901210240;3562;6;15;184;4;0.0;20.35910878112713;3.443432379287743;0.0;3.65;19.0;3.65;19.0;1
2314901210241;3962;6;8;184;4;0.0;20.35910878112713;3.443432379287743;0.0;3.81;19.0;3.81;19.0;1
2314901210242;4082;6;13;184;4;0.0;20.35910878112713;3.443432379287743;0.0;3.83;19.0;3.83;19.0;1
2314901210244;136;6;4;184;1;0.0;20.35910878112713;3.443432379287743;0.0;3.7;19.0;3.7;19.0;1
2314901210245;3436;6;15;184;4;0.0;20.35910878112713;3.443432379287743;0.0;3.57;19.0;3.57;19.0;1
2314901210246;4093;6;14;184;4;0.0;20.35910878112713;3.443432379287743;0.0;3.87;19.0;3.87;19.0;1
2315201110001;59;10;8;184;4;3.51;18.0;3.51;18.0;0.0;19.0;1.71;37.0;0
2315201110002;252;10;8;260;5;3.86;18.0;3.86;18.0;0.0;19.0;1.88;37.0;0
2315201110003;299;10;8;184;4;3.06;18.0;3.06;18.0;0.0;19.0;1.49;37.0;0
2315201110004;371;10;12;226;5;3.54;18.0;3.54;18.0;0.0;19.0;1.72;37.0;0
2315201110005;421;10;8;184;0;3.46;18.0;3.46;18.0;0.0;19.0;1.68;37.0;0
2315201110006;524;10;8;184;1;3.02;18.0;3.02;18.0;0.0;19.0;1.47;37.0;0
2315201110007;567;10;12;417;5;3.23;18.0;3.23;18.0;0.0;19.0;1.57;37.0;0
2315201110008;840;10;13;495;5;4.0;18.0;4.0;18.0;0.0;19.0;1.95;37.0;0
2315201110009;890;10;8;119;5;3.02;18.0;3.02;18.0;0.0;19.0;1.47;37.0;0
2315201110010;899;10;8;184;0;3.36;18.0;3.36;18.0;0.0;19.0;1.63;37.0;0
2315201110011;942;10;8;182;5;3.28;18.0;3.28;18.0;0.0;19.0;1.59;37.0;0
2315201110012;1082;10;8;274;5;3.82;18.0;3.82;18.0;0.0;19.0;1.86;37.0;0
2315201110013;1230;10;13;221;5;3.82;18.0;3.82;18.0;0.0;19.0;1.86;37.0;0
2315201110014;1232;10;13;309;5;3.82;18.0;3.82;18.0;0.0;19.0;1.86;37.0;0
2315201110015;1614;10;8;184;4;2.87;18.0;2.87;18.0;0.0;19.0;1.39;37.0;0
2315201110016;1724;10;12;92;5;3.18;18.0;3.18;18.0;0.0;19.0;1.55;37.0;0
2315201110017;1745;10;8;435;5;3.01;18.0;3.01;18.0;0.0;19.0;1.46;37.0;0
2315201110018;1749;10;13;108;5;3.57;18.0;3.57;18.0;0.0;19.0;1.74;37.0;0
2315201110020;1973;10;8;154;5;2.98;18.0;2.98;18.0;0.0;19.0;1.45;37.0;0
2315201110021;2543;10;8;302;5;3.9;18.0;3.9;18.0;0.0;19.0;1.9;37.0;0
2315201110022;2561;10;8;335;5;3.57;18.0;3.57;18.0;0.0;19.0;1.74;37.0;0
2315201110023;2591;10;8;184;5;2.87;18.0;2.87;18.0;0.0;19.0;1.39;37.0;0
2315201110024;2675;10;13;75;5;3.57;18.0;3.57;18.0;0.0;19.0;1.74;37.0;0
2315201110025;2723;10;13;440;5;3.28;18.0;3.28;18.0;0.0;19.0;1.59;37.0;0
2315201110026;2748;10;8;285;5;3.35;18.0;3.35;18.0;0.0;19.0;1.63;37.0;0
2315201110027;2788;10;8;30;5;3.08;18.0;3.08;18.0;0.0;19.0;1.5;37.0;0
2315201110028;2819;10;14;184;2;3.1;18.0;3.1;18.0;0.0;19.0;1.51;37.0;0
2315201110029;2897;10;8;517;5;2.97;18.0;2.97;18.0;0.0;19.0;1.44;37.0;0
2315201110030;2945;10;8;390;5;2.94;18.0;2.94;18.0;0.0;19.0;1.43;37.0;0
2315201110031;3122;10;8;276;5;3.28;18.0;3.28;18.0;0.0;19.0;1.59;37.0;0
2315201110032;3188;10;8;138;5;3.56;18.0;3.56;18.0;0.0;19.0;1.73;37.0;0
2315201110033;3189;10;8;57;5;3.12;18.0;3.12;18.0;0.0;19.0;1.52;37.0;0
2315201110034;3303;10;15;404;5;3.08;18.0;3.08;18.0;0.0;19.0;1.5;37.0;0
2315201110035;3308;10;8;184;0;3.21;18.0;3.21;18.0;0.0;19.0;1.56;37.0;0
2315201110036;3348;10;12;413;5;3.5;18.0;3.5;18.0;0.0;19.0;1.7;37.0;0
2315201110038;3661;10;13;375;5;3.93;18.0;3.93;18.0;0.0;19.0;1.91;37.0;0
2315201110039;3777;10;13;501;5;2.96;18.0;2.96;18.0;0.0;19.0;1.44;37.0;0
2315201110040;3883;10;13;300;5;3.2;18.0;3.2;18.0;0.0;19.0;1.56;37.0;0
2315201110041;3950;10;13;113;5;3.43;18.0;3.43;18.0;0.0;19.0;1.67;37.0;0
2315201110042;4221;10;8;313;5;3.13;18.0;3.13;18.0;0.0;19.0;1.52;37.0;0
2315201110043;878;10;8;222;5;3.38;18.0;3.38;18.0;0.0;19.0;1.64;37.0;0
2315201110044;3677;10;8;283;5;3.71;18.0;3.71;18.0;0.0;19.0;1.8;37.0;0
2315201110045;1134;10;14;280;5;3.06;18.0;3.06;18.0;0.0;19.0;1.49;37.0;0
2315401110001;1215;1;8;78;5;3.43;19.0;3.43;19.0;3.76;20.0;3.6;39.0;1
2315401110002;2043;1;15;184;5;3.04;19.0;3.04;19.0;3.22;20.0;3.13;39.0;1
2315401110003;2081;1;8;80;5;3.49;19.0;3.49;19.0;3.7;20.0;3.6;39.0;1
2315401110004;2655;1;15;352;5;3.35;19.0;3.35;19.0;3.74;20.0;3.55;39.0;1
2315401110005;3255;1;8;344;5;3.22;19.0;3.22;19.0;3.48;20.0;3.35;39.0;1
2315401110006;760;1;12;259;5;3.51;19.0;3.51;19.0;3.66;20.0;3.58;39.0;1
2315401110007;967;1;8;452;5;3.17;19.0;3.17;19.0;3.72;20.0;3.45;39.0;1
2315401110008;1007;1;8;184;4;3.04;19.0;3.04;19.0;3.58;20.0;3.32;39.0;1
2315401110009;1205;1;14;324;5;3.51;19.0;3.51;19.0;3.8;20.0;3.65;39.0;1
2315401110010;1583;1;8;298;5;3.17;19.0;3.17;19.0;3.33;20.0;3.25;39.0;1
2315401110011;1781;1;8;22;5;3.39;19.0;3.39;19.0;3.69;17.0;3.53;36.0;1
2315401110012;2480;1;12;149;5;3.18;19.0;3.18;19.0;3.65;20.0;3.42;39.0;1
2315401110013;2661;1;13;278;5;3.92;19.0;3.92;19.0;3.97;20.0;3.95;39.0;1
2315401110014;2694;1;8;494;5;3.53;19.0;3.53;19.0;3.78;20.0;3.66;39.0;1
2315401110015;2896;1;15;105;5;3.22;19.0;3.22;19.0;3.75;20.0;3.49;39.0;1
2315401110016;3626;1;13;297;5;3.07;19.0;3.07;19.0;2.93;20.0;3.0;39.0;1
2315401110017;3814;1;8;387;5;3.27;19.0;3.27;19.0;3.56;20.0;3.42;39.0;1
2315401110018;3905;1;8;55;5;3.24;19.0;3.24;19.0;3.57;20.0;3.41;39.0;1
2315401110020;1405;1;8;466;5;3.06;19.0;3.06;19.0;3.5;20.0;3.29;39.0;1
2315401110021;1616;1;8;184;3;3.23;19.0;3.23;19.0;3.65;20.0;3.44;39.0;1
2315901110001;69;5;8;184;0;0.0;20.35910878112713;3.443432379287743;0.0;4.0;20.0;4.0;20.0;1
2315901110002;946;5;8;184;0;0.0;20.35910878112713;3.443432379287743;0.0;4.0;20.0;4.0;20.0;1
2315901110003;1395;5;8;184;0;0.0;20.35910878112713;3.443432379287743;0.0;3.91;20.0;3.91;20.0;1
2315901110004;1604;5;8;184;0;0.0;20.35910878112713;3.443432379287743;0.0;4.0;20.0;4.0;20.0;1
2315901110005;2028;5;8;184;0;0.0;20.35910878112713;3.443432379287743;0.0;3.71;20.0;3.71;20.0;1
2315901110006;2719;5;8;184;0;0.0;20.35910878112713;3.443432379287743;0.0;4.0;20.0;4.0;20.0;1
2315901110007;2932;5;10;184;1;0.0;20.35910878112713;3.443432379287743;0.0;3.92;20.0;3.92;20.0;1
2315901110008;2958;5;8;184;0;0.0;20.35910878112713;3.443432379287743;0.0;3.92;20.0;3.92;20.0;1
2315901110009;3461;5;8;184;0;0.0;20.35910878112713;3.443432379287743;0.0;4.0;20.0;4.0;20.0;1
2315901110010;3522;5;8;184;0;0.0;20.35910878112713;3.443432379287743;0.0;3.95;20.0;3.95;20.0;1
2315901110011;3638;5;8;184;0;0.0;20.35910878112713;3.443432379287743;0.0;3.36;20.0;3.36;20.0;1
2315901110012;3722;5;10;184;1;0.0;20.35910878112713;3.443432379287743;0.0;4.0;20.0;4.0;20.0;1
2315901110013;3730;5;5;184;1;0.0;20.35910878112713;3.443432379287743;0.0;4.0;20.0;4.0;20.0;1
2315901110014;3823;5;8;184;0;0.0;20.35910878112713;3.443432379287743;0.0;4.0;20.0;4.0;20.0;1
2315901110015;3949;5;8;184;0;0.0;20.35910878112713;3.443432379287743;0.0;3.95;20.0;3.95;20.0;1
2315901110016;4169;5;8;184;0;0.0;20.35910878112713;3.443432379287743;0.0;3.91;20.0;3.91;20.0;1
2315901110017;4180;5;8;184;0;0.0;20.35910878112713;3.443432379287743;0.0;4.0;20.0;4.0;20.0;1
2315901110018;4294;5;8;184;0;0.0;20.35910878112713;3.443432379287743;0.0;4.0;20.0;4.0;20.0;1
2315901110019;2806;5;8;184;0;0.0;20.35910878112713;3.443432379287743;0.0;4.0;20.0;4.0;20.0;1
2322201110001;496;19;12;478;5;3.37;19.0;3.37;19.0;3.21;19.0;3.29;38.0;1
2322201110002;700;19;8;502;5;3.45;19.0;3.45;19.0;3.43;19.0;3.44;38.0;1
2322201110003;1203;19;15;422;5;3.37;19.0;3.37;19.0;3.38;19.0;3.38;38.0;1
2322201110004;1384;19;13;330;5;3.56;19.0;3.56;19.0;3.84;19.0;3.7;38.0;1
2322201110005;1725;19;8;327;5;3.39;19.0;3.39;19.0;3.35;19.0;3.37;38.0;1
2322201110006;1852;19;12;410;5;3.54;19.0;3.54;19.0;3.43;19.0;3.48;38.0;1
2322201110007;2819;19;14;184;2;3.41;19.0;3.41;19.0;3.25;19.0;3.33;38.0;1
2322201110008;3215;19;4;184;1;3.45;19.0;3.45;19.0;3.36;19.0;3.4;38.0;1
2322201110009;139;19;12;136;5;3.35;19.0;3.35;19.0;3.07;19.0;3.21;38.0;1
2322201110010;342;19;8;184;4;3.39;19.0;3.39;19.0;3.0;19.0;3.2;38.0;1
2322201110011;1177;19;8;135;5;3.38;19.0;3.38;19.0;3.23;19.0;3.31;38.0;1
2322201110013;1282;19;14;490;5;3.42;19.0;3.42;19.0;3.25;19.0;3.33;38.0;1
2322201110014;1380;19;8;490;5;3.35;19.0;3.35;19.0;2.81;19.0;3.08;38.0;1
2322201110015;2132;19;8;474;5;3.3;19.0;3.3;19.0;2.82;19.0;3.06;38.0;1
2322201110016;2172;19;8;417;5;3.55;19.0;3.55;19.0;3.67;19.0;3.61;38.0;1
2322201110017;2179;19;12;395;5;2.86;19.0;2.86;19.0;1.92;19.0;2.39;38.0;0
2322201110018;2217;19;8;184;0;3.61;19.0;3.61;19.0;3.22;19.0;3.41;38.0;1
2322201110019;2232;19;8;512;5;3.14;19.0;3.14;19.0;2.47;19.0;2.81;38.0;1
2322201110020;2270;19;12;265;5;3.7;19.0;3.7;19.0;3.75;19.0;3.72;38.0;1
2322201110021;2278;19;8;314;5;2.83;19.0;2.83;19.0;2.17;19.0;2.5;38.0;0
2322201110022;2323;19;14;301;5;3.57;19.0;3.57;19.0;3.65;19.0;3.61;38.0;1
2322201110023;2358;19;8;64;5;3.63;19.0;3.63;19.0;3.46;19.0;3.54;38.0;1
2322201110024;3182;19;8;469;5;1.15;19.0;1.15;19.0;0.0;0.0;1.15;19.0;0
2322201110025;3294;19;8;184;4;3.43;19.0;3.43;19.0;3.31;19.0;3.37;38.0;1
2322201110026;3386;19;8;73;5;3.56;19.0;3.56;19.0;3.44;19.0;3.5;38.0;1
2322201110027;3630;19;8;489;5;3.61;19.0;3.61;19.0;3.54;19.0;3.57;38.0;1
2322201110029;4298;19;13;303;5;3.81;19.0;3.81;19.0;3.59;19.0;3.7;38.0;1
2322201110030;8;19;8;323;5;3.32;19.0;3.32;19.0;3.26;19.0;3.29;38.0;1
2322201110031;2155;19;8;473;5;3.35;19.0;3.35;19.0;3.15;19.0;3.25;38.0;1
2322201110033;117;19;8;184;3;3.3;19.0;3.3;19.0;3.16;19.0;3.23;38.0;1
2322201120032;827;19;8;184;0;2.65;22.0;2.65;22.0;0.0;0.0;2.65;22.0;0
2322201210034;343;19;8;184;0;3.73;24.0;3.73;82.0;3.76;24.0;3.74;48.0;1
2322201210035;599;19;8;184;0;3.73;24.0;3.73;82.0;3.85;24.0;3.79;48.0;1
2322201210036;54;19;8;184;0;3.73;24.0;3.73;82.0;3.46;24.0;3.59;48.0;1
2322201210037;638;19;8;184;0;3.73;24.0;3.73;82.0;3.57;24.0;3.65;48.0;1
2322201210038;901;19;8;184;0;3.73;24.0;3.73;82.0;3.46;24.0;3.59;48.0;1
2322201210039;2087;19;8;184;0;3.73;24.0;3.73;82.0;3.51;24.0;3.62;48.0;1
2323201110001;295;7;8;437;5;3.32;20.0;3.32;20.0;3.26;20.0;3.29;40.0;1
2323201110002;2334;7;8;293;5;3.37;20.0;3.37;20.0;3.2;20.0;3.29;40.0;1
2323201110003;3649;7;8;184;4;3.54;20.0;3.54;20.0;3.35;20.0;3.45;40.0;1
2323201110004;1159;7;15;462;5;3.41;20.0;3.41;20.0;2.71;20.0;3.06;40.0;1
2323201110005;1364;7;15;379;5;0.92;20.0;0.92;20.0;0.0;0.0;0.92;20.0;0
2323201110006;1573;7;8;505;5;3.27;20.0;3.27;20.0;2.44;20.0;2.86;40.0;1
2323201110007;1602;7;12;277;5;3.41;20.0;3.41;20.0;3.23;20.0;3.32;40.0;1
2323201110008;1783;7;8;468;5;3.56;20.0;3.56;20.0;3.33;20.0;3.45;40.0;1
2323201110009;1834;7;8;184;0;3.56;20.0;3.56;20.0;2.99;20.0;3.28;40.0;1
2323201110010;2235;7;13;184;2;3.4;20.0;3.4;20.0;0.75;20.0;2.08;40.0;0
2323201110011;2961;7;8;249;5;3.56;20.0;3.56;20.0;2.92;20.0;3.24;40.0;1
2323201110012;3065;7;12;82;5;1.82;20.0;1.82;20.0;0.0;0.0;1.82;20.0;0
2323201110013;3794;7;8;363;5;3.48;20.0;3.48;20.0;2.67;20.0;3.07;40.0;1
2323201110014;1625;7;8;362;5;1.22;20.0;1.22;20.0;1.0;12.0;1.14;32.0;0
2335201110001;128;17;12;122;5;3.78;20.0;3.78;20.0;3.14;20.0;3.46;40.0;1
2335201110002;146;17;15;213;5;3.58;20.0;3.58;20.0;3.14;20.0;3.36;40.0;1
2335201110003;422;17;8;184;1;3.03;20.0;3.03;20.0;1.15;20.0;2.09;40.0;0
2335201110005;2829;17;15;212;5;3.45;20.0;3.45;20.0;3.47;20.0;3.46;40.0;1
2335201110006;2838;17;13;184;2;3.37;20.0;3.37;20.0;2.97;20.0;3.17;40.0;1
2335201110007;4224;17;13;361;5;3.88;20.0;3.88;20.0;3.64;20.0;3.76;40.0;1
2335201110008;43;17;8;311;5;3.13;20.0;3.13;20.0;2.41;20.0;2.77;40.0;1
2335201110009;482;17;13;211;5;3.94;20.0;3.94;20.0;3.74;20.0;3.84;40.0;1
2335201110010;1019;17;8;225;5;3.65;20.0;3.65;20.0;3.17;20.0;3.41;40.0;1
2335201110011;1276;17;8;62;5;3.25;20.0;3.25;20.0;2.52;20.0;2.89;40.0;1
2335201110012;2149;17;1;184;3;3.39;20.0;3.39;20.0;0.8;20.0;2.09;40.0;0
2335201110014;2211;17;15;147;5;3.26;20.0;3.26;20.0;2.99;20.0;3.13;40.0;1
2335201110015;2315;17;8;421;5;3.65;20.0;3.65;20.0;2.87;20.0;3.26;40.0;1
2335201110017;4292;17;8;77;5;1.27;20.0;1.27;20.0;0.0;0.0;1.27;20.0;0
2348201110002;28;8;8;450;5;3.27;20.0;3.27;20.0;3.45;20.0;3.36;40.0;1
2348201110003;31;8;12;381;5;0.5;20.0;0.5;20.0;0.0;20.0;0.25;40.0;0
2348201110004;60;8;8;378;5;3.6;20.0;3.6;20.0;3.27;20.0;3.44;40.0;1
2348201110005;74;8;8;459;5;3.17;20.0;3.17;20.0;3.55;20.0;3.36;40.0;1
2348201110006;91;8;8;451;5;3.26;20.0;3.26;20.0;3.33;20.0;3.3;40.0;1
2348201110007;115;8;8;66;5;3.14;20.0;3.14;20.0;3.29;20.0;3.21;40.0;1
2348201110008;135;8;8;109;5;2.96;20.0;2.96;20.0;3.0;20.0;2.98;40.0;1
2348201110009;204;8;15;455;5;2.28;20.0;2.28;20.0;2.65;20.0;2.46;40.0;0
2348201110010;205;8;8;320;5;3.39;20.0;3.39;20.0;3.43;20.0;3.41;40.0;1
2348201110011;214;8;8;368;5;3.43;20.0;3.43;20.0;3.51;20.0;3.47;40.0;1
2348201110012;222;8;8;465;5;3.69;20.0;3.69;20.0;0.0;20.0;1.84;40.0;0
2348201110013;333;8;13;79;5;3.65;20.0;3.65;20.0;3.63;20.0;3.64;40.0;1
2348201110014;407;8;13;72;5;2.56;20.0;2.56;20.0;3.07;20.0;2.81;40.0;1
2348201110015;413;8;8;528;5;2.53;20.0;2.53;20.0;2.88;20.0;2.71;40.0;0
2348201110016;422;8;8;184;1;3.91;20.0;3.91;20.0;3.74;20.0;3.82;40.0;1
2348201110017;488;8;8;184;2;3.12;20.0;3.12;20.0;3.35;20.0;3.23;40.0;1
2348201110019;580;8;13;384;5;3.31;20.0;3.31;20.0;3.34;20.0;3.33;40.0;1
2348201110020;615;8;13;39;5;3.35;20.0;3.35;20.0;3.55;20.0;3.45;40.0;1
2348201110021;628;8;12;199;5;2.91;20.0;2.91;20.0;3.17;20.0;3.04;40.0;1
2348201110022;650;8;8;198;5;3.3;20.0;3.3;20.0;3.44;20.0;3.37;40.0;1
2348201110023;687;8;8;29;5;2.56;20.0;2.56;20.0;2.6;20.0;2.58;40.0;0
2348201110025;873;8;13;229;5;3.27;20.0;3.27;20.0;3.27;20.0;3.27;40.0;1
2348201110026;880;8;12;382;5;3.33;20.0;3.33;20.0;3.3;20.0;3.32;40.0;1
2348201110027;945;8;8;438;5;2.11;20.0;2.11;20.0;2.29;20.0;2.2;40.0;0
2348201110028;956;8;13;434;5;3.97;20.0;3.97;20.0;3.94;20.0;3.95;40.0;1
2348201110029;983;8;8;255;5;2.49;20.0;2.49;20.0;2.41;20.0;2.45;40.0;0
2348201110030;1039;8;13;513;5;3.89;20.0;3.89;20.0;3.79;20.0;3.84;40.0;1
2348201110031;1045;8;8;62;5;2.96;20.0;2.96;20.0;2.96;20.0;2.96;40.0;1
2348201110032;1075;8;13;71;5;3.88;20.0;3.88;20.0;3.76;20.0;3.82;40.0;1
2348201110033;1078;8;13;207;5;3.31;20.0;3.31;20.0;3.63;20.0;3.47;40.0;1
2348201110034;1088;8;12;184;2;3.82;20.0;3.82;20.0;3.62;20.0;3.72;40.0;1
2348201110035;1158;8;8;458;5;3.13;20.0;3.13;20.0;3.24;20.0;3.18;40.0;1
2348201110036;1165;8;8;443;5;2.12;20.0;2.12;20.0;2.38;20.0;2.25;40.0;0
2348201110038;1167;8;13;374;5;3.92;20.0;3.92;20.0;3.76;20.0;3.84;40.0;1
2348201110039;1181;8;13;373;5;3.04;20.0;3.04;20.0;3.33;20.0;3.19;40.0;1
2348201110040;1204;8;8;27;5;2.41;20.0;2.41;20.0;2.79;20.0;2.6;40.0;0
2348201110041;1216;8;12;441;5;2.98;20.0;2.98;20.0;3.1;20.0;3.04;40.0;1
2348201110042;1217;8;15;439;5;2.91;20.0;2.91;20.0;3.5;20.0;3.2;40.0;1
2348201110043;1223;8;13;451;5;3.82;20.0;3.82;20.0;3.85;20.0;3.83;40.0;1
2348201110044;1228;8;8;204;5;3.91;20.0;3.91;20.0;3.83;20.0;3.87;40.0;1
2348201110045;1233;8;13;476;5;3.58;20.0;3.58;20.0;3.67;20.0;3.63;40.0;1
2348201110046;1241;8;15;91;5;2.64;20.0;2.64;20.0;2.96;20.0;2.8;40.0;1
2348201110047;1246;8;12;216;5;3.84;20.0;3.84;20.0;3.9;20.0;3.87;40.0;1
2348201110048;1342;8;8;341;5;3.08;20.0;3.08;20.0;3.42;20.0;3.25;40.0;1
2348201110049;1422;8;15;56;5;2.52;20.0;2.52;20.0;3.26;20.0;2.89;40.0;1
2348201110050;1466;8;8;191;5;2.29;20.0;2.29;20.0;2.66;20.0;2.48;40.0;0
2348201110051;1524;8;8;318;5;2.75;20.0;2.75;20.0;3.2;20.0;2.98;40.0;1
2348201110052;1534;8;13;458;5;3.62;20.0;3.62;20.0;3.62;20.0;3.62;40.0;1
2348201110053;1549;8;8;98;5;3.85;20.0;3.85;20.0;3.76;20.0;3.81;40.0;1
2348201110054;1582;8;12;177;5;0.4;20.0;0.4;20.0;0.0;0.0;0.4;20.0;0
2348201110056;1612;8;13;537;5;3.58;20.0;3.58;20.0;3.35;20.0;3.46;40.0;1
2348201110057;1623;8;13;366;5;3.23;20.0;3.23;20.0;3.23;20.0;3.23;40.0;1
2348201110058;1646;8;13;184;3;2.64;20.0;2.64;20.0;2.71;20.0;2.67;40.0;0
2348201110059;1666;8;8;126;5;2.47;20.0;2.47;20.0;2.51;20.0;2.49;40.0;0
2348201110061;1709;8;4;184;1;3.26;20.0;3.26;20.0;3.32;20.0;3.29;40.0;1
2348201110062;1711;8;13;241;5;3.36;20.0;3.36;20.0;3.31;20.0;3.34;40.0;1
2348201110063;1731;8;8;160;5;3.12;20.0;3.12;20.0;3.55;20.0;3.33;40.0;1
2348201110064;1785;8;8;334;5;3.49;20.0;3.49;20.0;3.61;20.0;3.55;40.0;1
2348201110065;1855;8;8;451;5;3.74;20.0;3.74;20.0;3.71;20.0;3.72;40.0;1
2348201110066;1836;8;8;184;0;3.27;20.0;3.27;20.0;3.42;20.0;3.35;40.0;1
2348201110067;1917;8;8;391;5;3.19;20.0;3.19;20.0;3.35;20.0;3.26;40.0;1
2348201110068;1961;8;13;127;5;3.65;20.0;3.65;20.0;3.9;20.0;3.77;40.0;1
2348201110070;1996;8;12;536;5;3.27;20.0;3.27;20.0;3.29;20.0;3.28;40.0;1
2348201110071;1997;8;8;371;5;3.27;20.0;3.27;20.0;3.21;20.0;3.24;40.0;1
2348201110072;2014;8;8;511;5;1.99;20.0;1.99;20.0;1.94;20.0;1.96;40.0;0
2348201110073;2019;8;12;219;5;2.48;20.0;2.48;20.0;2.33;20.0;2.41;40.0;0
2348201110074;2151;8;1;184;3;2.68;20.0;2.68;20.0;2.7;20.0;2.69;40.0;0
2348201110075;2163;8;12;176;5;2.16;20.0;2.16;20.0;1.84;20.0;2.0;40.0;0
2348201110077;2200;8;8;450;5;3.51;20.0;3.51;20.0;3.49;20.0;3.5;40.0;1
2348201110078;2274;8;8;74;5;3.58;20.0;3.58;20.0;3.41;20.0;3.5;40.0;1
2348201110079;2345;8;13;515;5;3.64;20.0;3.64;20.0;0.0;0.0;3.64;20.0;1
2348201110080;2363;8;8;451;5;3.19;20.0;3.19;20.0;3.36;20.0;3.27;40.0;1
2348201110081;2369;8;8;15;5;2.56;20.0;2.56;20.0;2.06;20.0;2.31;40.0;0
2348201110082;2374;8;12;369;5;2.77;20.0;2.77;20.0;2.96;20.0;2.86;40.0;1
2348201110083;2388;8;12;326;5;3.45;20.0;3.45;20.0;3.0;20.0;3.23;40.0;1
2348201110084;2418;8;15;481;5;2.51;20.0;2.51;20.0;2.69;20.0;2.6;40.0;0
2348201110085;2431;8;8;433;5;3.12;20.0;3.12;20.0;2.41;20.0;2.76;40.0;1
2348201110086;2503;8;8;322;5;3.5;20.0;3.5;20.0;3.74;20.0;3.62;40.0;1
2348201110087;2511;8;13;184;4;3.33;20.0;3.33;20.0;3.51;20.0;3.42;40.0;1
2348201110088;2516;8;8;184;5;1.99;20.0;1.99;20.0;2.17;20.0;2.08;40.0;0
2348201110089;2521;8;14;71;5;3.6;20.0;3.6;20.0;3.65;20.0;3.63;40.0;1
2348201110090;2566;8;13;454;5;3.67;20.0;3.67;20.0;3.69;20.0;3.68;40.0;1
2348201110092;2597;8;8;450;5;2.53;20.0;2.53;20.0;2.85;20.0;2.69;40.0;0
2348201110093;2618;8;12;450;5;3.35;20.0;3.35;20.0;3.55;20.0;3.45;40.0;1
2348201110094;2629;8;8;79;5;3.02;20.0;3.02;20.0;3.17;20.0;3.1;40.0;1
2348201110095;2631;8;13;72;5;3.11;20.0;3.11;20.0;3.19;20.0;3.15;40.0;1
2348201110096;2684;8;13;184;5;3.56;20.0;3.56;20.0;3.6;20.0;3.58;40.0;1
2348201110097;2711;8;15;324;5;3.6;20.0;3.6;20.0;3.56;20.0;3.58;40.0;1
2348201110098;2731;8;13;325;5;2.42;20.0;2.42;20.0;2.8;20.0;2.61;40.0;0
2348201110099;2732;8;8;266;5;2.72;20.0;2.72;20.0;3.19;20.0;2.95;40.0;1
2348201110100;2751;8;14;124;5;3.33;20.0;3.33;20.0;3.33;20.0;3.33;40.0;1
2348201110101;2770;8;15;184;2;3.0;20.0;3.0;20.0;3.51;20.0;3.26;40.0;1
2348201110103;2781;8;15;94;5;2.62;20.0;2.62;20.0;3.0;20.0;2.81;40.0;1
2348201110104;2794;8;13;83;5;3.72;20.0;3.72;20.0;3.68;20.0;3.7;40.0;1
2348201110105;2819;8;14;184;2;2.59;20.0;2.59;20.0;2.88;20.0;2.73;40.0;0
2348201110106;2828;8;15;184;2;2.52;20.0;2.52;20.0;2.71;20.0;2.62;40.0;0
2348201110107;2907;8;13;482;5;3.79;20.0;3.79;20.0;3.7;20.0;3.75;40.0;1
2348201110108;2917;8;13;134;5;3.7;20.0;3.7;20.0;3.83;20.0;3.77;40.0;1
2348201110109;2924;8;8;243;5;2.87;20.0;2.87;20.0;3.2;20.0;3.04;40.0;1
2348201110111;2936;8;8;464;5;3.61;20.0;3.61;20.0;3.68;20.0;3.65;40.0;1
2348201110112;2940;8;13;304;5;3.91;20.0;3.91;20.0;3.9;20.0;3.9;40.0;1
2348201110113;2923;8;8;184;0;2.94;20.0;2.94;20.0;2.54;20.0;2.75;40.0;1
2348201110114;3136;8;8;525;5;2.09;20.0;2.09;20.0;2.76;20.0;2.42;40.0;0
2348201110115;3143;8;8;184;0;3.9;20.0;3.9;20.0;3.83;20.0;3.86;40.0;1
2348201110116;3179;8;15;458;5;3.5;20.0;3.5;20.0;3.39;20.0;3.44;40.0;1
2348201110117;3185;8;8;184;0;2.73;20.0;2.73;20.0;3.25;20.0;2.99;40.0;1
2348201110118;3224;8;14;93;5;2.76;20.0;2.76;20.0;3.21;20.0;2.99;40.0;1
2348201110119;3148;8;8;184;0;3.73;20.0;3.73;20.0;3.82;20.0;3.77;40.0;1
2348201110120;3242;8;15;448;5;3.76;20.0;3.76;20.0;3.64;20.0;3.7;40.0;1
2348201110121;3248;8;13;379;5;3.69;20.0;3.69;20.0;3.91;20.0;3.8;40.0;1
2348201110122;3305;8;13;260;5;3.27;20.0;3.27;20.0;3.46;20.0;3.37;40.0;1
2348201110123;3315;8;13;273;5;3.85;20.0;3.85;20.0;3.84;20.0;3.85;40.0;1
2348201110124;3331;8;13;184;4;2.82;20.0;2.82;20.0;3.04;20.0;2.93;40.0;1
2348201110125;3346;8;15;480;5;2.76;20.0;2.76;20.0;3.5;20.0;3.14;40.0;1
2348201110126;3380;8;8;145;5;3.25;20.0;3.25;20.0;3.68;20.0;3.47;40.0;1
2348201110127;3454;8;8;460;5;3.01;20.0;3.01;20.0;3.45;20.0;3.23;40.0;1
2348201110128;3475;8;8;393;5;3.13;20.0;3.13;20.0;3.5;20.0;3.31;40.0;1
2348201110129;3485;8;13;272;5;3.68;20.0;3.68;20.0;3.74;20.0;3.71;40.0;1
2348201110130;3533;8;8;457;5;3.17;20.0;3.17;20.0;3.59;20.0;3.38;40.0;1
2348201110131;3552;8;15;457;5;3.13;20.0;3.13;20.0;3.06;20.0;3.09;40.0;1
2348201110132;3555;8;8;373;5;1.67;20.0;1.67;20.0;0.2;20.0;0.93;40.0;0
2348201110133;3559;8;8;184;4;3.73;20.0;3.73;20.0;3.72;20.0;3.72;40.0;1
2348201110135;3576;8;15;61;5;3.2;20.0;3.2;20.0;3.39;20.0;3.3;40.0;1
2348201110136;3582;8;8;430;5;3.32;20.0;3.32;20.0;3.58;20.0;3.45;40.0;1
2348201110137;3587;8;15;184;2;2.81;20.0;2.81;20.0;3.42;20.0;3.11;40.0;1
2348201110138;3655;8;13;294;5;3.55;20.0;3.55;20.0;3.42;20.0;3.49;40.0;1
2348201110139;3662;8;13;168;5;3.88;20.0;3.88;20.0;3.83;20.0;3.86;40.0;1
2348201110140;3690;8;8;306;5;2.76;20.0;2.76;20.0;2.92;20.0;2.84;40.0;1
2348201110141;3711;8;8;450;5;2.67;20.0;2.67;20.0;2.6;20.0;2.64;40.0;0
2348201110142;3728;8;12;479;5;2.25;20.0;2.25;20.0;2.67;20.0;2.46;40.0;0
2348201110143;3737;8;12;477;5;3.55;20.0;3.55;20.0;3.49;20.0;3.51;40.0;1
2348201110144;3750;8;13;458;5;3.45;20.0;3.45;20.0;3.74;20.0;3.6;40.0;1
2348201110145;3754;8;8;184;3;3.06;20.0;3.06;20.0;3.35;20.0;3.21;40.0;1
2348201110146;3774;8;8;487;5;1.89;20.0;1.89;20.0;2.6;20.0;2.25;40.0;0
2348201110147;3781;8;13;88;5;3.75;20.0;3.75;20.0;3.91;20.0;3.83;40.0;1
2348201110148;3795;8;8;496;5;3.01;20.0;3.01;20.0;2.99;20.0;3.0;40.0;1
2348201110149;3806;8;8;146;5;3.06;20.0;3.06;20.0;3.36;20.0;3.21;40.0;1
2348201110150;3809;8;8;459;5;2.19;20.0;2.19;20.0;2.3;20.0;2.25;40.0;0
2348201110151;3880;8;8;268;5;3.05;20.0;3.05;20.0;2.86;20.0;2.96;40.0;1
2348201110152;3883;8;13;300;5;3.65;20.0;3.65;20.0;3.85;20.0;3.75;40.0;1
2348201110153;3906;8;8;5;5;2.84;20.0;2.84;20.0;3.35;20.0;3.09;40.0;1
2348201110154;3922;8;8;184;0;2.83;20.0;2.83;20.0;3.0;20.0;2.92;40.0;1
2348201110155;3945;8;4;184;1;3.3;20.0;3.3;20.0;3.31;20.0;3.3;40.0;1
2348201110156;3952;8;13;79;5;3.59;20.0;3.59;20.0;3.35;20.0;3.47;40.0;1
2348201110157;3977;8;14;184;3;3.27;20.0;3.27;20.0;3.49;20.0;3.38;40.0;1
2348201110158;4007;8;8;80;5;3.55;20.0;3.55;20.0;3.65;20.0;3.6;40.0;1
2348201110159;4051;8;15;62;5;2.3;20.0;2.3;20.0;2.53;20.0;2.42;40.0;0
2348201110160;4074;8;12;190;5;3.13;20.0;3.13;20.0;3.37;20.0;3.25;40.0;1
2348201110161;4084;8;13;288;5;3.69;20.0;3.69;20.0;3.8;20.0;3.74;40.0;1
2348201110162;4091;8;12;184;4;3.3;20.0;3.3;20.0;3.33;20.0;3.31;40.0;1
2348201110163;4149;8;13;484;5;3.69;20.0;3.69;20.0;3.69;20.0;3.69;40.0;1
2348201110164;4159;8;8;304;5;3.59;20.0;3.59;20.0;3.48;20.0;3.54;40.0;1
2348201110165;4170;8;13;342;5;3.42;20.0;3.42;20.0;3.54;20.0;3.48;40.0;1
2348201110166;4189;8;12;136;5;2.04;20.0;2.04;20.0;2.34;20.0;2.19;40.0;0
2348201110168;4195;8;8;299;5;3.85;20.0;3.85;20.0;3.7;20.0;3.78;40.0;1
2348201110169;4276;8;13;112;5;2.88;20.0;2.88;20.0;3.21;20.0;3.04;40.0;1
2348201110170;4304;8;8;170;5;3.64;20.0;3.64;20.0;3.66;20.0;3.65;40.0;1
2348201110171;3636;8;8;100;5;2.78;20.0;2.78;20.0;2.83;20.0;2.8;40.0;1
2348201110172;2116;8;12;220;5;2.02;20.0;2.02;20.0;2.81;20.0;2.42;40.0;0
2348201120173;2164;8;13;476;5;0.0;20.35910878112713;3.443432379287743;0.0;3.82;13.0;3.82;13.0;1
2348401110001;796;0;8;90;5;3.53;20.0;3.53;20.0;3.58;22.0;3.56;42.0;1
2348401110002;1627;0;15;425;5;3.55;20.0;3.55;20.0;3.41;22.0;3.48;42.0;1
2348401110003;2005;0;8;443;5;3.79;20.0;3.79;20.0;3.6;22.0;3.69;42.0;1
2348401110004;2620;0;14;46;5;3.55;20.0;3.55;20.0;3.65;22.0;3.6;42.0;1
2348401110005;2638;0;8;450;5;3.79;20.0;3.79;20.0;3.68;22.0;3.73;42.0;1
2348401110006;3449;0;15;447;5;3.13;20.0;3.13;20.0;2.78;22.0;2.95;42.0;1
2348401110007;3530;0;14;497;5;3.73;20.0;3.73;20.0;3.8;22.0;3.77;42.0;1
2348401110008;93;0;14;399;5;3.76;20.0;3.76;20.0;3.47;22.0;3.61;42.0;1
2348401110009;272;0;13;364;5;3.85;20.0;3.85;20.0;3.65;22.0;3.74;42.0;1
2348401110010;417;0;12;118;5;3.63;20.0;3.63;20.0;3.33;22.0;3.47;42.0;1
2348401110011;420;0;8;21;5;3.65;20.0;3.65;20.0;3.55;22.0;3.6;42.0;1
2348401110012;721;0;8;453;5;3.61;20.0;3.61;20.0;3.54;22.0;3.57;42.0;1
2348401110013;753;0;12;404;5;3.74;20.0;3.74;20.0;3.55;22.0;3.64;42.0;1
2348401110014;842;0;8;203;5;3.5;20.0;3.5;20.0;3.3;22.0;3.4;42.0;1
2348401110015;1354;0;8;45;5;3.8;20.0;3.8;20.0;3.76;22.0;3.78;42.0;1
2348401110016;1435;0;8;412;5;3.85;20.0;3.85;20.0;3.85;22.0;3.85;42.0;1
2348401110018;1652;0;8;184;0;3.85;20.0;3.85;20.0;3.85;22.0;3.85;42.0;1
2348401110019;1754;0;8;218;5;3.86;20.0;3.86;20.0;3.5;22.0;3.67;42.0;1
2348401110020;2522;0;15;498;5;3.73;20.0;3.73;20.0;3.39;22.0;3.55;42.0;1
2348401110021;2647;0;8;96;5;3.66;20.0;3.66;20.0;3.39;22.0;3.52;42.0;1
2348401110022;2771;0;15;341;5;3.74;20.0;3.74;20.0;3.71;22.0;3.72;42.0;1
2348401110023;2794;0;13;83;5;3.88;20.0;3.88;20.0;3.83;22.0;3.85;42.0;1
2348401110024;2891;0;8;137;5;3.46;20.0;3.46;20.0;3.21;22.0;3.33;42.0;1
2348401110025;3290;0;13;383;5;3.77;20.0;3.77;20.0;3.71;22.0;3.74;42.0;1
2348401110026;3298;0;15;358;5;3.72;20.0;3.72;20.0;3.53;22.0;3.62;42.0;1
2348401110027;3300;0;12;189;5;3.74;20.0;3.74;20.0;3.58;22.0;3.66;42.0;1
2348401110029;3578;0;12;68;5;3.71;20.0;3.71;20.0;3.6;22.0;3.65;42.0;1
2348401110030;3875;0;8;236;5;3.58;20.0;3.58;20.0;3.3;22.0;3.43;42.0;1
2348401110031;4194;0;12;492;5;3.48;20.0;3.48;20.0;3.15;22.0;3.31;42.0;1
2348401110032;1578;0;8;129;5;2.47;20.0;2.47;20.0;2.02;22.0;2.23;42.0;0
2348401110033;2071;0;15;304;5;2.1;20.0;2.1;20.0;0.14;22.0;1.07;42.0;0
2348901110001;104;4;8;184;0;0.0;20.35910878112713;3.443432379287743;0.0;4.0;22.0;4.0;22.0;1
2348901110002;165;4;8;184;1;0.0;20.35910878112713;3.443432379287743;0.0;3.59;22.0;3.59;22.0;1
2348901110003;199;4;8;184;0;0.0;20.35910878112713;3.443432379287743;0.0;4.0;22.0;4.0;22.0;1
2348901110004;255;4;8;184;0;0.0;20.35910878112713;3.443432379287743;0.0;4.0;22.0;4.0;22.0;1
2348901110005;269;4;8;184;1;0.0;20.35910878112713;3.443432379287743;0.0;3.93;22.0;3.93;22.0;1
2348901110006;321;4;8;184;1;0.0;20.35910878112713;3.443432379287743;0.0;4.0;22.0;4.0;22.0;1
2348901110007;501;4;8;184;0;0.0;20.35910878112713;3.443432379287743;0.0;4.0;22.0;4.0;22.0;1
2348901110008;4313;4;8;184;0;0.0;20.35910878112713;3.443432379287743;0.0;3.86;22.0;3.86;22.0;1
2348901110009;644;4;8;184;0;0.0;20.35910878112713;3.443432379287743;0.0;4.0;22.0;4.0;22.0;1
2348901110010;668;4;8;184;0;0.0;20.35910878112713;3.443432379287743;0.0;4.0;22.0;4.0;22.0;1
2348901110011;756;4;8;184;1;0.0;20.35910878112713;3.443432379287743;0.0;3.93;22.0;3.93;22.0;1
2348901110012;839;4;10;184;1;0.0;20.35910878112713;3.443432379287743;0.0;4.0;22.0;4.0;22.0;1
2348901110013;886;4;8;184;0;0.0;20.35910878112713;3.443432379287743;0.0;4.0;22.0;4.0;22.0;1
2348901110014;908;4;8;184;0;0.0;20.35910878112713;3.443432379287743;0.0;3.93;22.0;3.93;22.0;1
2348901110015;998;4;10;184;1;0.0;20.35910878112713;3.443432379287743;0.0;3.86;22.0;3.86;22.0;1
2348901110016;1031;4;8;184;0;0.0;20.35910878112713;3.443432379287743;0.0;4.0;22.0;4.0;22.0;1
2348901110017;1055;4;10;184;1;0.0;20.35910878112713;3.443432379287743;0.0;3.59;22.0;3.59;22.0;1
2348901110018;1056;4;8;184;1;0.0;20.35910878112713;3.443432379287743;0.0;4.0;22.0;4.0;22.0;1
2348901110019;1403;4;8;184;0;0.0;20.35910878112713;3.443432379287743;0.0;3.73;22.0;3.73;22.0;1
2348901110020;1491;4;8;184;1;0.0;20.35910878112713;3.443432379287743;0.0;3.55;22.0;3.55;22.0;1
2348901110021;1568;4;8;184;1;0.0;20.35910878112713;3.443432379287743;0.0;3.86;22.0;3.86;22.0;1
2348901110022;1628;4;8;184;1;0.0;20.35910878112713;3.443432379287743;0.0;4.0;22.0;4.0;22.0;1
2348901110023;1657;4;5;184;1;0.0;20.35910878112713;3.443432379287743;0.0;4.0;22.0;4.0;22.0;1
2348901110024;1948;4;8;184;0;0.0;20.35910878112713;3.443432379287743;0.0;4.0;22.0;4.0;22.0;1
2348901110025;1974;4;8;184;1;0.0;20.35910878112713;3.443432379287743;0.0;3.73;22.0;3.73;22.0;1
2348901110026;2148;4;8;184;0;0.0;20.35910878112713;3.443432379287743;0.0;3.7;22.0;3.7;22.0;1
2348901110027;2212;4;8;184;0;0.0;20.35910878112713;3.443432379287743;0.0;3.86;22.0;3.86;22.0;1
2348901110028;2457;4;13;184;3;0.0;20.35910878112713;3.443432379287743;0.0;3.86;22.0;3.86;22.0;1
2348901110029;2471;4;8;184;0;0.0;20.35910878112713;3.443432379287743;0.0;4.0;22.0;4.0;22.0;1
2348901110030;2497;4;13;84;5;0.0;20.35910878112713;3.443432379287743;0.0;4.0;22.0;4.0;22.0;1
2348901110031;3030;4;13;184;2;0.0;20.35910878112713;3.443432379287743;0.0;4.0;22.0;4.0;22.0;1
2348901110032;3128;4;8;184;0;0.0;20.35910878112713;3.443432379287743;0.0;4.0;22.0;4.0;22.0;1
2348901110033;3144;4;2;184;1;0.0;20.35910878112713;3.443432379287743;0.0;4.0;22.0;4.0;22.0;1
2348901110034;3681;4;8;184;0;0.0;20.35910878112713;3.443432379287743;0.0;4.0;22.0;4.0;22.0;1
2348901110035;3874;4;8;184;0;0.0;20.35910878112713;3.443432379287743;0.0;4.0;22.0;4.0;22.0;1
2348901110036;3911;4;8;184;0;0.0;20.35910878112713;3.443432379287743;0.0;4.0;22.0;4.0;22.0;1
2348901110037;4020;4;8;184;0;0.0;20.35910878112713;3.443432379287743;0.0;4.0;22.0;4.0;22.0;1
2348901110038;4163;4;8;184;0;0.0;20.35910878112713;3.443432379287743;0.0;4.0;22.0;4.0;22.0;1
2348901110039;4201;4;13;184;2;0.0;20.35910878112713;3.443432379287743;0.0;4.0;22.0;4.0;22.0;1
2348901110040;4256;4;8;184;0;0.0;20.35910878112713;3.443432379287743;0.0;4.0;22.0;4.0;22.0;1
2355201110001;949;9;8;485;5;3.67;19.0;3.67;19.0;3.54;20.0;3.6;39.0;1
2355201110002;3884;9;8;350;5;3.66;19.0;3.66;19.0;3.35;20.0;3.5;39.0;1
2355201110003;107;9;8;290;5;3.25;19.0;3.25;19.0;3.47;20.0;3.36;39.0;1
2355201110004;132;9;8;510;5;3.46;19.0;3.46;19.0;3.41;20.0;3.44;39.0;1
2355201110005;153;9;15;79;5;3.68;19.0;3.68;19.0;3.33;20.0;3.5;39.0;1
2355201110006;246;9;8;10;5;3.61;19.0;3.61;19.0;3.32;20.0;3.46;39.0;1
2355201110007;281;9;8;252;5;3.92;19.0;3.92;19.0;3.45;20.0;3.68;39.0;1
2355201110008;383;9;13;13;5;3.62;19.0;3.62;19.0;3.43;20.0;3.52;39.0;1
2355201110009;427;9;8;28;5;3.59;19.0;3.59;19.0;3.52;20.0;3.56;39.0;1
2355201110010;719;9;13;214;5;3.47;19.0;3.47;19.0;3.4;20.0;3.44;39.0;1
2355201110011;768;9;13;484;5;3.75;19.0;3.75;19.0;3.41;20.0;3.57;39.0;1
2355201110012;870;9;8;63;5;3.64;19.0;3.64;19.0;3.51;20.0;3.57;39.0;1
2355201110013;1014;9;12;188;5;3.51;19.0;3.51;19.0;3.5;20.0;3.51;39.0;1
2355201110014;1059;9;13;130;5;3.48;19.0;3.48;19.0;3.39;20.0;3.43;39.0;1
2355201110015;1270;9;8;506;5;3.18;19.0;3.18;19.0;3.36;20.0;3.27;39.0;1
2355201110016;1450;9;8;392;5;3.24;19.0;3.24;19.0;3.33;20.0;3.29;39.0;1
2355201110017;1587;9;8;503;5;3.04;19.0;3.04;19.0;2.54;20.0;2.78;39.0;1
2355201110018;1640;9;8;339;5;3.78;19.0;3.78;19.0;3.63;20.0;3.7;39.0;1
2355201110019;1696;9;13;327;5;3.55;19.0;3.55;19.0;3.39;20.0;3.47;39.0;1
2355201110020;1823;9;8;184;0;3.64;19.0;3.64;19.0;3.42;20.0;3.53;39.0;1
2355201110021;2103;9;8;353;5;3.52;19.0;3.52;19.0;3.33;20.0;3.42;39.0;1
2355201110022;2147;9;12;65;5;3.24;19.0;3.24;19.0;3.44;20.0;3.34;39.0;1
2355201110023;2162;9;8;347;5;3.48;19.0;3.48;19.0;3.3;20.0;3.38;39.0;1
2355201110024;2167;9;8;524;5;3.57;19.0;3.57;19.0;1.3;20.0;2.41;39.0;0
2355201110025;2183;9;13;284;5;3.59;19.0;3.59;19.0;3.55;20.0;3.57;39.0;1
2355201110026;2193;9;13;95;5;3.23;19.0;3.23;19.0;3.24;20.0;3.24;39.0;1
2355201110028;2359;9;8;131;5;3.48;19.0;3.48;19.0;3.4;20.0;3.44;39.0;1
2355201110029;2622;9;15;41;5;3.48;19.0;3.48;19.0;3.29;20.0;3.38;39.0;1
2355201110030;2720;9;8;394;5;3.57;19.0;3.57;19.0;3.6;20.0;3.58;39.0;1
2355201110031;2754;9;8;286;5;3.75;19.0;3.75;19.0;3.65;20.0;3.7;39.0;1
2355201110032;3042;9;8;61;5;3.59;19.0;3.59;19.0;3.44;20.0;3.51;39.0;1
2355201110033;3093;9;8;184;0;3.13;19.0;3.13;19.0;3.42;20.0;3.28;39.0;1
2355201110034;3489;9;8;472;5;3.65;19.0;3.65;19.0;3.65;20.0;3.65;39.0;1
2355201110035;3678;9;13;362;5;3.51;19.0;3.51;19.0;3.59;20.0;3.55;39.0;1
2355201110036;3734;9;15;526;5;3.78;19.0;3.78;19.0;3.52;20.0;3.65;39.0;1
2355201110037;3761;9;8;470;5;3.54;19.0;3.54;19.0;3.54;20.0;3.54;39.0;1
2355201110038;3901;9;8;7;5;3.62;19.0;3.62;19.0;3.58;20.0;3.6;39.0;1
2355201110039;3986;9;13;312;5;3.56;19.0;3.56;19.0;3.49;20.0;3.52;39.0;1
2355201110040;4270;9;8;89;5;3.57;19.0;3.57;19.0;3.49;20.0;3.53;39.0;1
2355201110041;1592;9;8;61;5;3.15;19.0;3.15;19.0;3.43;20.0;3.29;39.0;1
2355201110042;2180;9;15;529;5;3.06;19.0;3.06;19.0;3.23;20.0;3.15;39.0;1
2355201110043;2203;9;8;61;5;3.31;19.0;3.31;19.0;3.29;20.0;3.29;39.0;1
2355201110044;3736;9;8;184;4;3.54;19.0;3.54;19.0;3.49;20.0;3.51;39.0;1
2361206110001;1541;16;14;171;5;3.63;20.0;3.63;20.0;3.88;20.0;3.75;40.0;1
2361206110002;1952;16;10;184;1;3.8;20.0;3.8;20.0;4.0;20.0;3.9;40.0;1
2361206110004;3016;16;8;178;5;3.8;20.0;3.8;20.0;3.95;20.0;3.88;40.0;1
2361206110005;3687;16;13;173;5;3.76;20.0;3.76;20.0;3.95;20.0;3.86;40.0;1
2361206110006;3861;16;8;184;0;3.33;20.0;3.33;20.0;3.79;20.0;3.56;40.0;1
2361206110007;3958;16;8;184;4;3.77;20.0;3.77;20.0;3.92;20.0;3.85;40.0;1
2361206110008;3974;16;8;310;5;3.52;20.0;3.52;20.0;3.85;20.0;3.69;40.0;1
2361206110009;3930;16;14;522;5;3.63;20.0;3.63;20.0;3.91;20.0;3.77;40.0;1
2361206190010;479;16;8;184;0;0.0;20.35910878112713;3.443432379287743;0.0;3.82;10.0;3.82;10.0;1
2361206190011;3352;16;8;184;0;0.0;20.35910878112713;3.443432379287743;0.0;3.94;10.0;3.94;10.0;1
2373201110001;552;18;8;184;3;3.55;20.0;3.55;20.0;3.83;20.0;3.7;40.0;1
2373201110002;2626;18;13;116;5;3.7;20.0;3.7;20.0;3.88;20.0;3.79;40.0;1
2373201110003;52;18;13;103;5;3.55;20.0;3.55;20.0;3.8;20.0;3.67;40.0;1
2373201110004;53;18;8;179;5;3.69;20.0;3.69;20.0;3.91;20.0;3.8;40.0;1
2373201110006;133;18;12;59;5;3.53;20.0;3.53;20.0;3.73;20.0;3.63;40.0;1
2373201110007;158;18;13;475;5;3.46;20.0;3.46;20.0;3.71;20.0;3.59;40.0;1
2373201110008;196;18;14;463;5;3.6;20.0;3.6;20.0;3.76;20.0;3.68;40.0;1
2373201110009;244;18;8;329;5;3.54;20.0;3.54;20.0;3.69;20.0;3.61;40.0;1
2373201110010;358;18;8;356;5;3.36;20.0;3.36;20.0;3.76;20.0;3.56;40.0;1
2373201110012;472;18;12;223;5;3.32;20.0;3.32;20.0;3.73;20.0;3.52;40.0;1
2373201110013;509;18;15;230;5;3.35;20.0;3.35;20.0;3.76;20.0;3.55;40.0;1
2373201110015;519;18;8;111;5;3.57;20.0;3.57;20.0;3.85;20.0;3.71;40.0;1
2373201110016;540;18;13;258;5;3.39;20.0;3.39;20.0;3.74;20.0;3.56;40.0;1
2373201110018;577;18;14;103;5;3.49;20.0;3.49;20.0;3.73;20.0;3.61;40.0;1
2373201110019;617;18;13;238;5;3.74;20.0;3.74;20.0;3.92;20.0;3.83;40.0;1
2373201110020;618;18;12;533;5;3.67;20.0;3.67;20.0;3.85;20.0;3.76;40.0;1
2373201110021;633;18;8;486;5;3.33;20.0;3.33;20.0;3.65;20.0;3.49;40.0;1
2373201110022;698;18;8;180;5;3.45;20.0;3.45;20.0;3.63;20.0;3.54;40.0;1
2373201110023;732;18;8;38;5;3.64;20.0;3.64;20.0;3.8;20.0;3.72;40.0;1
2373201110024;749;18;12;538;5;3.3;20.0;3.3;20.0;3.79;20.0;3.55;40.0;1
2373201110025;797;18;8;144;5;3.56;20.0;3.56;20.0;3.83;20.0;3.7;40.0;1
2373201110026;814;18;8;502;5;2.16;20.0;2.16;20.0;0.0;0.0;2.16;20.0;0
2373201110027;868;18;15;52;5;3.5;20.0;3.5;20.0;3.8;20.0;3.65;40.0;1
2373201110028;978;18;8;184;0;3.42;20.0;3.42;20.0;3.85;20.0;3.64;40.0;1
2373201110029;1066;18;8;152;5;3.5;20.0;3.5;20.0;3.74;20.0;3.61;40.0;1
2373201110030;1083;18;13;60;5;3.57;20.0;3.57;20.0;3.82;20.0;3.7;40.0;1
2373201110031;1199;18;8;289;5;3.52;20.0;3.52;20.0;3.88;20.0;3.7;40.0;1
2373201110032;1324;18;8;394;5;3.47;20.0;3.47;20.0;3.71;20.0;3.59;40.0;1
2373201110033;1349;18;12;331;5;3.55;20.0;3.55;20.0;3.71;20.0;3.64;40.0;1
2373201110034;1421;18;8;402;5;3.55;20.0;3.55;20.0;3.8;20.0;3.67;40.0;1
2373201110035;1426;18;13;235;5;3.36;20.0;3.36;20.0;3.75;20.0;3.55;40.0;1
2373201110036;1436;18;8;58;5;3.45;20.0;3.45;20.0;3.92;20.0;3.69;40.0;1
2373201110037;1467;18;12;128;5;3.7;20.0;3.7;20.0;3.73;20.0;3.71;40.0;1
2373201110038;1561;18;13;388;5;3.69;20.0;3.69;20.0;3.77;20.0;3.73;40.0;1
2373201110040;1770;18;15;120;5;3.5;20.0;3.5;20.0;3.71;20.0;3.6;40.0;1
2373201110041;1772;18;12;68;5;3.39;20.0;3.39;20.0;3.7;20.0;3.55;40.0;1
2373201110042;1853;18;15;38;5;3.49;20.0;3.49;20.0;3.73;20.0;3.61;40.0;1
2373201110043;1879;18;14;34;5;3.45;20.0;3.45;20.0;3.7;20.0;3.58;40.0;1
2373201110044;1931;18;8;272;5;3.66;20.0;3.66;20.0;3.7;20.0;3.68;40.0;1
2373201110045;2015;18;13;25;5;3.52;20.0;3.52;20.0;3.73;20.0;3.63;40.0;1
2373201110046;2189;18;8;117;5;3.44;20.0;3.44;20.0;3.76;20.0;3.6;40.0;1
2373201110047;2222;18;8;432;5;3.41;20.0;3.41;20.0;3.17;20.0;3.29;40.0;1
2373201110048;2293;18;15;210;5;3.27;20.0;3.27;20.0;3.63;20.0;3.45;40.0;1
2373201110049;2322;18;12;184;3;3.42;20.0;3.42;20.0;3.8;20.0;3.61;40.0;1
2373201110050;2376;18;12;295;5;3.31;20.0;3.31;20.0;3.5;20.0;3.4;40.0;1
2373201110051;2379;18;8;291;5;3.25;20.0;3.25;20.0;3.4;20.0;3.33;40.0;1
2373201110052;2452;18;15;37;5;3.35;20.0;3.35;20.0;3.65;20.0;3.5;40.0;1
2373201110053;2510;18;8;414;5;3.46;20.0;3.46;20.0;3.77;20.0;3.62;40.0;1
2373201110054;2513;18;8;184;0;3.55;20.0;3.55;20.0;3.75;20.0;3.65;40.0;1
2373201110055;2524;18;13;90;5;3.48;20.0;3.48;20.0;3.83;20.0;3.66;40.0;1
2373201110056;2541;18;8;64;5;3.52;20.0;3.52;20.0;3.77;20.0;3.65;40.0;1
2373201110057;2586;18;13;244;5;3.61;20.0;3.61;20.0;3.77;20.0;3.7;40.0;1
2373201110058;2602;18;8;174;5;3.55;20.0;3.55;20.0;3.75;20.0;3.65;40.0;1
2373201110059;2611;18;8;471;5;3.72;20.0;3.72;20.0;3.88;20.0;3.8;40.0;1
2373201110060;2636;18;8;450;5;3.76;20.0;3.76;20.0;3.95;20.0;3.86;40.0;1
2373201110061;2642;18;12;95;5;3.52;20.0;3.52;20.0;3.69;20.0;3.6;40.0;1
2373201110062;2671;18;15;267;5;3.39;20.0;3.39;20.0;3.73;20.0;3.56;40.0;1
2373201110063;2683;18;12;321;5;3.42;20.0;3.42;20.0;3.76;20.0;3.59;40.0;1
2373201110064;2700;18;15;40;5;3.5;20.0;3.5;20.0;3.8;20.0;3.65;40.0;1
2373201110065;2813;18;13;343;5;3.7;20.0;3.7;20.0;3.83;20.0;3.77;40.0;1
2373201110066;2854;18;8;192;5;3.67;20.0;3.67;20.0;3.8;20.0;3.74;40.0;1
2373201110067;2893;18;8;350;5;3.5;20.0;3.5;20.0;3.77;20.0;3.64;40.0;1
2373201110068;2901;18;15;6;5;3.58;20.0;3.58;20.0;3.85;20.0;3.72;40.0;1
2373201110069;2953;18;8;520;5;3.67;20.0;3.67;20.0;3.88;20.0;3.77;40.0;1
2373201110070;3003;18;8;405;5;3.42;20.0;3.42;20.0;3.75;20.0;3.58;40.0;1
2373201110071;3049;18;13;141;5;3.61;20.0;3.61;20.0;3.83;20.0;3.73;40.0;1
2373201110072;3118;18;8;193;5;3.67;20.0;3.67;20.0;3.61;20.0;3.64;40.0;1
2373201110073;3149;18;8;419;5;3.48;20.0;3.48;20.0;3.69;20.0;3.58;40.0;1
2373201110074;3164;18;12;153;5;3.58;20.0;3.58;20.0;3.76;20.0;3.67;40.0;1
2373201110075;3174;18;13;81;5;3.48;20.0;3.48;20.0;0.55;20.0;2.01;40.0;0
2373201110076;3231;18;13;296;5;3.57;20.0;3.57;20.0;3.71;20.0;3.64;40.0;1
2373201110077;3279;18;8;184;1;3.42;20.0;3.42;20.0;3.56;20.0;3.49;40.0;1
2373201110078;3312;18;8;386;5;3.75;20.0;3.75;20.0;3.8;20.0;3.77;40.0;1
2373201110079;3324;18;8;507;5;3.69;20.0;3.69;20.0;3.79;20.0;3.74;40.0;1
2373201110080;3361;18;8;184;4;3.56;20.0;3.56;20.0;3.69;20.0;3.63;40.0;1
2373201110081;3418;18;8;450;5;3.6;20.0;3.6;20.0;3.65;20.0;3.62;40.0;1
2373201110082;3443;18;14;509;5;3.5;20.0;3.5;20.0;3.69;20.0;3.6;40.0;1
2373201110083;3458;18;8;24;5;3.64;20.0;3.64;20.0;3.77;20.0;3.71;40.0;1
2373201110084;3619;18;13;231;5;3.5;20.0;3.5;20.0;3.69;20.0;3.59;40.0;1
2373201110085;3808;18;13;75;5;3.42;20.0;3.42;20.0;3.57;20.0;3.5;40.0;1
2373201110086;3674;18;13;259;5;3.5;20.0;3.5;20.0;3.71;20.0;3.6;40.0;1
2373201110087;3923;18;8;245;5;3.52;20.0;3.52;20.0;3.8;20.0;3.67;40.0;1
2373201110088;3956;18;8;332;5;3.77;20.0;3.77;20.0;3.76;20.0;3.77;40.0;1
2373201110089;3998;18;8;184;3;3.67;20.0;3.67;20.0;3.7;20.0;3.69;40.0;1
2373201110090;4030;18;8;329;5;3.7;20.0;3.7;20.0;3.64;20.0;3.67;40.0;1
2373201110092;4041;18;13;467;5;3.45;20.0;3.45;20.0;3.71;20.0;3.58;40.0;1
2373201110093;4107;18;12;405;5;3.39;20.0;3.39;20.0;3.69;20.0;3.54;40.0;1
2373201110094;4198;18;8;348;5;3.5;20.0;3.5;20.0;3.67;20.0;3.58;40.0;1
2373201110095;4278;18;15;355;5;3.55;20.0;3.55;20.0;3.64;20.0;3.6;40.0;1
2373201110096;174;18;8;194;5;3.31;20.0;3.31;20.0;1.99;20.0;2.65;40.0;0
2373201110097;985;18;13;169;5;3.94;20.0;3.94;20.0;3.88;20.0;3.91;40.0;1
2373201110098;2077;18;8;396;5;3.94;20.0;3.94;20.0;3.95;20.0;3.95;40.0;1
2373201110099;2872;18;8;186;5;3.71;20.0;3.71;20.0;3.35;20.0;3.54;40.0;1
2373201110100;2982;18;8;281;5;3.51;20.0;3.51;20.0;0.0;0.0;3.51;20.0;1
2373201110101;3513;18;8;0;5;3.97;20.0;3.97;20.0;3.83;20.0;3.9;40.0;1
2373201110102;4207;18;8;521;5;3.82;20.0;3.82;20.0;3.92;20.0;3.87;40.0;1
2373201110103;2131;18;4;184;1;3.55;20.0;3.55;20.0;3.69;20.0;3.62;40.0;1
2373201110105;3673;18;15;237;5;3.35;20.0;3.35;20.0;0.0;0.0;3.35;20.0;1
2373201110106;3779;18;8;407;5;3.45;20.0;3.45;20.0;3.76;20.0;3.61;40.0;1
2373201110107;2372;18;8;389;5;2.56;20.0;2.56;20.0;3.0;20.0;2.78;40.0;1
2373201110108;3113;18;8;509;5;3.54;20.0;3.54;20.0;3.7;20.0;3.62;40.0;1
2373201110109;1665;18;8;347;5;3.73;20.0;3.73;20.0;3.83;20.0;3.78;40.0;1
2373201110110;2127;18;12;398;5;3.34;20.0;3.34;20.0;3.43;20.0;3.39;40.0;1
2373201110111;476;18;8;184;0;3.94;20.0;3.94;20.0;3.91;20.0;3.92;40.0;1
2373201110112;665;18;8;184;0;3.82;20.0;3.82;20.0;3.86;20.0;3.84;40.0;1
2373201110113;740;18;8;184;0;3.85;20.0;3.85;20.0;3.8;20.0;3.82;40.0;1
2373201110114;1821;18;8;184;0;3.45;20.0;3.45;20.0;2.84;20.0;3.15;40.0;1
2373201110115;2075;18;8;184;0;3.66;20.0;3.66;20.0;3.82;20.0;3.74;40.0;1
2373201110116;2117;18;8;184;0;3.77;20.0;3.77;20.0;3.88;20.0;3.83;40.0;1
2384202110001;500;15;8;250;5;3.64;19.0;3.64;19.0;3.85;20.0;3.75;39.0;1
2384202110002;3285;15;8;184;2;3.28;19.0;3.28;19.0;3.38;20.0;3.33;39.0;1
2384202110005;2086;15;8;413;5;3.84;19.0;3.84;19.0;3.79;20.0;3.82;39.0;1
2384202110006;2428;15;8;380;5;3.91;19.0;3.91;19.0;3.91;20.0;3.91;39.0;1
2384202110007;2598;15;8;240;5;3.41;19.0;3.41;19.0;3.41;20.0;3.41;39.0;1
2384202110008;2789;15;8;406;5;3.0;19.0;3.0;19.0;3.33;20.0;3.17;39.0;1
2384202110009;3030;15;13;184;2;3.14;19.0;3.14;19.0;3.23;20.0;3.18;39.0;1
2384202110010;3357;15;13;362;5;3.46;19.0;3.46;19.0;3.49;20.0;3.47;39.0;1
2386233110002;686;14;15;316;5;3.61;20.0;3.61;20.0;3.07;20.0;3.34;40.0;1
2386233110003;2624;14;13;217;5;3.61;20.0;3.61;20.0;3.55;20.0;3.58;40.0;1
2386233110004;3730;14;5;184;1;3.42;20.0;3.42;20.0;3.41;20.0;3.42;40.0;1
2386233110005;4094;14;8;519;5;3.88;20.0;3.88;20.0;3.3;20.0;3.59;40.0;1
2386233110006;467;14;15;20;5;3.42;20.0;3.42;20.0;3.52;20.0;3.47;40.0;1
2386233110009;2969;14;8;200;5;3.46;20.0;3.46;20.0;3.49;20.0;3.48;40.0;1
2386233110010;3156;14;8;162;5;3.82;20.0;3.82;20.0;3.64;20.0;3.73;40.0;1
2386233110011;3223;14;8;467;5;3.58;20.0;3.58;20.0;3.5;20.0;3.54;40.0;1
2386233110012;3692;14;8;121;5;3.52;20.0;3.52;20.0;3.58;20.0;3.55;40.0;1
2386233110013;300;14;8;302;5;3.73;20.0;3.73;20.0;3.55;20.0;3.64;40.0;1
2386233110014;330;14;12;327;5;3.79;20.0;3.79;20.0;3.64;20.0;3.71;40.0;1
2386233110015;1686;14;8;150;5;3.49;20.0;3.49;20.0;3.41;20.0;3.45;40.0;1
2386233110016;3997;14;15;184;5;3.82;20.0;3.82;20.0;3.64;20.0;3.73;40.0;1
2386233110017;3869;14;8;488;5;3.42;20.0;3.42;20.0;1.85;20.0;2.64;40.0;0
2386233110018;1865;14;12;133;5;3.43;20.0;3.43;20.0;3.52;20.0;3.48;40.0;1
2386233110019;1914;14;8;209;5;3.32;20.0;3.32;20.0;3.55;20.0;3.44;40.0;1
2386233110020;2472;14;8;184;3;3.42;20.0;3.42;20.0;3.08;20.0;3.25;40.0;1
2386233190021;360;14;8;184;0;0.0;20.35910878112713;3.443432379287743;0.0;3.7;7.0;3.7;7.0;1
2386233190022;1912;14;8;184;0;0.0;20.35910878112713;3.443432379287743;0.0;3.83;9.0;3.83;9.0;1
2386233190024;3388;14;8;184;0;0.0;20.35910878112713;3.443432379287743;0.0;3.79;7.0;3.79;7.0;1
2386233190025;188;14;8;184;0;0.0;20.35910878112713;3.443432379287743;0.0;3.77;9.0;3.77;9.0;1
2386233190026;2979;14;9;184;6;0.0;20.35910878112713;3.443432379287743;0.0;3.79;7.0;3.79;7.0;1
2386233190027;3412;14;8;184;0;0.0;20.35910878112713;3.443432379287743;0.0;3.7;7.0;3.7;7.0;1
2386233190028;3642;14;8;184;2;0.0;20.35910878112713;3.443432379287743;0.0;3.7;7.0;3.7;7.0;1
2388201110001;1186;12;8;143;5;3.63;20.0;3.63;20.0;3.7;19.0;3.66;39.0;1
2388201110002;1773;12;8;161;5;3.73;20.0;3.73;20.0;3.79;19.0;3.76;39.0;1
2388201110003;92;12;15;184;4;3.91;20.0;3.91;20.0;3.97;19.0;3.94;39.0;1
2388201110004;1563;12;8;235;5;3.58;20.0;3.58;20.0;3.58;19.0;3.58;39.0;1
2388201110005;1779;12;13;244;5;0.65;20.0;0.65;20.0;0.0;0.0;0.65;20.0;0
2388201110008;3125;12;8;85;5;3.88;20.0;3.88;20.0;3.73;19.0;3.81;39.0;1
2388201110009;3209;12;8;155;5;3.69;20.0;3.69;20.0;3.37;19.0;3.53;39.0;1
2388201110010;3284;12;8;158;5;3.69;20.0;3.69;20.0;3.62;19.0;3.65;39.0;1
2388201110011;3764;12;13;341;5;3.86;20.0;3.86;20.0;3.94;19.0;3.9;39.0;1
2388201110012;130;12;12;159;5;3.83;20.0;3.83;20.0;3.63;16.0;3.74;36.0;1
2388201110013;2714;12;8;8;5;1.0;20.0;1.0;20.0;0.0;0.0;1.0;20.0;0
2388203110001;2477;13;8;107;5;3.62;20.0;3.62;20.0;4.0;20.0;3.81;40.0;1
2388203110002;717;13;13;172;5;3.77;20.0;3.77;20.0;3.97;20.0;3.87;40.0;1
2388203110003;2397;13;14;184;4;3.27;20.0;3.27;20.0;1.87;20.0;2.57;40.0;0
2388203110004;2832;13;8;32;5;3.52;20.0;3.52;20.0;0.0;20.0;1.76;40.0;0
2388203110005;3615;13;13;275;5;3.83;20.0;3.83;20.0;4.0;20.0;3.92;40.0;1
2388203110006;3665;13;11;106;5;0.35;20.0;0.35;20.0;0.0;0.0;0.35;20.0;0
2388203110007;4092;13;8;205;5;3.92;20.0;3.92;20.0;4.0;20.0;3.96;40.0;1
2388203190008;1087;13;8;184;0;0.0;20.35910878112713;3.443432379287743;0.0;3.82;10.0;3.82;10.0;1
2388203190009;1626;13;8;184;0;0.0;20.35910878112713;3.443432379287743;0.0;3.82;10.0;3.82;10.0;1
